area,class,grid_name,year
10434.736679341482,3,SB-23-V-D,2016
2663.8746747110968,4,SB-23-V-D,2016
354.9250715156359,12,SB-23-V-D,2016
4574.111717469421,15,SB-23-V-D,2016
59.2427193125001,18,SB-23-V-D,2016
84.96980481250004,25,SB-23-V-D,2016
0.8901678359375,33,SB-23-V-D,2016
10040.776640984368,3,SB-23-X-A,2016
2036.1929250938397,4,SB-23-X-A,2016
261.4682504843756,12,SB-23-X-A,2016
5459.264752078165,15,SB-23-X-A,2016
0.7133599765625,18,SB-23-X-A,2016
127.01737746093768,25,SB-23-X-A,2016
43.510502624999965,33,SB-23-X-A,2016
7297.932864156268,3,SB-23-V-B,2016
3.385736171875,4,SB-23-V-B,2016
6.955940335937498,12,SB-23-V-B,2016
10919.719959641288,15,SB-23-V-B,2016
106.31883974999994,18,SB-23-V-B,2016
30.752107078124972,25,SB-23-V-B,2016
11.589289703125,33,SB-23-V-B,2016
6931.012409125823,3,SA-23-Y-D,2016
6.245720812499999,4,SA-23-Y-D,2016
317.6564356015644,12,SA-23-Y-D,2016
10675.05091454655,15,SA-23-Y-D,2016
3.3016658828125003,18,SA-23-Y-D,2016
63.530538375000056,25,SA-23-Y-D,2016
385.9702938046887,33,SA-23-Y-D,2016
9856.621940547571,3,SA-23-Z-C,2016
1998.3367766249462,4,SA-23-Z-C,2016
627.9837674218713,12,SA-23-Z-C,2016
3592.303620203082,15,SA-23-Z-C,2016
39.53991892968749,18,SA-23-Z-C,2016
66.39477166406262,25,SA-23-Z-C,2016
671.5759645234422,33,SA-23-Z-C,2016
3823.9682738984725,3,SA-23-Z-B,2016
2039.402097398331,4,SA-23-Z-B,2016
604.5260216093783,12,SA-23-Z-B,2016
42.86097496093758,15,SA-23-Z-B,2016
0.1785856484375,18,SA-23-Z-B,2016
1194.0726749453347,25,SA-23-Z-B,2016
425.5462702656202,33,SA-23-Z-B,2016
2060.5341927812274,3,SA-23-X-C,2016
26.988572937499935,4,SA-23-X-C,2016
0.178741328125,12,SA-23-X-C,2016
35.02532938281248,15,SA-23-X-C,2016
4.7357163671875,18,SA-23-X-C,2016
32.17148098437493,25,SA-23-X-C,2016
260.13122868749895,33,SA-23-X-C,2016
7203.058803030834,3,SA-23-Z-A,2016
665.4317367656301,4,SA-23-Z-A,2016
770.9150727968713,12,SA-23-Z-A,2016
1337.2591547265642,15,SA-23-Z-A,2016
19.558468406249993,18,SA-23-Z-A,2016
410.0230722656249,25,SA-23-Z-A,2016
2793.022232812591,33,SA-23-Z-A,2016
8846.468317820936,3,SA-23-Y-B,2016
9.826103421874999,4,SA-23-Y-B,2016
381.6624593203118,12,SA-23-Y-B,2016
8888.205130874367,15,SA-23-Y-B,2016
27.159837234375058,18,SA-23-Y-B,2016
41.53316273437502,25,SA-23-Y-B,2016
238.66991303124868,33,SA-23-Y-B,2016
9312.208301694793,3,SA-23-V-D,2016
49.5962198984375,4,SA-23-V-D,2016
103.40537517187491,12,SA-23-V-D,2016
4002.4846595310373,15,SA-23-V-D,2016
71.57207175781247,18,SA-23-V-D,2016
48.34953505468743,25,SA-23-V-D,2016
706.9211634843688,33,SA-23-V-D,2016
140.69299025781223,3,SA-23-V-B,2016
2.6815946640625006,12,SA-23-V-B,2016
15.64260062499997,15,SA-23-V-B,2016
3.486087976562499,25,SA-23-V-B,2016
28.692846570312557,33,SA-23-V-B,2016
965.2169173671836,3,NB-22-Y-D,2016
12.4833140703125,4,NB-22-Y-D,2016
588.0717957187477,12,NB-22-Y-D,2016
110.74578288281242,15,NB-22-Y-D,2016
287.7003198437494,33,NB-22-Y-D,2016
9677.990160056579,3,NA-22-V-B,2016
12.845160031249996,4,NA-22-V-B,2016
2135.8103713983764,12,NA-22-V-B,2016
244.73194040625066,15,NA-22-V-B,2016
0.26778403906250003,18,NA-22-V-B,2016
252.41245766406217,33,NA-22-V-B,2016
0.089277984375,3,NA-22-X-A,2016
0.624944796875,33,NA-22-X-A,2016
1197.4537442968367,3,NA-22-X-C,2016
6.521159554687499,4,NA-22-X-C,2016
1340.2199399296971,12,NA-22-X-C,2016
31.34929075781247,15,NA-22-X-C,2016
2.7691071562499987,18,NA-22-X-C,2016
4.019903460937498,25,NA-22-X-C,2016
350.4648411015608,33,NA-22-X-C,2016
3968.5957293124106,3,NA-22-Z-A,2016
26.720452882812502,4,NA-22-Z-A,2016
7423.1982675153395,12,NA-22-Z-A,2016
18.945694117187504,15,NA-22-Z-A,2016
29.761268007812475,18,NA-22-Z-A,2016
2.144815515625001,25,NA-22-Z-A,2016
982.8139516406214,33,NA-22-Z-A,2016
3615.938814648406,3,SA-23-V-A,2016
0.089390671875,4,SA-23-V-A,2016
199.96128295312468,12,SA-23-V-A,2016
1104.6465904765823,15,SA-23-V-A,2016
9.9218385234375,18,SA-23-V-A,2016
68.38365567187492,25,SA-23-V-A,2016
561.2787223046897,33,SA-23-V-A,2016
19.846240445312493,3,NA-22-Z-D,2016
0.8045773593750001,4,NA-22-Z-D,2016
81.61990389843763,12,NA-22-Z-D,2016
136.68834927343755,33,NA-22-Z-D,2016
1413.4292808281643,3,SA-22-X-B,2016
66.32863010156234,4,SA-22-X-B,2016
8757.166865640756,12,SA-22-X-B,2016
481.44011288281166,15,SA-22-X-B,2016
0.6256946953125,18,SA-22-X-B,2016
26.90612527343751,25,SA-22-X-B,2016
2604.9501247656867,33,SA-22-X-B,2016
5186.784091632898,3,NA-22-Z-C,2016
85.28178848437504,4,NA-22-Z-C,2016
4168.9145914534065,12,NA-22-Z-C,2016
255.30479720312434,15,NA-22-Z-C,2016
99.49588357031197,18,NA-22-Z-C,2016
1.0726962968750002,25,NA-22-Z-C,2016
4199.610427992205,33,NA-22-Z-C,2016
12885.410734952044,3,SA-22-X-A,2016
94.13362664062501,4,SA-22-X-A,2016
2082.119563820296,12,SA-22-X-A,2016
81.34471267187514,15,SA-22-X-A,2016
0.53638146875,18,SA-22-X-A,2016
2.0560466328124996,25,SA-22-X-A,2016
3258.647102187264,33,SA-22-X-A,2016
14373.043915337688,3,NA-22-Y-D,2016
18.772541757812533,4,NA-22-Y-D,2016
2505.8094902266103,12,NA-22-Y-D,2016
461.71476349219233,15,NA-22-Y-D,2016
64.63335338281249,18,NA-22-Y-D,2016
111.92246764062583,25,NA-22-Y-D,2016
191.29734809375003,33,NA-22-Y-D,2016
14473.963413324727,3,SA-22-V-B,2016
27.980706554687515,4,SA-22-V-B,2016
1325.3650232109167,12,SA-22-V-B,2016
471.3698529531307,15,SA-22-V-B,2016
9.83338446875,18,SA-22-V-B,2016
42.5526539374998,25,SA-22-V-B,2016
1911.7679601484208,33,SA-22-V-B,2016
17631.481537800602,3,SA-22-V-A,2016
43.98061566406248,12,SA-22-V-A,2016
170.81951687499986,15,SA-22-V-A,2016
2.2347116718749995,18,SA-22-V-A,2016
8.849423460937501,25,SA-22-V-A,2016
123.81008631249979,33,SA-22-V-A,2016
18395.48793722078,3,NA-22-Y-C,2016
0.0893958125,4,NA-22-Y-C,2016
3.8439823125,12,NA-22-Y-C,2016
1.3409052031249997,15,NA-22-Y-C,2016
0.625705953125,18,NA-22-Y-C,2016
71.42599964843741,33,NA-22-Y-C,2016
17776.344018313437,3,NA-22-Y-B,2016
0.1787550390625,4,NA-22-Y-B,2016
625.4810398671773,12,NA-22-Y-B,2016
35.4830065703125,15,NA-22-Y-B,2016
2.2345252578125,18,NA-22-Y-B,2016
0.983223796875,25,NA-22-Y-B,2016
25.47294178906249,33,NA-22-Y-B,2016
18431.857552305966,3,NA-22-Y-A,2016
7.775690164062498,12,NA-22-Y-A,2016
0.6256005390625,15,NA-22-Y-A,2016
0.1787419921875,18,NA-22-Y-A,2016
26.901823132812495,33,NA-22-Y-A,2016
17940.62151980611,3,NA-22-V-D,2016
215.84639497656184,12,NA-22-V-D,2016
43.04452887499995,15,NA-22-V-D,2016
1.0717050703125,18,NA-22-V-D,2016
5.984885171874998,25,NA-22-V-D,2016
20.806086703124993,33,NA-22-V-D,2016
5559.233455148277,3,NA-22-V-C,2016
0.357280625,12,NA-22-V-C,2016
0.0893424296875,15,NA-22-V-C,2016
11.878868914062496,33,NA-22-V-C,2016
18333.827911659526,3,NA-21-Z-B,2016
1.6979206875,4,NA-21-Z-B,2016
71.8480531953123,12,NA-21-Z-B,2016
3.6639946796875003,15,NA-21-Z-B,2016
22.342210070312518,33,NA-21-Z-B,2016
6778.606796578086,3,NA-21-X-D,2016
21.795780804687475,12,NA-21-X-D,2016
0.4466834609375,15,NA-21-X-D,2016
0.0893411171875,33,NA-21-X-D,2016
18374.66101464836,3,NA-21-Z-D,2016
1.7878374765625002,4,NA-21-Z-D,2016
27.443666898437495,12,NA-21-Z-D,2016
2.324190453125,15,NA-21-Z-D,2016
33.34298757812506,33,NA-21-Z-D,2016
18311.289555723648,3,SA-21-X-B,2016
1.6090315234375,4,SA-21-X-B,2016
106.54915982031288,12,SA-21-X-B,2016
16.000164945312488,15,SA-21-X-B,2016
2.860384671875001,33,SA-21-X-B,2016
18293.848303857045,3,SA-21-X-A,2016
1.3409584687500002,4,SA-21-X-A,2016
23.242914507812507,12,SA-21-X-A,2016
4.0227386796875,15,SA-21-X-A,2016
0.0893878046875,18,SA-21-X-A,2016
149.9120390546871,33,SA-21-X-A,2016
17821.417165652027,3,NA-21-Z-C,2016
28.60567182031249,4,NA-21-Z-C,2016
501.75115957812073,12,NA-21-Z-C,2016
3.3075309531250006,15,NA-21-Z-C,2016
116.03395717187453,33,NA-21-Z-C,2016
13189.195713203568,3,NA-21-Z-A,2016
15.638138921874999,4,NA-21-Z-A,2016
3935.332337070229,12,NA-21-Z-A,2016
6.612907976562498,15,NA-21-Z-A,2016
16.086995632812506,33,NA-21-Z-A,2016
2025.6877879687931,3,NA-21-X-C,2016
1.6080501015625,4,NA-21-X-C,2016
882.9225060234488,12,NA-21-X-C,2016
6.5212403671875006,15,NA-21-X-C,2016
0.35734684375,33,NA-21-X-C,2016
13256.005974329515,3,NA-21-Y-B,2016
0.3574682421875,12,NA-21-Y-B,2016
3.843069671875,15,NA-21-Y-B,2016
18.590723148437494,33,NA-21-Y-B,2016
19.834327499999983,3,NA-21-V-D,2016
18407.28808496521,3,NA-21-Y-D,2016
3.5758224843749993,12,NA-21-Y-D,2016
2.413539828125,15,NA-21-Y-D,2016
26.37164238281251,33,NA-21-Y-D,2016
18311.641493574654,3,SA-21-V-B,2016
0.6257380937499999,4,SA-21-V-B,2016
22.705339890624984,12,SA-21-V-B,2016
9.475376359375003,15,SA-21-V-B,2016
95.20114173437516,33,SA-21-V-B,2016
18323.71114543441,3,SA-21-V-A,2016
10.995028468749995,12,SA-21-V-A,2016
5.005844679687497,15,SA-21-V-A,2016
1.4302259375000002,18,SA-21-V-A,2016
11.44211078906249,25,SA-21-V-A,2016
120.22957085156231,33,SA-21-V-A,2016
17505.540553104045,3,NA-21-Y-C,2016
6.257168367187502,4,NA-21-Y-C,2016
7.4191710703125,12,NA-21-Y-C,2016
873.147986140595,15,NA-21-Y-C,2016
6.2570889062500035,25,NA-21-Y-C,2016
74.01317963281282,33,NA-21-Y-C,2016
9459.325892686302,3,NA-21-Y-A,2016
0.7147998984375,4,NA-21-Y-A,2016
111.86687099218696,12,NA-21-Y-A,2016
197.71083635156236,15,NA-21-Y-A,2016
4.916037421874999,33,NA-21-Y-A,2016
17772.84681117591,3,SA-20-X-B,2016
0.0893972109375,4,SA-20-X-B,2016
394.061337609377,12,SA-20-X-B,2016
44.78767543750002,15,SA-20-X-B,2016
50.50534834375005,25,SA-20-X-B,2016
145.35504832031285,33,SA-20-X-B,2016
14818.215532555565,3,NA-20-Z-D,2016
2.770951234375,4,NA-20-Z-D,2016
1883.0411218359236,12,NA-20-Z-D,2016
1278.7293113359804,15,NA-20-Z-D,2016
7.2403694375,25,NA-20-Z-D,2016
403.7915951796907,33,NA-20-Z-D,2016
13879.981773475427,3,NA-20-Z-B,2016
5.362028335937501,4,NA-20-Z-B,2016
3070.813905351436,12,NA-20-Z-B,2016
1218.8567285000113,15,NA-20-Z-B,2016
9.115228992187504,25,NA-20-Z-B,2016
245.31860794531204,33,NA-20-Z-B,2016
10125.876437766381,3,NA-20-X-D,2016
3.661962734375,4,NA-20-X-D,2016
4724.956858929458,12,NA-20-X-D,2016
3075.8212318514875,15,NA-20-X-D,2016
85.98746898437491,18,NA-20-X-D,2016
117.60069653125038,25,NA-20-X-D,2016
257.56037340624994,33,NA-20-X-D,2016
506.08717031249813,3,NA-21-V-C,2016
3.125785593749999,4,NA-21-V-C,2016
907.4684280077892,12,NA-21-V-C,2016
47.958142281249906,15,NA-21-V-C,2016
0.089327078125,18,NA-21-V-C,2016
11.340745679687503,33,NA-21-V-C,2016
28.81113512500005,3,NA-21-V-A,2016
11.420743218749998,4,NA-21-V-A,2016
2607.420573648354,12,NA-21-V-A,2016
36.409353718750026,15,NA-21-V-A,2016
9.190221632812504,18,NA-21-V-A,2016
6.156795296874998,25,NA-21-V-A,2016
38.45939723437502,33,NA-21-V-A,2016
1585.8208034218958,3,NA-20-X-B,2016
6.600653765625,4,NA-20-X-B,2016
16060.989476073148,12,NA-20-X-B,2016
332.0115726640657,15,NA-20-X-B,2016
128.6275015937501,18,NA-20-X-B,2016
283.71268624219186,33,NA-20-X-B,2016
2546.014195187524,3,NB-20-Z-D,2016
28.9754819765625,4,NB-20-Z-D,2016
10945.253751703573,12,NB-20-Z-D,2016
124.45629993749999,15,NB-20-Z-D,2016
1.8717395,18,NB-20-Z-D,2016
3.1195052656250004,25,NB-20-Z-D,2016
22.463440015624986,33,NB-20-Z-D,2016
220.68643900780924,3,NB-21-Y-C,2016
6.152314046875,4,NB-21-Y-C,2016
1542.2005438437923,12,NB-21-Y-C,2016
19.973980109375013,15,NB-21-Y-C,2016
0.4457683359375,18,NB-21-Y-C,2016
16.672367757812502,33,NB-21-Y-C,2016
1599.2665746797443,3,NB-20-Z-B,2016
0.44526733593749995,4,NB-20-Z-B,2016
88.6127864531251,12,NB-20-Z-B,2016
3.9183686640625,15,NB-20-Z-B,2016
1.602715953125,33,NB-20-Z-B,2016
25.11496946093752,3,NB-21-Y-A,2016
0.17812296875,33,NB-21-Y-A,2016
2421.1023316169512,3,NB-20-Z-C,2016
0.802567890625,12,NB-20-Z-C,2016
1.5159101718750003,15,NB-20-Z-C,2016
0.8026386249999999,33,NB-20-Z-C,2016
642.0860466015841,3,NB-20-Y-D,2016
2.0512248750000004,15,NB-20-Y-D,2016
593.2643178671843,3,NB-20-Y-C,2016
1.0702042812500001,15,NB-20-Y-C,2016
173.38811249218844,3,NA-20-V-A,2016
0.178387828125,15,NA-20-V-A,2016
369.50575373437186,3,NA-19-X-D,2016
2.9482744296875,12,NA-19-X-D,2016
3.216332367187501,33,NA-19-X-D,2016
9529.421657125265,3,NA-20-V-D,2016
0.17862819531250002,4,NA-20-V-D,2016
36.16517777343747,12,NA-20-V-D,2016
3.6613730156249997,15,NA-20-V-D,2016
2.6787734296875,33,NA-20-V-D,2016
14039.853525695231,3,NA-20-V-B,2016
4.462213679687501,12,NA-20-V-B,2016
7.2264870234375,15,NA-20-V-B,2016
0.17844482031249997,25,NA-20-V-B,2016
47.915396335937466,33,NA-20-V-B,2016
16461.57543247507,3,NA-20-X-A,2016
7.672587281250005,4,NA-20-X-A,2016
504.62608203906393,12,NA-20-X-A,2016
387.7515997812547,15,NA-20-X-A,2016
115.58021071875004,33,NA-20-X-A,2016
17550.80287392194,3,NA-20-X-C,2016
7.322122882812498,12,NA-20-X-C,2016
860.7617260390832,15,NA-20-X-C,2016
0.089310203125,18,NA-20-X-C,2016
37.41569238281249,33,NA-20-X-C,2016
15646.50555550588,3,NA-20-Y-B,2016
0.17875470312500003,4,NA-20-Y-B,2016
75.34583157812497,12,NA-20-Y-B,2016
14.835885953125,15,NA-20-Y-B,2016
33.248173343749954,33,NA-20-Y-B,2016
16895.737585345072,3,NA-20-Z-A,2016
1.5193654374999999,4,NA-20-Z-A,2016
1473.11462420306,12,NA-20-Z-A,2016
24.573235781250037,15,NA-20-Z-A,2016
70.87529414062507,33,NA-20-Z-A,2016
12741.64490319469,3,NA-20-Z-C,2016
0.7151541015625,4,NA-20-Z-C,2016
4744.69365071879,12,NA-20-Z-C,2016
1.698440796875,15,NA-20-Z-C,2016
907.7183480937454,33,NA-20-Z-C,2016
16256.518712902864,3,SA-20-X-A,2016
0.089392390625,4,SA-20-X-A,2016
1073.1691579999538,12,SA-20-X-A,2016
11.084175234375,15,SA-20-X-A,2016
1.9664696328125002,25,SA-20-X-A,2016
980.524461851565,33,SA-20-X-A,2016
15463.995432718275,3,SA-20-V-B,2016
0.268187953125,4,SA-20-V-B,2016
1483.2159075311852,12,SA-20-V-B,2016
1.9666690937500002,15,SA-20-V-B,2016
1460.4336095078095,33,SA-20-V-B,2016
15572.141304389612,3,NA-20-Y-D,2016
1.072723734375,4,NA-20-Y-D,2016
2726.8887071405175,12,NA-20-Y-D,2016
2.5922301171875,15,NA-20-Y-D,2016
155.81547903124957,33,NA-20-Y-D,2016
17226.21753690271,3,SA-20-V-A,2016
0.6257372109375001,4,SA-20-V-A,2016
324.4021214140649,12,SA-20-V-A,2016
23.689716718750024,15,SA-20-V-A,2016
2.2348807109375,25,SA-20-V-A,2016
794.7186523203077,33,SA-20-V-A,2016
17308.988159627144,3,NA-20-Y-C,2016
57.03302253906249,12,NA-20-Y-C,2016
4.469686007812499,15,NA-20-Y-C,2016
15.9120475390625,33,NA-20-Y-C,2016
2023.8346073908324,3,NA-20-Y-A,2016
6.167107414062496,12,NA-20-Y-A,2016
1.2513234765625,15,NA-20-Y-A,2016
0.6256410156250001,33,NA-20-Y-A,2016
5383.683853805599,3,NA-19-Z-B,2016
8.49003896875,12,NA-19-Z-B,2016
59.61288070312501,33,NA-19-Z-B,2016
16740.292351732816,3,NA-19-Z-D,2016
0.178791078125,4,NA-19-Z-D,2016
137.2176583437498,12,NA-19-Z-D,2016
289.09445859375,33,NA-19-Z-D,2016
17931.8836701778,3,SA-19-X-B,2016
0.089390875,4,SA-19-X-B,2016
81.07921566406242,12,SA-19-X-B,2016
5.9896192109375015,25,SA-19-X-B,2016
453.5038584687492,33,SA-19-X-B,2016
18323.438122191637,3,SA-19-X-A,2016
0.2681888984375,4,SA-19-X-A,2016
27.176009421875,12,SA-19-X-A,2016
88.76676915625076,33,SA-19-X-A,2016
17950.303788971778,3,NA-19-Z-C,2016
4.559059890624999,4,NA-19-Z-C,2016
197.9150046562484,12,NA-19-Z-C,2016
286.8712361406267,33,NA-19-Z-C,2016
15288.205471876665,3,NA-19-Z-A,2016
30.653086960937483,12,NA-19-Z-A,2016
97.76994134375016,33,NA-19-Z-A,2016
9223.50007250658,3,SA-19-V-B,2016
6.6152512421875,12,SA-19-V-B,2016
13.765898734375002,33,SA-19-V-B,2016
8802.201219460761,3,NA-19-Y-D,2016
13.498468570312497,12,NA-19-Y-D,2016
106.6453416640624,33,NA-19-Y-D,2016
7020.735163415259,3,NA-19-Y-B,2016
11.7962149140625,12,NA-19-Y-B,2016
51.83574527343759,33,NA-19-Y-B,2016
231.21482853906303,3,NA-19-X-C,2016
0.357376796875,12,NA-19-X-C,2016
0.1786878984375,33,NA-19-X-C,2016
198.58069596093554,3,SC-19-Y-D,2016
0.263390046875,15,SC-19-Y-D,2016
1.1412868281250002,33,SC-19-Y-D,2016
1404.2018645234414,3,SC-19-Y-A,2016
0.61585853125,12,SC-19-Y-A,2016
0.0878820859375,15,SC-19-Y-A,2016
1.4066473828125,33,SC-19-Y-A,2016
16416.968258078512,3,SC-19-Y-B,2016
21.549778414062494,12,SC-19-Y-B,2016
1054.1838553203195,15,SC-19-Y-B,2016
1.6684845312499994,25,SC-19-Y-B,2016
43.334966281250004,33,SC-19-Y-B,2016
18014.683348797713,3,SC-19-V-D,2016
17.643850742187503,12,SC-19-V-D,2016
128.56321757031256,15,SC-19-V-D,2016
65.14206185937492,33,SC-19-V-D,2016
9945.74368825331,3,SC-19-Z-A,2016
6.950113218750001,12,SC-19-Z-A,2016
5148.030723056242,15,SC-19-Z-A,2016
41.81632149999979,25,SC-19-Z-A,2016
31.572342687499997,33,SC-19-Z-A,2016
12463.727988539616,3,SC-19-X-C,2016
29.201435984375003,12,SC-19-X-C,2016
5537.8024623439005,15,SC-19-X-C,2016
82.12016441406264,25,SC-19-X-C,2016
81.16314059375,33,SC-19-X-C,2016
154.5884630624995,3,SC-19-Z-C,2016
0.2633822109375,12,SC-19-Z-C,2016
294.8567067656209,15,SC-19-Z-C,2016
8.779177429687499,25,SC-19-Z-C,2016
6.9357886015624945,33,SC-19-Z-C,2016
521.8761724531375,3,SC-19-Z-B,2016
0.968367953125,12,SC-19-Z-B,2016
1865.7834770703607,15,SC-19-Z-B,2016
8.978774648437492,25,SC-19-Z-B,2016
10.651318593749998,33,SC-19-Z-B,2016
11368.52106822015,3,SC-19-X-D,2016
0.0882621484375,4,SC-19-X-D,2016
6.352300140624999,12,SC-19-X-D,2016
5548.089223453419,15,SC-19-X-D,2016
6.2575833984374984,25,SC-19-X-D,2016
40.035378945312516,33,SC-19-X-D,2016
16180.797872648523,3,SC-19-X-B,2016
0.4420487421875,4,SC-19-X-B,2016
77.0200867343747,12,SC-19-X-B,2016
1915.2870345782183,15,SC-19-X-B,2016
5.302930820312501,25,SC-19-X-B,2016
97.0218551796874,33,SC-19-X-B,2016
17796.243560367482,3,SC-19-X-A,2016
16.258539390624996,12,SC-19-X-A,2016
356.2374671874989,15,SC-19-X-A,2016
74.32100174218786,33,SC-19-X-A,2016
17370.247627836623,3,SC-19-V-B,2016
12.1167887421875,12,SC-19-V-B,2016
838.0597827656181,15,SC-19-V-B,2016
11.414868578124997,25,SC-19-V-B,2016
44.032760781250005,33,SC-19-V-B,2016
18268.903991252446,3,SB-19-Z-C,2016
3.8126640859375005,12,SB-19-Z-C,2016
3.989428578125,15,SB-19-Z-C,2016
59.3249040859377,33,SB-19-Z-C,2016
18070.519811648708,3,SB-19-Y-D,2016
18.08251379687499,12,SB-19-Y-D,2016
175.6924165078138,15,SB-19-Y-D,2016
2.305287156250001,25,SB-19-Y-D,2016
102.40943189062489,33,SB-19-Y-D,2016
17975.55445631317,3,SB-19-Z-D,2016
0.797553296875,4,SB-19-Z-D,2016
67.34875935156253,12,SB-19-Z-D,2016
117.32549950781075,15,SB-19-Z-D,2016
2.481091234375,25,SB-19-Z-D,2016
205.50210129687378,33,SB-19-Z-D,2016
18052.89495505252,3,SB-19-Z-A,2016
0.08888765625,4,SB-19-Z-A,2016
42.21246698437501,12,SB-19-Z-A,2016
30.92205285937502,15,SB-19-Z-A,2016
198.8608006093737,33,SB-19-Z-A,2016
18304.032391758446,3,SB-19-Z-B,2016
0.7996078203125,12,SB-19-Z-B,2016
2.2195627265625006,15,SB-19-Z-B,2016
50.886196468749986,33,SB-19-Z-B,2016
18196.932364547833,3,SB-19-X-C,2016
23.57555756249998,12,SB-19-X-C,2016
5.4274991640625,15,SB-19-X-C,2016
131.78766781250033,33,SB-19-X-C,2016
18176.98342763117,3,SB-19-X-D,2016
37.39441487500004,12,SB-19-X-D,2016
12.377231843749978,15,SB-19-X-D,2016
163.9855023125007,33,SB-19-X-D,2016
18209.700649714534,3,SB-19-X-A,2016
1.0697171171875002,12,SB-19-X-A,2016
0.5348629921874999,15,SB-19-X-A,2016
173.71605624218765,33,SB-19-X-A,2016
18097.085519867207,3,SB-19-X-B,2016
0.267360265625,4,SB-19-X-B,2016
48.03439140625001,12,SB-19-X-B,2016
63.608828507812675,15,SB-19-X-B,2016
4.454140523437498,25,SB-19-X-B,2016
204.63763053906274,33,SB-19-X-B,2016
17915.844363814744,3,SB-19-Y-B,2016
0.0888091796875,4,SB-19-Y-B,2016
66.33987709375006,12,SB-19-Y-B,2016
149.8218804218755,15,SB-19-Y-B,2016
6.127922414062502,25,SB-19-Y-B,2016
219.7149058515628,33,SB-19-Y-B,2016
18327.632555316974,3,SB-19-V-D,2016
1.7800273515625,12,SB-19-V-D,2016
1.245619515625,15,SB-19-V-D,2016
60.082374476562485,33,SB-19-V-D,2016
15932.05856248473,3,SB-19-V-B,2016
96.29113951562422,12,SB-19-V-B,2016
81.93385678906229,15,SB-19-V-B,2016
18.990021359374992,25,SB-19-V-B,2016
511.4591561406226,33,SB-19-V-B,2016
18038.08256103363,3,SB-19-Y-C,2016
19.505551070312496,12,SB-19-Y-C,2016
220.44150925781315,15,SB-19-Y-C,2016
2.5734646015625002,25,SB-19-Y-C,2016
88.4063750390625,33,SB-19-Y-C,2016
18159.33385514058,3,SB-19-Y-A,2016
27.522138539062507,12,SB-19-Y-A,2016
76.88157550000041,15,SB-19-Y-A,2016
94.20018960156192,33,SB-19-Y-A,2016
18313.83574781202,3,SB-19-V-C,2016
2.4918807421874996,12,SB-19-V-C,2016
2.6684778828125,15,SB-19-V-C,2016
71.74447021874988,33,SB-19-V-C,2016
11190.215766727777,3,SB-19-V-A,2016
2.139757171875,12,SB-19-V-A,2016
2.7633113671875007,15,SB-19-V-A,2016
167.75170817968763,33,SB-19-V-A,2016
15945.103570989657,3,SB-18-Z-B,2016
2.665551703125,12,SB-18-Z-B,2016
5.238531156250001,15,SB-18-Z-B,2016
11.999192273437497,33,SB-18-Z-B,2016
11590.602917021813,3,SB-18-X-D,2016
6.764464804687501,12,SB-18-X-D,2016
2.1358559140625,15,SB-18-X-D,2016
62.83266944531256,33,SB-18-X-D,2016
1397.2638864531336,3,SB-18-X-B,2016
0.712581625,12,SB-18-X-B,2016
0.44546490625,15,SB-18-X-B,2016
36.0813188671875,33,SB-18-X-B,2016
16572.44135058689,3,SB-18-Z-D,2016
27.3919631328125,12,SB-18-Z-D,2016
1610.9478612421638,15,SB-18-Z-D,2016
41.30071733593755,25,SB-18-Z-D,2016
83.94909570312497,33,SB-18-Z-D,2016
15582.166852280756,3,SC-18-X-B,2016
25.73954498437501,12,SC-18-X-B,2016
425.00352085155856,15,SC-18-X-B,2016
3.890440515625001,25,SC-18-X-B,2016
45.28819014843743,33,SC-18-X-B,2016
17025.13229642971,3,SC-19-V-A,2016
29.0059656796875,12,SC-19-V-A,2016
1124.5356146094,15,SC-19-V-A,2016
7.169858007812494,25,SC-19-V-A,2016
90.02809397656252,33,SC-19-V-A,2016
15675.841175055253,3,SC-19-V-C,2016
0.176451859375,4,SC-19-V-C,2016
29.819275562499996,12,SC-19-V-C,2016
108.84427359375022,15,SC-19-V-C,2016
46.851746937499996,33,SC-19-V-C,2016
7080.635728626186,3,SC-18-X-D,2016
14.654095789062497,12,SC-18-X-D,2016
99.32646895312496,15,SC-18-X-D,2016
12.711072921875003,33,SC-18-X-D,2016
369.1305649765637,3,SC-18-X-A,2016
3696.958031882604,3,SB-18-Z-C,2016
0.7980170937499999,12,SB-18-Z-C,2016
10.99342116406249,15,SB-18-Z-C,2016
0.7981530078125001,33,SB-18-Z-C,2016
721.9838516250032,3,SB-18-Z-A,2016
0.5328116640625,12,SB-18-Z-A,2016
5477.135477843463,3,SA-19-V-D,2016
0.9830670078125001,12,SA-19-V-D,2016
162.37325577343756,33,SA-19-V-D,2016
7558.6021181010465,3,SA-19-Y-B,2016
4.55359925,12,SA-19-Y-B,2016
0.35713104687499997,15,SA-19-Y-B,2016
144.4733182968746,33,SA-19-Y-B,2016
9482.948520906284,3,SA-19-Y-D,2016
0.0892716875,4,SA-19-Y-D,2016
78.16052117187502,12,SA-19-Y-D,2016
19.719804625,15,SA-19-Y-D,2016
326.47136566406147,33,SA-19-Y-D,2016
18001.71260401866,3,SA-19-Z-A,2016
42.23277948437495,12,SA-19-Z-A,2016
18.0366794609375,15,SA-19-Z-A,2016
1.7857811640624996,25,SA-19-Z-A,2016
359.4885281250035,33,SA-19-Z-A,2016
17436.814336334606,3,SA-19-Z-C,2016
165.30615042187515,12,SA-19-Z-C,2016
95.05518217187519,15,SA-19-Z-C,2016
7.140447195312496,25,SA-19-Z-C,2016
702.5512613515702,33,SA-19-Z-C,2016
17910.965016487156,3,SA-19-Z-D,2016
0.0892191484375,4,SA-19-Z-D,2016
117.158594726562,12,SA-19-Z-D,2016
32.304416812499994,15,SA-19-Z-D,2016
1.5170404062499998,25,SA-19-Z-D,2016
365.5323383281244,33,SA-19-Z-D,2016
16688.594342507768,3,SA-19-Z-B,2016
0.17864521875,4,SA-19-Z-B,2016
307.1385992890627,12,SA-19-Z-B,2016
157.79286877343753,15,SA-19-Z-B,2016
7.144499804687497,25,SA-19-Z-B,2016
1236.1523948984245,33,SA-19-Z-B,2016
17676.271207553476,3,SA-19-X-D,2016
0.178745125,4,SA-19-X-D,2016
152.97984662500053,12,SA-19-X-D,2016
0.6254544140624999,25,SA-19-X-D,2016
633.2631290312495,33,SA-19-X-D,2016
17914.466202829593,3,SA-19-X-C,2016
8.31139003125,12,SA-19-X-C,2016
511.40680735936985,33,SA-19-X-C,2016
17784.035610126954,3,SA-20-V-C,2016
0.1787651953125,4,SA-20-V-C,2016
183.36025025781282,12,SA-20-V-C,2016
1.250927765625,25,SA-20-V-C,2016
457.4058455078133,33,SA-20-V-C,2016
16119.581862259567,3,SA-20-Y-A,2016
0.0893011796875,4,SA-20-Y-A,2016
385.93321468749605,12,SA-20-Y-A,2016
91.35409812500004,15,SA-20-Y-A,2016
1.607034890625,25,SA-20-Y-A,2016
1696.9754816406055,33,SA-20-Y-A,2016
18388.08283936733,3,SA-20-Y-B,2016
28.573690890625024,12,SA-20-Y-B,2016
0.26788111718749996,15,SA-20-Y-B,2016
36.61019821874999,33,SA-20-Y-B,2016
18137.357637178142,3,SA-20-V-D,2016
190.20373095312544,12,SA-20-V-D,2016
0.089359609375,15,SA-20-V-D,2016
137.54347447656235,33,SA-20-V-D,2016
15808.385901743803,3,SA-20-X-C,2016
240.3115058750014,12,SA-20-X-C,2016
14.925163109375005,15,SA-20-X-C,2016
2327.4769858515874,33,SA-20-X-C,2016
16879.13549903095,3,SA-20-X-D,2016
219.14684423437618,12,SA-20-X-D,2016
211.881237546875,15,SA-20-X-D,2016
43.06599170312494,18,SA-20-X-D,2016
0.7148623046875,25,SA-20-X-D,2016
1076.3084948906242,33,SA-20-X-D,2016
18314.582665150374,3,SA-20-Z-A,2016
37.05509474218746,12,SA-20-Z-A,2016
0.6251329140625,15,SA-20-Z-A,2016
102.0752851953124,33,SA-20-Z-A,2016
16310.30519712721,3,SA-20-Z-B,2016
11.521403328124999,12,SA-20-Z-B,2016
254.58580944531275,15,SA-20-Z-B,2016
3.9311177734375,18,SA-20-Z-B,2016
35.71585732812504,25,SA-20-Z-B,2016
1796.1218142187915,33,SA-20-Z-B,2016
15891.198898102277,3,SA-20-Y-D,2016
0.35700146875000005,4,SA-20-Y-D,2016
652.9940074062487,12,SA-20-Y-D,2016
30.9561400234375,15,SA-20-Y-D,2016
1771.3809507656524,33,SA-20-Y-D,2016
16096.830382597585,3,SA-20-Z-C,2016
285.76419389844193,12,SA-20-Z-C,2016
93.58404966406218,15,SA-20-Z-C,2016
6.1552573671875,25,SA-20-Z-C,2016
1900.3594016327536,33,SA-20-Z-C,2016
12559.012692265895,3,SA-20-Z-D,2016
0.2675993203125,4,SA-20-Z-D,2016
568.1049150156277,12,SA-20-Z-D,2016
1637.4986735859038,15,SA-20-Z-D,2016
151.5732059218751,25,SA-20-Z-D,2016
3396.794476820547,33,SA-20-Z-D,2016
16559.497883464406,3,SB-20-X-A,2016
0.089181171875,4,SB-20-X-A,2016
224.9648831640621,12,SB-20-X-A,2016
17.558859867187486,15,SB-20-X-A,2016
1583.6291205156058,33,SB-20-X-A,2016
17381.57608566453,3,SB-20-X-B,2016
2.2281871796874997,4,SB-20-X-B,2016
433.2346986015633,12,SB-20-X-B,2016
26.556372874999987,15,SB-20-X-B,2016
508.448860906257,33,SB-20-X-B,2016
16992.630799132538,3,SB-20-V-B,2016
69.89344477343747,12,SB-20-V-B,2016
42.444447124999954,15,SB-20-V-B,2016
9.006685992187508,25,SB-20-V-B,2016
1299.8326995781338,33,SB-20-V-B,2016
18320.488524495788,3,SB-20-V-A,2016
7.66644553125,12,SB-20-V-A,2016
6.2397428515625,15,SB-20-V-A,2016
50.62657318749997,33,SB-20-V-A,2016
17154.7132072339,3,SA-20-Y-C,2016
0.08924559375,4,SA-20-Y-C,2016
201.05447469531222,12,SA-20-Y-C,2016
184.82423563281168,15,SA-20-Y-C,2016
8.9250058125,25,SA-20-Y-C,2016
819.1472421406266,33,SA-20-Y-C,2016
18075.771899657553,3,SB-20-V-C,2016
129.13971758593678,12,SB-20-V-C,2016
3.290803734375,15,SB-20-V-C,2016
149.5206681093741,33,SB-20-V-C,2016
17305.24683193631,3,SB-20-V-D,2016
0.8899592421875001,4,SB-20-V-D,2016
384.6391739687503,12,SB-20-V-D,2016
17.881663718749998,15,SB-20-V-D,2016
2.0464985546874996,25,SB-20-V-D,2016
680.0364492421847,33,SB-20-V-D,2016
18075.425811014127,3,SB-20-Y-A,2016
38.74759182812503,12,SB-20-Y-A,2016
3.0217937890624995,15,SB-20-Y-A,2016
206.62997841406263,33,SB-20-Y-A,2016
17958.950511727402,3,SB-20-Y-B,2016
0.26625778125,4,SB-20-Y-B,2016
117.72193013281257,12,SB-20-Y-B,2016
65.52373696093751,15,SB-20-Y-B,2016
2.5762813906249993,25,SB-20-Y-B,2016
205.88254132031213,33,SB-20-Y-B,2016
17121.696326764937,3,SB-20-Y-D,2016
114.03805145312536,4,SB-20-Y-D,2016
741.8600277499911,12,SB-20-Y-D,2016
287.4258181171877,15,SB-20-Y-D,2016
0.08856409375,18,SB-20-Y-D,2016
9.131037210937503,25,SB-20-Y-D,2016
64.99362104687506,33,SB-20-Y-D,2016
17504.408832549136,3,SB-20-Y-C,2016
4.252258476562499,4,SB-20-Y-C,2016
354.2766102734405,12,SB-20-Y-C,2016
107.2079875234376,15,SB-20-Y-C,2016
6.386342500000004,25,SB-20-Y-C,2016
345.75406378124916,33,SB-20-Y-C,2016
17364.932822147166,3,SC-20-V-A,2016
4.952994914062499,4,SC-20-V-A,2016
794.6143736640511,12,SC-20-V-A,2016
21.049615796875,15,SC-20-V-A,2016
0.176880015625,18,SC-20-V-A,2016
57.24533567187494,33,SC-20-V-A,2016
11895.99379504668,3,SC-20-V-C,2016
6.701752140624994,4,SC-20-V-C,2016
126.49621786718694,12,SC-20-V-C,2016
3861.1155076955542,15,SC-20-V-C,2016
9.972307531250003,18,SC-20-V-C,2016
28.666553296875026,25,SC-20-V-C,2016
343.6458709765625,33,SC-20-V-C,2016
9808.746467556224,3,SC-20-V-D,2016
1.1469519843750002,4,SC-20-V-D,2016
95.98540055468749,12,SC-20-V-D,2016
7838.831828453409,15,SC-20-V-D,2016
83.71090480468752,18,SC-20-V-D,2016
85.49931295312479,25,SC-20-V-D,2016
312.19952260937634,33,SC-20-V-D,2016
14017.832648694348,3,SC-20-V-B,2016
6.638718999999999,4,SC-20-V-B,2016
509.75717114843746,12,SC-20-V-B,2016
2727.074237429698,15,SC-20-V-B,2016
4.596777820312498,18,SC-20-V-B,2016
118.783484039062,25,SC-20-V-B,2016
844.3151874218794,33,SC-20-V-B,2016
17236.654961779965,3,SB-20-Z-A,2016
3.8202839374999993,4,SB-20-Z-A,2016
315.6201408828131,12,SB-20-Z-A,2016
147.6680235624993,15,SB-20-Z-A,2016
607.8961943593696,33,SB-20-Z-A,2016
17046.48750021245,3,SB-20-Z-C,2016
6.559740984375,4,SB-20-Z-C,2016
333.1557852968748,12,SB-20-Z-C,2016
623.7807454843772,15,SB-20-Z-C,2016
2.92267721875,25,SB-20-Z-C,2016
347.59210981249913,33,SB-20-Z-C,2016
14800.511041025715,3,SC-20-X-A,2016
15.923916140625005,4,SC-20-X-A,2016
2821.811162007903,12,SC-20-X-A,2016
481.75508039843413,15,SC-20-X-A,2016
0.3537033046875,18,SC-20-X-A,2016
154.01242541406276,33,SC-20-X-A,2016
10303.36586651677,3,SC-20-X-C,2016
0.3527910390625,4,SC-20-X-C,2016
19.769002953125028,12,SC-20-X-C,2016
7717.396388094002,15,SC-20-X-C,2016
66.14308782031249,18,SC-20-X-C,2016
26.812234218749992,25,SC-20-X-C,2016
92.7223740703124,33,SC-20-X-C,2016
16482.18021995438,3,SC-20-X-D,2016
48.48127351562499,4,SC-20-X-D,2016
89.27255232031223,12,SC-20-X-D,2016
1517.6222273906294,15,SC-20-X-D,2016
0.6178925000000001,18,SC-20-X-D,2016
3.3540836718750002,25,SC-20-X-D,2016
51.33892393750003,33,SC-20-X-D,2016
16932.173846576996,3,SC-20-X-B,2016
25.279466523437485,4,SC-20-X-B,2016
950.6996158750035,12,SC-20-X-B,2016
238.75956946875013,15,SC-20-X-B,2016
0.35358115625000003,18,SC-20-X-B,2016
93.31968227343751,33,SC-20-X-B,2016
17215.484731609507,3,SB-20-Z-D,2016
3.1918464531249997,4,SB-20-Z-D,2016
138.29676794531264,12,SB-20-Z-D,2016
831.8201660781282,15,SB-20-Z-D,2016
146.52806059374979,33,SB-20-Z-D,2016
17641.1232552435,3,SB-20-Z-B,2016
5.950671312499999,4,SB-20-Z-B,2016
222.87404942968752,12,SB-20-Z-B,2016
282.2327235703129,15,SB-20-Z-B,2016
170.9332465000001,33,SB-20-Z-B,2016
17770.896526566263,3,SB-20-X-C,2016
0.177912828125,4,SB-20-X-C,2016
188.58569700781246,12,SB-20-X-C,2016
43.94065345312502,15,SB-20-X-C,2016
380.7362906406248,33,SB-20-X-C,2016
17011.7330838018,3,SB-20-X-D,2016
0.5339112500000001,4,SB-20-X-D,2016
369.288104914062,12,SB-20-X-D,2016
210.1018387265623,15,SB-20-X-D,2016
11.568669992187502,25,SB-20-X-D,2016
738.4809122421848,33,SB-20-X-D,2016
18013.909418564333,3,SB-21-V-C,2016
0.0890419765625,4,SB-21-V-C,2016
19.404336382812485,12,SB-21-V-C,2016
87.2517094453124,15,SB-21-V-C,2016
270.0860702890623,33,SB-21-V-C,2016
16881.10798856597,3,SB-21-V-A,2016
4.8132620625,4,SB-21-V-A,2016
236.29397316406232,12,SB-21-V-A,2016
253.16614593750103,15,SB-21-V-A,2016
5.170330875,25,SB-21-V-A,2016
1010.7053740156257,33,SB-21-V-A,2016
18090.4700536585,3,SB-21-V-B,2016
0.53466921875,4,SB-21-V-B,2016
59.19982418750006,12,SB-21-V-B,2016
9.539289906249998,15,SB-21-V-B,2016
2.0487974921875005,25,SB-21-V-B,2016
223.22865160156272,33,SB-21-V-B,2016
17868.64177556675,3,SB-21-V-D,2016
5.694893875000003,12,SB-21-V-D,2016
87.36167031250021,15,SB-21-V-D,2016
46.898788187499896,25,SB-21-V-D,2016
349.1259611484349,33,SB-21-V-D,2016
17713.96272549875,3,SB-21-Y-A,2016
4.084445335937499,4,SB-21-Y-A,2016
66.78253146875008,12,SB-21-Y-A,2016
527.7997884765613,15,SB-21-Y-A,2016
45.30826799999998,33,SB-21-Y-A,2016
17256.962929723268,3,SB-21-Y-B,2016
12.606997203124994,4,SB-21-Y-B,2016
303.88334078125047,12,SB-21-Y-B,2016
295.3993495234364,15,SB-21-Y-B,2016
25.956704234375014,25,SB-21-Y-B,2016
429.1933033749998,33,SB-21-Y-B,2016
17231.5573856344,3,SB-21-Y-C,2016
4.255151210937501,4,SB-21-Y-C,2016
41.04313589843749,12,SB-21-Y-C,2016
1069.8959765312125,15,SB-21-Y-C,2016
4.612999539062502,25,SB-21-Y-C,2016
17.55608504687499,33,SB-21-Y-C,2016
13601.831579609785,3,SC-21-V-C,2016
0.528759515625,4,SC-21-V-C,2016
20.81276572656251,12,SC-21-V-C,2016
4474.830035539367,15,SC-21-V-C,2016
1.3221416015625,18,SC-21-V-C,2016
15.695991789062468,25,SC-21-V-C,2016
111.71696700000007,33,SC-21-V-C,2016
18203.287369196067,3,SC-21-V-A,2016
0.7963249453125,4,SC-21-V-A,2016
9.639723171875,12,SC-21-V-A,2016
6.2779416953125,15,SC-21-V-A,2016
55.51666657812497,33,SC-21-V-A,2016
17565.2882416888,3,SC-21-V-B,2016
7.077457929687501,4,SC-21-V-B,2016
303.2057357734377,12,SC-21-V-B,2016
87.42347495312497,15,SC-21-V-B,2016
0.7070801093749999,18,SC-21-V-B,2016
278.9162587734389,33,SC-21-V-B,2016
12508.376196922589,3,SC-21-V-D,2016
2.467675515625,4,SC-21-V-D,2016
44.01425308593754,12,SC-21-V-D,2016
5433.588379047002,15,SC-21-V-D,2016
4.582193523437498,18,SC-21-V-D,2016
14.190703078125015,25,SC-21-V-D,2016
186.70748997656264,33,SC-21-V-D,2016
16940.57106511062,3,SB-21-Y-D,2016
18.356461351562494,4,SB-21-Y-D,2016
971.6712721249971,12,SB-21-Y-D,2016
77.9491315078124,15,SB-21-Y-D,2016
19.158174585937488,25,SB-21-Y-D,2016
302.20622980468727,33,SB-21-Y-D,2016
16709.481962629397,3,SB-21-Z-A,2016
0.44416472656250006,4,SB-21-Z-A,2016
18.037431960937482,12,SB-21-Z-A,2016
1421.9320244062537,15,SB-21-Z-A,2016
1.3329694140625001,18,SB-21-Z-A,2016
118.04567854687495,25,SB-21-Z-A,2016
88.66352709374982,33,SB-21-Z-A,2016
17163.014269774674,3,SB-21-Z-C,2016
4.7833517031250015,4,SB-21-Z-C,2016
44.649307460937614,12,SB-21-Z-C,2016
1056.6386959531242,15,SB-21-Z-C,2016
0.177142859375,18,SB-21-Z-C,2016
86.53106179687491,25,SB-21-Z-C,2016
13.215631453124999,33,SB-21-Z-C,2016
17163.783317228706,3,SC-21-X-A,2016
94.0215141328126,4,SC-21-X-A,2016
860.898273867205,12,SC-21-X-A,2016
149.12363828125035,15,SC-21-X-A,2016
2.2112217500000004,18,SC-21-X-A,2016
4.152930406249999,33,SC-21-X-A,2016
14965.881845218895,3,SC-21-X-B,2016
346.9648436015594,4,SC-21-X-B,2016
521.1825094218684,12,SC-21-X-B,2016
2348.1884768359027,15,SC-21-X-B,2016
45.18466898437507,18,SC-21-X-B,2016
6.193062406249996,25,SC-21-X-B,2016
8.934821585937499,33,SC-21-X-B,2016
15372.011403759208,3,SB-21-Z-D,2016
4.6947016328125,4,SB-21-Z-D,2016
26.7707013671875,12,SB-21-Z-D,2016
2861.2581794842667,15,SB-21-Z-D,2016
7.2673794921875,18,SB-21-Z-D,2016
11.092656257812493,25,SB-21-Z-D,2016
52.935966007812524,33,SB-21-Z-D,2016
16132.889429627905,3,SB-21-Z-B,2016
0.17765892968750002,4,SB-21-Z-B,2016
8.173925984375,12,SB-21-Z-B,2016
2104.6566471797137,15,SB-21-Z-B,2016
0.2665823671875,18,SB-21-Z-B,2016
78.81491907031243,33,SB-21-Z-B,2016
17681.230873082597,3,SB-21-X-C,2016
0.1779539375,4,SB-21-X-C,2016
11.03934884375,12,SB-21-X-C,2016
392.44005871874737,15,SB-21-X-C,2016
0.0889601171875,18,SB-21-X-C,2016
51.68689928125011,25,SB-21-X-C,2016
254.07648267968673,33,SB-21-X-C,2016
18222.89732017265,3,SB-21-X-D,2016
0.8902613828124999,4,SB-21-X-D,2016
6.140332890625,12,SB-21-X-D,2016
18.953371093750008,15,SB-21-X-D,2016
0.089021359375,18,SB-21-X-D,2016
108.75278218750013,33,SB-21-X-D,2016
14998.020805876422,3,SB-21-X-A,2016
57.40782285156253,12,SB-21-X-A,2016
2731.680224898356,15,SB-21-X-A,2016
1.0695563984374998,18,SB-21-X-A,2016
31.20231333593751,25,SB-21-X-A,2016
598.707147749997,33,SB-21-X-A,2016
16564.80818687829,3,SB-21-X-B,2016
0.5346475234375,4,SB-21-X-B,2016
12.654483539062502,12,SB-21-X-B,2016
1636.4656559530686,15,SB-21-X-B,2016
2.4965675546874992,18,SB-21-X-B,2016
6.420484765625004,25,SB-21-X-B,2016
161.64125985156306,33,SB-21-X-B,2016
17461.46945227313,3,SA-21-Z-C,2016
0.089277765625,4,SA-21-Z-C,2016
56.57803422656263,12,SA-21-Z-C,2016
684.8314760312524,15,SA-21-Z-C,2016
0.35691571875,18,SA-21-Z-C,2016
233.43502262500044,33,SA-21-Z-C,2016
14819.330368874153,3,SA-21-Z-D,2016
0.178477703125,4,SA-21-Z-D,2016
22.12928755468746,12,SA-21-Z-D,2016
2583.381585804653,15,SA-21-Z-D,2016
51.41587653125009,18,SA-21-Z-D,2016
2.586856171875,25,SA-21-Z-D,2016
922.3111118671819,33,SA-21-Z-D,2016
8103.725788133113,3,SA-21-Z-B,2016
1.6078961093750002,4,SA-21-Z-B,2016
746.0035066172068,12,SA-21-Z-B,2016
2116.418147781247,15,SA-21-Z-B,2016
477.39490732812453,18,SA-21-Z-B,2016
69.39950231249996,25,SA-21-Z-B,2016
6452.745798164222,33,SA-21-Z-B,2016
11196.961936008262,3,SA-21-Z-A,2016
0.4466910078125,4,SA-21-Z-A,2016
906.4796177656393,12,SA-21-Z-A,2016
1577.7057601171791,15,SA-21-Z-A,2016
20.725262734375004,18,SA-21-Z-A,2016
38.49591194531255,25,SA-21-Z-A,2016
4119.765605968587,33,SA-21-Z-A,2016
14568.55145476384,3,SA-21-Y-D,2016
0.1783918203125,4,SA-21-Y-D,2016
766.6640053984423,12,SA-21-Y-D,2016
692.4073759687526,15,SA-21-Y-D,2016
0.0892611328125,18,SA-21-Y-D,2016
22.3153500390625,25,SA-21-Y-D,2016
2261.781280820287,33,SA-21-Y-D,2016
12419.464203343232,3,SA-21-Y-B,2016
0.17864803906249999,4,SA-21-Y-B,2016
1291.732384578196,12,SA-21-Y-B,2016
957.1479946874995,15,SA-21-Y-B,2016
0.8037996406250001,18,SA-21-Y-B,2016
15.895241132812508,25,SA-21-Y-B,2016
3261.428743616587,33,SA-21-Y-B,2016
11086.485498397034,3,SA-21-Y-C,2016
2.8548276796875,4,SA-21-Y-C,2016
1084.0690725156085,12,SA-21-Y-C,2016
2275.775475179673,15,SA-21-Y-C,2016
144.07888628125025,25,SA-21-Y-C,2016
3515.048783734551,33,SA-21-Y-C,2016
17692.101420877472,3,SA-21-Y-A,2016
69.4818662343748,12,SA-21-Y-A,2016
399.80255745312377,15,SA-21-Y-A,2016
0.0893418515625,18,SA-21-Y-A,2016
16.33992736718749,25,SA-21-Y-A,2016
272.4153510781235,33,SA-21-Y-A,2016
18209.79444663474,3,SA-21-V-D,2016
0.268045625,4,SA-21-V-D,2016
31.27421858593749,12,SA-21-V-D,2016
40.214444156249996,15,SA-21-V-D,2016
152.63324521874978,33,SA-21-V-D,2016
16243.08878925987,3,SA-21-V-C,2016
103.75680715625026,12,SA-21-V-C,2016
29.665481429687503,15,SA-21-V-C,2016
3.5746608984375006,18,SA-21-V-C,2016
3.3954018828125,25,SA-21-V-C,2016
2082.6964530078094,33,SA-21-V-C,2016
13574.639205274892,3,SA-21-X-C,2016
1.5190192265625,4,SA-21-X-C,2016
679.1188364687464,12,SA-21-X-C,2016
1962.4153035859285,15,SA-21-X-C,2016
4.914408765625,18,SA-21-X-C,2016
85.96266259375024,25,SA-21-X-C,2016
2004.4636396484111,33,SA-21-X-C,2016
11457.138360843921,3,SA-21-X-D,2016
0.625665390625,4,SA-21-X-D,2016
1077.020031726558,12,SA-21-X-D,2016
4949.073484710575,15,SA-21-X-D,2016
8.309526671874995,18,SA-21-X-D,2016
17.065236062500016,25,SA-21-X-D,2016
688.6967339374786,33,SA-21-X-D,2016
11563.112334398149,3,SA-22-V-C,2016
3.9320754375,4,SA-22-V-C,2016
2256.729419796871,12,SA-22-V-C,2016
2091.5616004922463,15,SA-22-V-C,2016
13.31497887500001,18,SA-22-V-C,2016
6.1659370000000004,25,SA-22-V-C,2016
1848.9189875156032,33,SA-22-V-C,2016
17487.60070162612,3,SB-22-V-A,2016
35.208092421875,12,SB-22-V-A,2016
422.5891732265585,15,SB-22-V-A,2016
0.71319540625,18,SB-22-V-A,2016
471.9767084296881,33,SB-22-V-A,2016
13354.054208157178,3,SA-22-Y-C,2016
0.1784283828125,4,SA-22-Y-C,2016
62.44518603906223,12,SA-22-Y-C,2016
4824.819346843779,15,SA-22-Y-C,2016
7.137298976562502,18,SA-22-Y-C,2016
16.23943166406251,25,SA-22-Y-C,2016
175.09935408593725,33,SA-22-Y-C,2016
16185.341174219837,3,SA-22-Y-A,2016
405.5981277578132,12,SA-22-Y-A,2016
959.2934754765631,15,SA-22-Y-A,2016
6.3414521796875,18,SA-22-Y-A,2016
0.5360201015625,25,SA-22-Y-A,2016
852.8247537890745,33,SA-22-Y-A,2016
13982.245676157021,3,SA-22-V-D,2016
0.7149068671875,4,SA-22-V-D,2016
1168.4693264296768,12,SA-22-V-D,2016
580.9608003281213,15,SA-22-V-D,2016
1.2511579453125,18,SA-22-V-D,2016
4.6467872578125,25,SA-22-V-D,2016
2441.474596367219,33,SA-22-V-D,2016
15125.061870119032,3,SA-22-Y-B,2016
0.0892880546875,4,SA-22-Y-B,2016
88.32753009375,12,SA-22-Y-B,2016
1965.1608416250117,15,SA-22-Y-B,2016
0.446526390625,18,SA-22-Y-B,2016
2.9467687578124986,25,SA-22-Y-B,2016
1266.854185687489,33,SA-22-Y-B,2016
11400.580863038394,3,SA-22-Y-D,2016
220.17963140624934,12,SA-22-Y-D,2016
5899.812265508068,15,SA-22-Y-D,2016
0.9817141640624999,18,SA-22-Y-D,2016
35.16807119531248,25,SA-22-Y-D,2016
883.2507087734255,33,SA-22-Y-D,2016
18323.58098883195,3,SB-22-V-B,2016
0.7125709765625,4,SB-22-V-B,2016
5.70254846875,12,SB-22-V-B,2016
67.58995723437502,15,SB-22-V-B,2016
20.501805601562506,33,SB-22-V-B,2016
15780.026911173702,3,SA-22-Z-A,2016
2.9475888828125,4,SA-22-Z-A,2016
946.441269039079,12,SA-22-Z-A,2016
1126.779727062499,15,SA-22-Z-A,2016
1.60753328125,18,SA-22-Z-A,2016
14.558916539062492,25,SA-22-Z-A,2016
543.9280609531238,33,SA-22-Z-A,2016
11821.670029306097,3,SA-22-Z-C,2016
0.6244126953125,4,SA-22-Z-C,2016
54.532511617187666,12,SA-22-Z-C,2016
5663.237129788831,15,SA-22-Z-C,2016
3.4799479687500003,18,SA-22-Z-C,2016
34.077462812500016,25,SA-22-Z-C,2016
826.1222448671813,33,SA-22-Z-C,2016
16135.932892889618,3,SA-22-X-C,2016
3.8421313125000003,4,SA-22-X-C,2016
284.77389429687577,12,SA-22-X-C,2016
136.98606223437488,15,SA-22-X-C,2016
17.7816590390625,25,SA-22-X-C,2016
1834.942561835956,33,SA-22-X-C,2016
9173.209930858815,3,SA-22-X-D,2016
12.512328960937495,4,SA-22-X-D,2016
2559.3058873280393,12,SA-22-X-D,2016
2337.308064093771,15,SA-22-X-D,2016
126.08649468750068,18,SA-22-X-D,2016
420.4919672734378,25,SA-22-X-D,2016
3802.6801792029046,33,SA-22-X-D,2016
7335.264384539005,3,SA-23-V-C,2016
0.0893648515625,4,SA-23-V-C,2016
70.7859652656251,12,SA-23-V-C,2016
10741.529540335281,15,SA-23-V-C,2016
17.51551503125,18,SA-23-V-C,2016
140.76228650781275,25,SA-23-V-C,2016
127.7905151171876,33,SA-23-V-C,2016
9241.65865469474,3,SA-23-Y-A,2016
0.0893152578125,4,SA-23-Y-A,2016
39.203924671874994,12,SA-23-Y-A,2016
8483.809108937467,15,SA-23-Y-A,2016
525.8704618281265,18,SA-23-Y-A,2016
45.27815075781248,25,SA-23-Y-A,2016
86.54279806250001,33,SA-23-Y-A,2016
11405.100872180068,3,SA-23-Y-C,2016
0.2676344140625,4,SA-23-Y-C,2016
11.959219718750004,12,SA-23-Y-C,2016
6084.7986843359495,15,SA-23-Y-C,2016
813.8817074375145,18,SA-23-Y-C,2016
63.63766595312522,25,SA-23-Y-C,2016
23.74151878125,33,SA-23-Y-C,2016
12838.653941062395,3,SA-22-Z-D,2016
2.4986327499999996,4,SA-22-Z-D,2016
22.578812125,12,SA-22-Z-D,2016
5431.577061812658,15,SA-22-Z-D,2016
77.19827898437532,18,SA-22-Z-D,2016
4.995307148437502,25,SA-22-Z-D,2016
57.8297536796875,33,SA-22-Z-D,2016
11397.730721025786,3,SA-22-Z-B,2016
5.626956140624998,4,SA-22-Z-B,2016
555.3392111093717,12,SA-22-Z-B,2016
4869.276175374555,15,SA-22-Z-B,2016
999.2821675703269,18,SA-22-Z-B,2016
38.04411885937501,25,SA-22-Z-B,2016
504.0067404218697,33,SA-22-Z-B,2016
9515.061413679858,3,SB-22-X-A,2016
0.8019842890625,4,SB-22-X-A,2016
15.954707882812501,12,SB-22-X-A,2016
7387.479171914173,15,SB-22-X-A,2016
0.178222484375,18,SB-22-X-A,2016
8.202599515625007,25,SB-22-X-A,2016
1456.5409219453072,33,SB-22-X-A,2016
7967.937000093731,3,SB-22-X-B,2016
0.6236137109375,4,SB-22-X-B,2016
36.80149871093749,12,SB-22-X-B,2016
9339.890745070088,15,SB-22-X-B,2016
164.4189438828123,18,SB-22-X-B,2016
26.554193875000024,25,SB-22-X-B,2016
871.081774835945,33,SB-22-X-B,2016
9502.865004133142,3,SB-22-X-C,2016
8.1835737421875,4,SB-22-X-C,2016
10.053431445312498,12,SB-22-X-C,2016
8754.159005117748,15,SB-22-X-C,2016
5.247768109375002,18,SB-22-X-C,2016
42.43023397656253,25,SB-22-X-C,2016
34.606179578124994,33,SB-22-X-C,2016
4608.60785376612,3,SB-22-X-D,2016
466.4833634921821,4,SB-22-X-D,2016
130.85892252343763,12,SB-22-X-D,2016
12451.142515005098,15,SB-22-X-D,2016
4.004740070312501,18,SB-22-X-D,2016
98.54058573437474,25,SB-22-X-D,2016
592.5575902265689,33,SB-22-X-D,2016
6178.517372852324,3,SB-23-V-C,2016
2802.2316101484803,4,SB-23-V-C,2016
76.7106303125,12,SB-23-V-C,2016
8938.68300285246,15,SB-23-V-C,2016
9.0819528828125,18,SB-23-V-C,2016
193.03017071874945,25,SB-23-V-C,2016
114.52497332031257,33,SB-23-V-C,2016
6724.804100820213,3,SB-23-V-A,2016
1.247341359375,4,SB-23-V-A,2016
4.4568826015625,12,SB-23-V-A,2016
10189.515726234255,15,SB-23-V-A,2016
988.6716538750095,18,SB-23-V-A,2016
42.059362726562526,25,SB-23-V-A,2016
14.8842155625,33,SB-23-V-A,2016
2980.995553007827,3,SB-23-Y-A,2016
10488.966013086585,4,SB-23-Y-A,2016
1442.8314645312344,12,SB-23-Y-A,2016
2852.903881062473,15,SB-23-Y-A,2016
60.2925483437498,18,SB-23-Y-A,2016
56.32520617187479,25,SB-23-Y-A,2016
186.6099207265627,33,SB-23-Y-A,2016
2912.1487912578136,3,SB-22-Z-D,2016
2903.9912457966475,4,SB-22-Z-D,2016
834.8534649609194,12,SB-22-Z-D,2016
11277.69876575009,15,SB-22-Z-D,2016
62.82475530468762,18,SB-22-Z-D,2016
91.52350396093738,25,SB-22-Z-D,2016
234.21581895312522,33,SB-22-Z-D,2016
2389.3725993124913,3,SC-22-X-B,2016
5546.133028891343,4,SC-22-X-B,2016
1086.6602106171902,12,SC-22-X-B,2016
8068.071369850637,15,SC-22-X-B,2016
614.146323749993,18,SC-22-X-B,2016
85.88056042187499,25,SC-22-X-B,2016
229.64004301562588,33,SC-22-X-B,2016
3409.4419591249202,3,SB-22-Z-B,2016
633.8618712421807,4,SB-22-Z-B,2016
191.92412307031174,12,SB-22-Z-B,2016
13722.437374344867,15,SB-22-Z-B,2016
41.210945421875024,18,SB-22-Z-B,2016
21.415188398437476,25,SB-22-Z-B,2016
278.18913657031334,33,SB-22-Z-B,2016
8686.245093172698,3,SB-22-Z-A,2016
253.27189172656244,4,SB-22-Z-A,2016
82.99621678906249,12,SB-22-Z-A,2016
9078.84441398412,15,SB-22-Z-A,2016
15.190869281249999,18,SB-22-Z-A,2016
197.14510790625036,25,SB-22-Z-A,2016
9.330908109375002,33,SB-22-Z-A,2016
4638.427966679418,3,SB-22-Z-C,2016
1124.0115291953032,4,SB-22-Z-C,2016
491.74477596875056,12,SB-22-Z-C,2016
11954.312757139869,15,SB-22-Z-C,2016
13.8257008203125,18,SB-22-Z-C,2016
69.75466664062508,25,SB-22-Z-C,2016
7.8001651640625,33,SB-22-Z-C,2016
3627.250604507777,3,SC-22-X-A,2016
2663.622285179634,4,SC-22-X-A,2016
578.1105514296885,12,SC-22-X-A,2016
10806.848922827528,15,SC-22-X-A,2016
127.44529477343758,18,SC-22-X-A,2016
41.15547399218743,25,SC-22-X-A,2016
116.73546818750097,33,SC-22-X-A,2016
16546.448081009927,3,SB-22-Y-D,2016
741.3726454296802,4,SB-22-Y-D,2016
562.686815835935,12,SB-22-Y-D,2016
435.93570341405587,15,SB-22-Y-D,2016
0.7973906171875,18,SB-22-Y-D,2016
2.6610138671875005,25,SB-22-Y-D,2016
69.4489902890625,33,SB-22-Y-D,2016
12863.080726493663,3,SC-22-V-B,2016
732.4568304140653,4,SC-22-V-B,2016
1080.516324203114,12,SC-22-V-B,2016
3401.817059929837,15,SC-22-V-B,2016
56.20470877343733,18,SC-22-V-B,2016
5.223999703125,25,SC-22-V-B,2016
128.1697788750003,33,SC-22-V-B,2016
18009.26953511929,3,SC-22-V-A,2016
85.58269392187495,4,SC-22-V-A,2016
15.748151601562498,12,SC-22-V-A,2016
3.625075796875001,15,SC-22-V-A,2016
0.53081153125,18,SC-22-V-A,2016
160.76176495312524,33,SC-22-V-A,2016
17884.37197161027,3,SB-22-Y-C,2016
16.3973784140625,4,SB-22-Y-C,2016
62.23843339843754,12,SB-22-Y-C,2016
194.31441587500038,15,SB-22-Y-C,2016
0.354243359375,18,SB-22-Y-C,2016
210.97841686718763,33,SB-22-Y-C,2016
6858.0669850318545,3,SB-22-Y-B,2016
167.65069857812435,4,SB-22-Y-B,2016
47.509833953125046,12,SB-22-Y-B,2016
10904.489331264773,15,SB-22-Y-B,2016
98.32214166406237,25,SB-22-Y-B,2016
281.54361163281317,33,SB-22-Y-B,2016
15296.265837337747,3,SB-22-Y-A,2016
34.653472585937536,4,SB-22-Y-A,2016
124.3487077734376,12,SB-22-Y-A,2016
2839.1301553593958,15,SB-22-Y-A,2016
63.53958571875,33,SB-22-Y-A,2016
15615.05396130033,3,SB-22-V-D,2016
151.6168447968757,4,SB-22-V-D,2016
4.0039181640625,12,SB-22-V-D,2016
2606.80790985946,15,SB-22-V-D,2016
6.137076296875,25,SB-22-V-D,2016
7.120866242187498,33,SB-22-V-D,2016
17530.315216785857,3,SB-22-V-C,2016
5.5155559453125,4,SB-22-V-C,2016
116.16053382812488,12,SB-22-V-C,2016
479.67382760936994,15,SB-22-V-C,2016
259.07544249218785,33,SB-22-V-C,2016
12124.547874703603,3,SC-21-X-D,2016
529.5806496484239,4,SC-21-X-D,2016
831.268088117183,12,SC-21-X-D,2016
4415.2201521409,15,SC-21-X-D,2016
242.72527372656282,18,SC-21-X-D,2016
22.99074340625001,25,SC-21-X-D,2016
26.09571800781249,33,SC-21-X-D,2016
17198.168027422802,3,SC-22-V-C,2016
296.40026403906165,4,SC-22-V-C,2016
140.1919294999998,12,SC-22-V-C,2016
455.90492798437157,15,SC-22-V-C,2016
31.713796343749955,18,SC-22-V-C,2016
81.27574821093748,33,SC-22-V-C,2016
13773.247542250625,3,SC-22-Y-A,2016
157.34759174218743,4,SC-22-Y-A,2016
34.73921028906248,12,SC-22-Y-A,2016
3753.33032072666,15,SC-22-Y-A,2016
265.3553069609388,18,SC-22-Y-A,2016
1.4056683437500002,25,SC-22-Y-A,2016
166.454865953125,33,SC-22-Y-A,2016
7523.2418001025635,3,SC-21-Z-B,2016
12.051452265625,4,SC-21-Z-B,2016
42.64495279687502,12,SC-21-Z-B,2016
9391.506304416469,15,SC-21-Z-B,2016
987.3408161249916,18,SC-21-Z-B,2016
140.88912808593787,25,SC-21-Z-B,2016
39.42380349218747,33,SC-21-Z-B,2016
15365.053448584897,3,SC-22-Y-C,2016
174.12945922656237,4,SC-22-Y-C,2016
101.90249875781268,12,SC-22-Y-C,2016
764.8659733828056,15,SC-22-Y-C,2016
1138.8126415312672,18,SC-22-Y-C,2016
373.11634598437433,33,SC-22-Y-C,2016
11958.173525358543,3,SC-21-Z-D,2016
0.6145561328125,4,SC-21-Z-D,2016
85.77094536718722,12,SC-21-Z-D,2016
2360.7862429062957,15,SC-21-Z-D,2016
3592.395231062543,18,SC-21-Z-D,2016
40.7345182265625,25,SC-21-Z-D,2016
41.238757039062484,33,SC-21-Z-D,2016
11200.81664956156,3,SD-21-X-B,2016
44.791316992187525,4,SD-21-X-B,2016
28.322268382812457,12,SD-21-X-B,2016
1967.3673080624571,15,SD-21-X-B,2016
4708.80974847665,18,SD-21-X-B,2016
9.436790031250009,25,SD-21-X-B,2016
53.805256132812545,33,SD-21-X-B,2016
6428.102803000123,3,SD-21-X-D,2016
3580.015442124986,4,SD-21-X-D,2016
87.42440457812478,12,SD-21-X-D,2016
1863.098290367221,15,SD-21-X-D,2016
5658.811514343814,18,SD-21-X-D,2016
25.834828031250012,25,SD-21-X-D,2016
20.875640640625015,33,SD-21-X-D,2016
14605.88981204635,3,SD-22-V-A,2016
1022.8053275390691,4,SD-22-V-A,2016
177.0355028359382,12,SD-22-V-A,2016
433.3191488906249,15,SD-22-V-A,2016
1097.809467125005,18,SD-22-V-A,2016
348.44442303124924,33,SD-22-V-A,2016
4414.880841015422,3,SD-22-V-C,2016
4529.703104117179,4,SD-22-V-C,2016
346.8895206953114,12,SD-22-V-C,2016
4713.564987796934,15,SD-22-V-C,2016
3514.375733679548,18,SD-22-V-C,2016
3.305817625,25,SD-22-V-C,2016
69.26811057031249,33,SD-22-V-C,2016
6099.468881064452,3,SC-22-Y-B,2016
1111.5962797578472,4,SC-22-Y-B,2016
214.5358061953134,12,SC-22-Y-B,2016
8265.885404111339,15,SC-22-Y-B,2016
1223.756554492242,18,SC-22-Y-B,2016
23.654216929687493,25,SC-22-Y-B,2016
31.134451296874975,33,SC-22-Y-B,2016
6005.258999913832,3,SC-22-Y-D,2016
2503.08684093738,4,SC-22-Y-D,2016
301.06967657031043,12,SC-22-Y-D,2016
4687.5837362812645,15,SC-22-Y-D,2016
2172.4174342186866,18,SC-22-Y-D,2016
5.5225212109375015,25,SC-22-Y-D,2016
40.82359595312485,33,SC-22-Y-D,2016
5252.436525124947,3,SD-22-V-B,2016
2453.7763743748606,4,SD-22-V-B,2016
430.5343368359365,12,SD-22-V-B,2016
3878.5044260858845,15,SD-22-V-B,2016
3771.7825575780853,18,SD-22-V-B,2016
13.70450760156249,25,SD-22-V-B,2016
135.98538939843752,33,SD-22-V-B,2016
1753.2409275156756,3,SD-22-V-D,2016
5836.940063226448,4,SD-22-V-D,2016
490.0177857890619,12,SD-22-V-D,2016
3531.3482327655774,15,SD-22-V-D,2016
2062.3602975624976,18,SD-22-V-D,2016
19.388518773437514,25,SD-22-V-D,2016
78.74967790624984,33,SD-22-V-D,2016
4569.1930368983685,3,SC-22-Z-A,2016
3506.8929526014745,4,SC-22-Z-A,2016
501.19414507031473,12,SC-22-Z-A,2016
2423.4372575078437,15,SC-22-Z-A,2016
794.2274732890519,18,SC-22-Z-A,2016
15.207867632812498,25,SC-22-Z-A,2016
341.485497671876,33,SC-22-Z-A,2016
6219.556309320632,3,SC-22-X-C,2016
2337.601607796908,4,SC-22-X-C,2016
365.4339567656249,12,SC-22-X-C,2016
7273.534292555721,15,SC-22-X-C,2016
794.993544468741,18,SC-22-X-C,2016
20.644618687499992,25,SC-22-X-C,2016
281.11186736718713,33,SC-22-X-C,2016
10405.905787344553,3,SC-22-V-D,2016
487.95984220312556,4,SC-22-V-D,2016
210.53400415625177,12,SC-22-V-D,2016
6858.080388992055,15,SC-22-V-D,2016
112.08621007031233,18,SC-22-V-D,2016
145.02565358593742,33,SC-22-V-D,2016
1911.3823636172428,3,SC-22-X-D,2016
8987.396615844264,4,SC-22-X-D,2016
1004.1404196953024,12,SC-22-X-D,2016
5061.22650930527,15,SC-22-X-D,2016
663.9072122812349,18,SC-22-X-D,2016
57.85134651562501,25,SC-22-X-D,2016
156.92394909375025,33,SC-22-X-D,2016
2990.5460753749317,3,SE-21-V-B,2016
3252.056138929696,4,SE-21-V-B,2016
4864.4790132264425,12,SE-21-V-B,2016
3608.592461710993,15,SE-21-V-B,2016
53.03424493750002,18,SE-21-V-B,2016
37.83440437499984,25,SE-21-V-B,2016
411.1463224453131,33,SE-21-V-B,2016
719.5729238125227,3,SE-21-V-A,2016
995.5430799687798,4,SE-21-V-A,2016
284.803346546879,12,SE-21-V-A,2016
3034.86040432827,15,SE-21-V-A,2016
14.782894148437494,18,SE-21-V-A,2016
33.090397195312526,33,SE-21-V-A,2016
2325.3177707109744,3,SD-21-Y-C,2016
3662.6186778517394,4,SD-21-Y-C,2016
348.1573010781235,12,SD-21-Y-C,2016
10876.352172381334,15,SD-21-Y-C,2016
185.37132020312436,18,SD-21-Y-C,2016
32.20232142968752,25,SD-21-Y-C,2016
68.6893008671873,33,SD-21-Y-C,2016
4436.472898539265,3,SD-21-Y-D,2016
1965.2880768985056,4,SD-21-Y-D,2016
427.3001608437504,12,SD-21-Y-D,2016
10235.40063753953,15,SD-21-Y-D,2016
327.08931604687564,18,SD-21-Y-D,2016
45.45581028906249,25,SD-21-Y-D,2016
134.9467311640628,33,SD-21-Y-D,2016
63.46619619531186,3,SE-20-X-B,2016
122.17656051562423,4,SE-20-X-B,2016
3.5254478515625003,12,SE-20-X-B,2016
394.71117575781255,15,SE-20-X-B,2016
0.257818109375,18,SE-20-X-B,2016
4.470006968750002,33,SE-20-X-B,2016
576.7071806015646,3,SD-20-Z-D,2016
1118.8425160781205,4,SD-20-Z-D,2016
47.799617171875006,12,SD-20-Z-D,2016
1518.9965408047203,15,SD-20-Z-D,2016
10.611641109374997,18,SD-20-Z-D,2016
85.77835690625005,33,SD-20-Z-D,2016
1508.6490546171538,3,SD-20-Z-B,2016
312.5986818125037,4,SD-20-Z-B,2016
455.59828724218886,12,SD-20-Z-B,2016
1675.4065813906234,15,SD-20-Z-B,2016
254.3245439843768,18,SD-20-Z-B,2016
57.801023562500006,33,SD-20-Z-B,2016
3845.9485574845803,3,SD-21-Y-A,2016
4596.561769429746,4,SD-21-Y-A,2016
5614.812001164616,12,SD-21-Y-A,2016
3006.6922526329336,15,SD-21-Y-A,2016
734.1718032421987,18,SD-21-Y-A,2016
41.303133640624985,25,SD-21-Y-A,2016
35.997249585937446,33,SD-21-Y-A,2016
2937.253146797017,3,SD-21-Y-B,2016
2614.869143726525,4,SD-21-Y-B,2016
3122.5493315078133,12,SD-21-Y-B,2016
4834.392039773134,15,SD-21-Y-B,2016
3979.3617656406855,18,SD-21-Y-B,2016
58.10977707031268,25,SD-21-Y-B,2016
52.01965785156251,33,SD-21-Y-B,2016
5779.364873218455,3,SD-21-V-D,2016
2592.4139334687316,4,SD-21-V-D,2016
2072.517354695353,12,SD-21-V-D,2016
1036.7346748281118,15,SD-21-V-D,2016
6368.510877164397,18,SD-21-V-D,2016
35.48532986718755,25,SD-21-V-D,2016
8.618311140625003,33,SD-21-V-D,2016
7300.74802510129,3,SD-21-X-C,2016
1035.0992825312458,4,SD-21-X-C,2016
115.7450758906248,12,SD-21-X-C,2016
1550.1778262422217,15,SD-21-X-C,2016
7727.066426624346,18,SD-21-X-C,2016
77.15887491406252,25,SD-21-X-C,2016
32.198846796875,33,SD-21-X-C,2016
3831.434587789115,3,SD-21-Z-A,2016
6682.204445468389,4,SD-21-Z-A,2016
97.77822067187408,12,SD-21-Z-A,2016
3908.1355994455052,15,SD-21-Z-A,2016
2617.4077229296404,18,SD-21-Z-A,2016
72.15626073437498,25,SD-21-Z-A,2016
279.86866403905964,33,SD-21-Z-A,2016
2830.75525768754,3,SD-21-Z-C,2016
8876.665111078819,4,SD-21-Z-C,2016
170.05340324999923,12,SD-21-Z-C,2016
4786.4809173126505,15,SD-21-Z-C,2016
124.3867663515623,18,SD-21-Z-C,2016
346.1895741093748,25,SD-21-Z-C,2016
172.1772652656252,33,SD-21-Z-C,2016
6242.142521960477,3,SD-21-X-A,2016
398.7576687656251,4,SD-21-X-A,2016
45.12001651562498,12,SD-21-X-A,2016
1455.3646462344095,15,SD-21-X-A,2016
9736.736846913427,18,SD-21-X-A,2016
56.05556197656246,25,SD-21-X-A,2016
86.61567839843754,33,SD-21-X-A,2016
11461.173897303792,3,SD-21-V-B,2016
1236.4794653515623,4,SD-21-V-B,2016
175.26680242187518,12,SD-21-V-B,2016
2621.9378135154807,15,SD-21-V-B,2016
2466.3382333046084,18,SD-21-V-B,2016
11.356453710937497,25,SD-21-V-B,2016
35.822282484374995,33,SD-21-V-B,2016
10061.448576069432,3,SC-21-Y-D,2016
20.68358159374999,12,SC-21-Y-D,2016
6938.896691241761,15,SC-21-Y-D,2016
905.3615402969017,18,SC-21-Y-D,2016
16.40076181250002,25,SC-21-Y-D,2016
136.8350343203126,33,SC-21-Y-D,2016
9351.15326995208,3,SC-21-Z-C,2016
52.26526985156259,4,SC-21-Z-C,2016
151.26799403906182,12,SC-21-Z-C,2016
3131.7936225937037,15,SC-21-Z-C,2016
5285.96448622645,18,SC-21-Z-C,2016
57.867737007812586,25,SC-21-Z-C,2016
72.45974797656247,33,SC-21-Z-C,2016
8926.311729344907,3,SC-21-Z-A,2016
31.01183901562498,4,SC-21-Z-A,2016
510.10654616406254,12,SC-21-Z-A,2016
8211.82899931568,15,SC-21-Z-A,2016
357.8875333437491,18,SC-21-Z-A,2016
4.3973332578125,25,SC-21-Z-A,2016
127.30322437500008,33,SC-21-Z-A,2016
11200.835013117112,3,SC-21-X-C,2016
10.326931249999989,4,SC-21-X-C,2016
102.61785538281255,12,SC-21-X-C,2016
6548.588947664699,15,SC-21-X-C,2016
83.73992892968758,18,SC-21-X-C,2016
30.04714658593747,25,SC-21-X-C,2016
250.317698249998,33,SC-21-X-C,2016
11681.016931905966,3,SC-21-Y-B,2016
15.555800945312495,4,SC-21-Y-B,2016
337.9357764453163,12,SC-21-Y-B,2016
5906.506892204475,15,SC-21-Y-B,2016
9.576332664062503,18,SC-21-Y-B,2016
2.287644421875,25,SC-21-Y-B,2016
186.24301760937513,33,SC-21-Y-B,2016
14067.004174773585,3,SC-21-Y-C,2016
80.25182599218773,4,SC-21-Y-C,2016
45.18543662499987,12,SC-21-Y-C,2016
3870.2647522265006,15,SC-21-Y-C,2016
18.052182562500008,18,SC-21-Y-C,2016
21.216555140625026,25,SC-21-Y-C,2016
10.256319593750005,33,SC-21-Y-C,2016
13139.629138611148,3,SC-21-Y-A,2016
8.179017546874999,4,SC-21-Y-A,2016
174.80859767968747,12,SC-21-Y-A,2016
4807.610058696143,15,SC-21-Y-A,2016
7.381348257812501,18,SC-21-Y-A,2016
9.857942156249985,25,SC-21-Y-A,2016
24.721072179687475,33,SC-21-Y-A,2016
16212.601129547445,3,SC-20-Z-B,2016
8.531056773437498,4,SC-20-Z-B,2016
28.67098230468749,12,SC-20-Z-B,2016
1845.5246320624767,15,SC-20-Z-B,2016
1.6711416875000003,18,SC-20-Z-B,2016
42.03616569531247,33,SC-20-Z-B,2016
10922.960104537447,3,SC-20-Z-D,2016
142.57731421875013,4,SC-20-Z-D,2016
531.368484132811,12,SC-20-Z-D,2016
6360.211557976201,15,SC-20-Z-D,2016
14.3668145625,18,SC-20-Z-D,2016
49.78119893749997,25,SC-20-Z-D,2016
48.46414759375003,33,SC-20-Z-D,2016
9662.123286499263,3,SD-20-X-B,2016
655.2323584609347,4,SD-20-X-B,2016
521.2206985937484,12,SD-20-X-B,2016
6067.645574562333,15,SD-20-X-B,2016
938.0184145234437,18,SD-20-X-B,2016
79.42668890624999,25,SD-20-X-B,2016
83.05302253125026,33,SD-20-X-B,2016
5688.893075945164,3,SD-20-X-D,2016
1253.4342966327854,4,SD-20-X-D,2016
299.00400778906254,12,SD-20-X-D,2016
4304.546239116968,15,SD-20-X-D,2016
1326.9079301015745,18,SD-20-X-D,2016
20.206651515624962,25,SD-20-X-D,2016
76.94835781249995,33,SD-20-X-D,2016
9634.332119397637,3,SD-21-V-A,2016
7380.654723577783,4,SD-21-V-A,2016
145.07857371093752,12,SD-21-V-A,2016
206.22225370312486,15,SD-21-V-A,2016
613.7090304296865,18,SD-21-V-A,2016
40.42225010937497,25,SD-21-V-A,2016
20.97111625000001,33,SD-21-V-A,2016
6008.827524257893,3,SD-21-V-C,2016
4480.511189499987,4,SD-21-V-C,2016
925.8164382578002,12,SD-21-V-C,2016
1161.835036781236,15,SD-21-V-C,2016
5290.191037077966,18,SD-21-V-C,2016
54.889264429687486,25,SD-21-V-C,2016
18.108755734374984,33,SD-21-V-C,2016
1267.5438401093277,3,SD-20-X-C,2016
1739.9249467266284,4,SD-20-X-C,2016
580.568052101562,12,SD-20-X-C,2016
143.52749042968787,15,SD-20-X-C,2016
13.4975126328125,18,SD-20-X-C,2016
135.521914265625,33,SD-20-X-C,2016
4979.704234898369,3,SD-20-V-B,2016
2.446148484375,4,SD-20-V-B,2016
968.566555789067,12,SD-20-V-B,2016
3349.4665541718564,15,SD-20-V-B,2016
0.2621796328125,18,SD-20-V-B,2016
14.513595796874991,25,SD-20-V-B,2016
138.07965817187488,33,SD-20-V-B,2016
11115.843988148532,3,SD-20-X-A,2016
170.02372342187488,4,SD-20-X-A,2016
1905.9459805390543,12,SD-20-X-A,2016
4361.319100468746,15,SD-20-X-A,2016
63.67393328125015,18,SD-20-X-A,2016
3.672838671875,25,SD-20-X-A,2016
62.29739411718746,33,SD-20-X-A,2016
5009.801440624685,3,SC-20-Z-C,2016
2.1046051171875,4,SC-20-Z-C,2016
449.63751178124727,12,SC-20-Z-C,2016
12476.564835335243,15,SC-20-Z-C,2016
61.58370460156244,18,SC-20-Z-C,2016
60.98676353906246,25,SC-20-Z-C,2016
50.49950692187494,33,SC-20-Z-C,2016
5585.283439276092,3,SC-20-Z-A,2016
0.88009215625,4,SC-20-Z-A,2016
59.07604067187523,12,SC-20-Z-A,2016
12374.60452314219,15,SC-20-Z-A,2016
0.6159218671875,18,SC-20-Z-A,2016
73.90134339062502,25,SC-20-Z-A,2016
77.73799792968758,33,SC-20-Z-A,2016
10522.414811383738,3,SC-20-Y-B,2016
7.9985440234375,4,SC-20-Y-B,2016
138.2553061796873,12,SC-20-Y-B,2016
7423.42698303137,15,SC-20-Y-B,2016
2.5531295625000006,18,SC-20-Y-B,2016
28.338515351562464,25,SC-20-Y-B,2016
48.49635437499987,33,SC-20-Y-B,2016
14941.871911514983,3,SC-20-Y-D,2016
34.89146713281258,4,SC-20-Y-D,2016
1086.8223547969003,12,SC-20-Y-D,2016
2006.2383232968577,15,SC-20-Y-D,2016
19.443140703124996,18,SC-20-Y-D,2016
2.977275625,25,SC-20-Y-D,2016
18.583722726562502,33,SC-20-Y-D,2016
477.4102103203123,3,SD-20-V-A,2016
0.087439890625,4,SD-20-V-A,2016
108.61466307812539,12,SD-20-V-A,2016
63.405618375000024,15,SD-20-V-A,2016
60.42866006249987,33,SD-20-V-A,2016
8175.592791132308,3,SC-20-Y-C,2016
4.824250132812496,4,SC-20-Y-C,2016
327.32815067187306,12,SC-20-Y-C,2016
134.75318088281222,15,SC-20-Y-C,2016
172.83173811718748,33,SC-20-Y-C,2016
6595.751210219779,3,SC-20-Y-A,2016
7.118981296875003,4,SC-20-Y-A,2016
94.29310438281233,12,SC-20-Y-A,2016
3349.6077731483056,15,SC-20-Y-A,2016
20.303265546875004,25,SC-20-Y-A,2016
103.84694766406254,33,SC-20-Y-A,2016
10448.442778560213,3,SB-23-V-D,2017
2629.1867023907616,4,SB-23-V-D,2017
355.54756067969845,12,SB-23-V-D,2017
4549.704914086584,15,SB-23-V-D,2017
86.37243483593734,18,SB-23-V-D,2017
98.04859348437512,25,SB-23-V-D,2017
0.9790373359374999,33,SB-23-V-D,2017
9964.305324070174,3,SB-23-X-A,2017
2014.8916350625796,4,SB-23-X-A,2017
244.35833128906302,12,SB-23-X-A,2017
5556.056203914119,15,SB-23-X-A,2017
1.159197875,18,SB-23-X-A,2017
123.54325220312519,25,SB-23-X-A,2017
46.36389399999998,33,SB-23-X-A,2017
7488.4821228827595,3,SB-23-V-B,2017
4.365549875,4,SB-23-V-B,2017
6.866600117187498,12,SB-23-V-B,2017
10596.736460211045,15,SB-23-V-B,2017
218.52880410937524,18,SB-23-V-B,2017
31.28708053124997,25,SB-23-V-B,2017
11.7670993671875,33,SB-23-V-B,2017
7035.207135266392,3,SA-23-Y-D,2017
6.2457474921875,4,SA-23-Y-D,2017
272.229057578127,12,SA-23-Y-D,2017
10564.075938757373,15,SA-23-Y-D,2017
3.6583581953124993,18,SA-23-Y-D,2017
64.24448628125006,25,SA-23-Y-D,2017
438.267552382812,33,SA-23-Y-D,2017
9722.896622164872,3,SA-23-Z-C,2017
1990.6601985155717,4,SA-23-Z-C,2017
590.8580422968712,12,SA-23-Z-C,2017
3704.3484515077625,15,SA-23-Z-C,2017
55.78282563281252,18,SA-23-Z-C,2017
68.26891249218761,25,SA-23-Z-C,2017
735.9958959921928,33,SA-23-Z-C,2017
3844.863342562521,3,SA-23-Z-B,2017
2018.6853531248985,4,SA-23-Z-B,2017
592.1123747031272,12,SA-23-Z-B,2017
45.27155260156255,15,SA-23-Z-B,2017
1189.160626820338,25,SA-23-Z-B,2017
437.78263171093187,33,SA-23-Z-B,2017
2055.5309277890465,3,SA-23-X-C,2017
28.329027476562423,4,SA-23-X-C,2017
0.178741234375,12,SA-23-X-C,2017
40.29689807031247,15,SA-23-X-C,2017
4.020724593749999,18,SA-23-X-C,2017
31.81401547656243,25,SA-23-X-C,2017
259.863087374999,33,SA-23-X-C,2017
7271.012832585446,3,SA-23-Z-A,2017
667.6660288281299,4,SA-23-Z-A,2017
782.3458373593706,12,SA-23-Z-A,2017
1256.5349327968706,15,SA-23-Z-A,2017
19.110266562499994,18,SA-23-Z-A,2017
411.0944291718747,25,SA-23-Z-A,2017
2786.681273640717,33,SA-23-Z-A,2017
8879.34217590671,3,SA-23-Y-B,2017
11.433980546874997,4,SA-23-Y-B,2017
359.4222087031229,12,SA-23-Y-B,2017
8843.810316819941,15,SA-23-Y-B,2017
20.638096078125013,18,SA-23-Y-B,2017
42.42651664843751,25,SA-23-Y-B,2017
275.82616497656056,33,SA-23-Y-B,2017
9210.424734085254,3,SA-23-V-D,2017
57.54951507031248,4,SA-23-V-D,2017
102.69039392968739,12,SA-23-V-D,2017
4109.987332609201,15,SA-23-V-D,2017
55.04130719531255,18,SA-23-V-D,2017
48.70705087499992,25,SA-23-V-D,2017
707.5459990703071,33,SA-23-V-D,2017
140.4248445312497,3,SA-23-V-B,2017
2.5922061093750006,12,SA-23-V-B,2017
15.553213578124975,15,SA-23-V-B,2017
3.4860890781249987,25,SA-23-V-B,2017
29.22915276562506,33,SA-23-V-B,2017
965.2169173671836,3,NB-22-Y-D,2017
12.4833140703125,4,NB-22-Y-D,2017
588.0717957187477,12,NB-22-Y-D,2017
110.74578288281242,15,NB-22-Y-D,2017
287.7003198437494,33,NB-22-Y-D,2017
9667.191754119196,3,NA-22-V-B,2017
12.666619648437496,4,NA-22-V-B,2017
2119.120389007745,12,NA-22-V-B,2017
266.8652893437509,15,NA-22-V-B,2017
2.6774832890625,18,NA-22-V-B,2017
255.44698368749988,33,NA-22-V-B,2017
0.089277984375,3,NA-22-X-A,2017
0.624944796875,33,NA-22-X-A,2017
1188.0756857109047,3,NA-22-X-C,2017
6.5211686953124985,4,NA-22-X-C,2017
1338.7907820468854,12,NA-22-X-C,2017
39.56616335937496,15,NA-22-X-C,2017
4.6447662187499965,18,NA-22-X-C,2017
3.841246828124998,25,NA-22-X-C,2017
351.2687199140604,33,NA-22-X-C,2017
3978.5148249843005,3,NA-22-Z-A,2017
27.5248825,4,NA-22-Z-A,2017
7415.422707226288,12,NA-22-Z-A,2017
13.941566703125003,15,NA-22-Z-A,2017
45.75909734375014,18,NA-22-Z-A,2017
2.144815515625001,25,NA-22-Z-A,2017
968.5148506640587,33,NA-22-Z-A,2017
3557.926401273464,3,SA-23-V-A,2017
200.6764404843747,12,SA-23-V-A,2017
1164.0891586797106,15,SA-23-V-A,2017
6.435759171875003,18,SA-23-V-A,2017
67.31094049218743,25,SA-23-V-A,2017
564.4967087500021,33,SA-23-V-A,2017
19.667445445312495,3,NA-22-Z-D,2017
0.7151798828125,4,NA-22-Z-D,2017
81.0835202734376,12,NA-22-Z-D,2017
137.49292537499994,33,NA-22-Z-D,2017
1446.0557217265932,3,SA-22-X-B,2017
57.657905445312316,4,SA-22-X-B,2017
8744.20559331271,12,SA-22-X-B,2017
480.9043677031273,15,SA-22-X-B,2017
0.7150796953124999,18,SA-22-X-B,2017
26.816725015625014,25,SA-22-X-B,2017
2594.1339630938073,33,SA-22-X-B,2017
5201.444405195397,3,NA-22-Z-C,2017
86.62265999218751,4,NA-22-Z-C,2017
4139.595160195546,12,NA-22-Z-C,2017
250.03105906249897,15,NA-22-Z-C,2017
114.1564803046868,18,NA-22-Z-C,2017
1.2514701796875003,25,NA-22-Z-C,2017
4199.340289187535,33,NA-22-Z-C,2017
12908.830793639478,3,SA-22-X-A,2017
92.34572628906253,4,SA-22-X-A,2017
2076.3985799687334,12,SA-22-X-A,2017
68.11516537499999,15,SA-22-X-A,2017
0.8939704921874999,18,SA-22-X-A,2017
2.0560466328124996,25,SA-22-X-A,2017
3254.713946890383,33,SA-22-X-A,2017
14407.908525282868,3,NA-22-Y-D,2017
19.040761976562525,4,NA-22-Y-D,2017
2482.745539562572,12,NA-22-Y-D,2017
443.388450781254,15,NA-22-Y-D,2017
62.66668872656241,18,NA-22-Y-D,2017
112.8164155625008,25,NA-22-Y-D,2017
195.0518007812498,33,NA-22-Y-D,2017
14466.185831902701,3,SA-22-V-B,2017
29.768689625000025,4,SA-22-V-B,2017
1325.0077637265395,12,SA-22-V-B,2017
473.60538889844315,15,SA-22-V-B,2017
8.581887156250001,18,SA-22-V-B,2017
42.4632662265623,25,SA-22-V-B,2017
1907.2087670156038,33,SA-22-V-B,2017
17649.805955113134,3,SA-22-V-A,2017
41.65634812500001,12,SA-22-V-A,2017
144.3606921718751,15,SA-22-V-A,2017
5.095157054687501,18,SA-22-V-A,2017
8.849433484375002,25,SA-22-V-A,2017
125.59789573437479,33,SA-22-V-A,2017
18391.465185267654,3,NA-22-Y-C,2017
0.0893958125,4,NA-22-Y-C,2017
3.218226859375,12,NA-22-Y-C,2017
0.7151445234374999,15,NA-22-Y-C,2017
0.9832570078125,18,NA-22-Y-C,2017
76.34271667968729,33,NA-22-Y-C,2017
17769.81884923532,3,NA-22-Y-B,2017
0.446890859375,4,NA-22-Y-B,2017
620.7439848749891,12,NA-22-Y-B,2017
40.13123515624999,15,NA-22-Y-B,2017
1.9663744843750002,18,NA-22-Y-B,2017
3.485975570312499,25,NA-22-Y-B,2017
29.58420045312497,33,NA-22-Y-B,2017
18428.908251688787,3,NA-22-Y-A,2017
7.954437898437499,12,NA-22-Y-A,2017
1.3406553984374998,15,NA-22-Y-A,2017
0.2681024453125,18,NA-22-Y-A,2017
28.86796070312499,33,NA-22-Y-A,2017
17941.60441204827,3,NA-22-V-D,2017
212.00611591406195,12,NA-22-V-D,2017
45.00870964062497,15,NA-22-V-D,2017
2.59008553125,18,NA-22-V-D,2017
5.716904929687499,25,NA-22-V-D,2017
20.448918171875,33,NA-22-V-D,2017
5558.786832171715,3,NA-22-V-C,2017
0.357280625,12,NA-22-V-C,2017
0.0893424296875,15,NA-22-V-C,2017
12.236162851562495,33,NA-22-V-C,2017
18336.86648171422,3,NA-21-Z-B,2017
1.4298611796874998,4,NA-21-Z-B,2017
71.75865581249978,12,NA-21-Z-B,2017
3.0384948359375006,15,NA-21-Z-B,2017
20.28659675000001,33,NA-21-Z-B,2017
6778.3387665859,3,NA-21-X-D,2017
21.885125171874975,12,NA-21-X-D,2017
0.446685,15,NA-21-X-D,2017
0.268025203125,33,NA-21-X-D,2017
18373.67770750771,3,NA-21-Z-D,2017
1.7878374765625002,4,NA-21-Z-D,2017
27.2648674296875,12,NA-21-Z-D,2017
2.5029808593749996,15,NA-21-Z-D,2017
34.32630378125005,33,NA-21-Z-D,2017
18309.50184338773,3,SA-21-X-B,2017
1.43025078125,4,SA-21-X-B,2017
107.0854934921879,12,SA-21-X-B,2017
17.16215071093749,15,SA-21-X-B,2017
0.0893912734375,18,SA-21-X-B,2017
3.0391674531250006,33,SA-21-X-B,2017
18296.530113192977,3,SA-21-X-A,2017
1.3409584687500002,4,SA-21-X-A,2017
22.97473696093751,12,SA-21-X-A,2017
2.2348616250000006,15,SA-21-X-A,2017
149.46506429687454,33,SA-21-X-A,2017
17821.238379011404,3,NA-21-Z-C,2017
28.158710257812494,4,NA-21-Z-C,2017
502.3769338984333,12,NA-21-Z-C,2017
3.128758828125,15,NA-21-Z-C,2017
116.21270317968704,33,NA-21-Z-C,2017
13187.497974797316,3,NA-21-Z-A,2017
15.727482703124998,4,NA-21-Z-A,2017
3937.6556065233553,12,NA-21-Z-A,2017
5.8980296171874995,15,NA-21-Z-A,2017
15.997609734375006,33,NA-21-Z-A,2017
2025.5984476016056,3,NA-21-X-C,2017
1.5187197109375001,4,NA-21-X-C,2017
882.922513359386,12,NA-21-X-C,2017
6.6999037890625015,15,NA-21-X-C,2017
0.35734684375,33,NA-21-X-C,2017
13256.452849782638,3,NA-21-Y-B,2017
0.2681025,12,NA-21-Y-B,2017
3.5749420625,15,NA-21-Y-B,2017
18.501341046874995,33,NA-21-Y-B,2017
19.834327499999983,3,NA-21-V-D,2017
18408.4502078949,3,NA-21-Y-D,2017
3.5758224843749993,12,NA-21-Y-D,2017
2.0559891406250004,15,NA-21-Y-D,2017
25.567070140625006,33,NA-21-Y-D,2017
18312.982416082465,3,SA-21-V-B,2017
0.6257380937499999,4,SA-21-V-B,2017
22.16899189843748,12,SA-21-V-B,2017
9.564739406250002,15,SA-21-V-B,2017
94.30720417187514,33,SA-21-V-B,2017
18325.320210910955,3,SA-21-V-A,2017
10.279865765624994,12,SA-21-V-A,2017
3.2180422812500002,15,SA-21-V-A,2017
0.3575575390625,18,SA-21-V-A,2017
11.08454732031249,25,SA-21-V-A,2017
122.55370234374982,33,SA-21-V-A,2017
17488.020010799475,3,NA-21-Y-C,2017
5.6314576171875,4,NA-21-Y-C,2017
6.3465042968750005,12,NA-21-Y-C,2017
891.9199613437204,15,NA-21-Y-C,2017
6.167700093750004,25,NA-21-Y-C,2017
74.63890284375034,33,NA-21-Y-C,2017
9467.72789606912,3,NA-21-Y-A,2017
0.6254478046875,4,NA-21-Y-A,2017
111.24117022656195,12,NA-21-Y-A,2017
189.48762074999985,15,NA-21-Y-A,2017
5.273601125000001,33,NA-21-Y-A,2017
17772.84675073842,3,SA-20-X-B,2017
379.6683785546885,12,SA-20-X-B,2017
45.32406719531252,15,SA-20-X-B,2017
49.79022794531254,25,SA-20-X-B,2017
159.74800325000044,33,SA-20-X-B,2017
14803.733872297575,3,NA-20-Z-D,2017
2.7709518671875006,4,NA-20-Z-D,2017
1803.7472556327998,12,NA-20-Z-D,2017
1298.9321641250472,15,NA-20-Z-D,2017
7.329762390625,25,NA-20-Z-D,2017
476.64909792187825,33,NA-20-Z-D,2017
13840.390548881529,3,NA-20-Z-B,2017
4.379032625000001,4,NA-20-Z-B,2017
3058.6601122967477,12,NA-20-Z-B,2017
1264.0777967265753,15,NA-20-Z-B,2017
9.025845203125003,25,NA-20-Z-B,2017
253.36177178124944,33,NA-20-Z-B,2017
10208.851129821087,3,NA-20-X-D,2017
3.5725118124999997,4,NA-20-X-D,2017
4695.486047773047,12,NA-20-X-D,2017
2991.8656912108836,15,NA-20-X-D,2017
97.59776476562577,18,NA-20-X-D,2017
118.31507881250036,25,NA-20-X-D,2017
260.0603394609375,33,NA-20-X-D,2017
504.031409703123,3,NA-21-V-C,2017
3.2150362578125002,4,NA-21-V-C,2017
908.004716328102,12,NA-21-V-C,2017
49.12045317187484,15,NA-21-V-C,2017
0.089327078125,18,NA-21-V-C,2017
11.698015156250001,33,NA-21-V-C,2017
29.70386598437506,3,NA-21-V-A,2017
13.11672475,4,NA-21-V-A,2017
2609.29330382804,12,NA-21-V-A,2017
28.110839039062505,15,NA-21-V-A,2017
9.547234914062509,18,NA-21-V-A,2017
6.156795296874998,25,NA-21-V-A,2017
41.6716949609375,33,NA-21-V-A,2017
1612.8613367109617,3,NA-20-X-B,2017
6.333042343750001,4,NA-20-X-B,2017
16038.760165557189,12,NA-20-X-B,2017
298.4552304765656,15,NA-20-X-B,2017
153.08831221093823,18,NA-20-X-B,2017
286.747041148442,33,NA-20-X-B,2017
2549.4901653828356,3,NB-20-Z-D,2017
29.510649445312502,4,NB-20-Z-D,2017
10943.38149129734,12,NB-20-Z-D,2017
122.13879880468753,15,NB-20-Z-D,2017
1.8720751015624997,18,NB-20-Z-D,2017
3.1195052656250004,25,NB-20-Z-D,2017
22.55251604687499,33,NB-20-Z-D,2017
219.08097764843436,3,NB-21-Y-C,2017
5.7956794531249995,4,NB-21-Y-C,2017
1541.9330177891045,12,NB-21-Y-C,2017
23.3627930703125,15,NB-21-Y-C,2017
0.0891724375,18,NB-21-Y-C,2017
16.9397550859375,33,NB-21-Y-C,2017
1598.5543244922446,3,NB-20-Z-B,2017
0.8014954375000001,4,NB-20-Z-B,2017
88.70185290625011,12,NB-20-Z-B,2017
3.1168248593750008,15,NB-20-Z-B,2017
2.671215390625001,33,NB-20-Z-B,2017
24.936858773437518,3,NB-21-Y-A,2017
0.35623365625000003,33,NB-21-Y-A,2017
2421.2806877966386,3,NB-20-Z-C,2017
0.8917481953125,12,NB-20-Z-C,2017
1.4267389140625002,15,NB-20-Z-C,2017
0.6242733984375,33,NB-20-Z-C,2017
641.550954406272,3,NB-20-Y-D,2017
2.5863170703124996,15,NB-20-Y-D,2017
593.2643178671843,3,NB-20-Y-C,2017
1.0702042812500001,15,NB-20-Y-C,2017
173.47730025000095,3,NA-20-V-A,2017
0.0892000703125,15,NA-20-V-A,2017
370.39918354687205,3,NA-19-X-D,2017
4.913804500000001,12,NA-19-X-D,2017
0.35737248437499997,33,NA-19-X-D,2017
9531.118259164326,3,NA-20-V-D,2017
0.0893140078125,4,NA-20-V-D,2017
35.89726504687496,12,NA-20-V-D,2017
4.0186142109375,15,NA-20-V-D,2017
0.982157109375,33,NA-20-V-D,2017
14041.550449757731,3,NA-20-V-B,2017
4.462213679687501,12,NA-20-V-B,2017
6.9584429609375,15,NA-20-V-B,2017
0.7137805781249998,25,NA-20-V-B,2017
45.951180578124976,33,NA-20-V-B,2017
16469.690639990655,3,NA-20-X-A,2017
7.672607156250004,4,NA-20-X-A,2017
504.35854240625133,12,NA-20-X-A,2017
383.20624188281613,15,NA-20-X-A,2017
112.2778800390626,33,NA-20-X-A,2017
17489.269115687795,3,NA-20-X-C,2017
7.411401507812498,12,NA-20-X-C,2017
922.2060725547063,15,NA-20-X-C,2017
0.089310203125,18,NA-20-X-C,2017
37.41582547656248,33,NA-20-X-C,2017
15648.828992310562,3,NA-20-Y-B,2017
0.17875896875000002,4,NA-20-Y-B,2017
69.44683230468748,12,NA-20-Y-B,2017
16.534377624999998,15,NA-20-Y-B,2017
35.125239874999956,33,NA-20-Y-B,2017
16904.852165485696,3,NA-20-Z-A,2017
1.6087417265625,4,NA-20-Z-A,2017
1462.3894550311834,12,NA-20-Z-A,2017
16.977820156249997,15,NA-20-Z-A,2017
80.08130082812494,33,NA-20-Z-A,2017
12754.875319335177,3,NA-20-Z-C,2017
0.7151541015625,4,NA-20-Z-C,2017
4320.33084603174,12,NA-20-Z-C,2017
1.5196484921875002,15,NA-20-Z-C,2017
1319.3870982968597,33,NA-20-Z-C,2017
16259.9160757466,3,SA-20-X-A,2017
0.089392390625,4,SA-20-X-A,2017
995.8421454374652,12,SA-20-X-A,2017
10.905415476562501,15,SA-20-X-A,2017
1.8770847734375002,25,SA-20-X-A,2017
1054.364662242184,33,SA-20-X-A,2017
15460.687741405756,3,SA-20-V-B,2017
0.268187953125,4,SA-20-V-B,2017
1456.0401076405667,12,SA-20-V-B,2017
1.6985011328125001,15,SA-20-V-B,2017
1491.0064697812422,33,SA-20-V-B,2017
15578.399059413052,3,NA-20-Y-D,2017
1.0727312890625,4,NA-20-Y-D,2017
2667.351167046813,12,NA-20-Y-D,2017
3.4861290390625004,15,NA-20-Y-D,2017
208.29075467968875,33,NA-20-Y-D,2017
17230.866073152814,3,SA-20-V-A,2017
0.6257372109375001,4,SA-20-V-A,2017
319.21730992968946,12,SA-20-V-A,2017
20.650293203125003,15,SA-20-V-A,2017
2.3242760390625,25,SA-20-V-A,2017
799.3670577109327,33,SA-20-V-A,2017
17310.060878158416,3,NA-20-Y-C,2017
58.46329414843749,12,NA-20-Y-C,2017
3.3075809609375004,15,NA-20-Y-C,2017
14.571162445312499,33,NA-20-Y-C,2017
2023.6558464142695,3,NA-20-Y-A,2017
5.183956898437496,12,NA-20-Y-A,2017
1.5194522734375004,15,NA-20-Y-A,2017
1.5194237109375002,33,NA-20-Y-A,2017
5384.219892782162,3,NA-19-Z-B,2017
10.0089337421875,12,NA-19-Z-B,2017
57.55794695312501,33,NA-19-Z-B,2017
16739.845394560944,3,NA-19-Z-D,2017
0.178791078125,4,NA-19-Z-D,2017
137.9328062187498,12,NA-19-Z-D,2017
288.6474896249998,33,NA-19-Z-D,2017
17931.704903302798,3,SA-19-X-B,2017
0.089390875,4,SA-19-X-B,2017
80.45344299999992,12,SA-19-X-B,2017
5.9896192109375015,25,SA-19-X-B,2017
454.3083980078118,33,SA-19-X-B,2017
18324.6896229338,3,SA-19-X-A,2017
0.2681888984375,4,SA-19-X-A,2017
26.9078180546875,12,SA-19-X-A,2017
87.78345978125071,33,SA-19-X-A,2017
17947.62190178422,3,NA-19-Z-C,2017
4.559059890624999,4,NA-19-Z-C,2017
192.10474178906105,12,NA-19-Z-C,2017
295.36338619531415,33,NA-19-Z-C,2017
15291.511585720416,3,NA-19-Z-A,2017
33.86966337499998,12,NA-19-Z-A,2017
91.24725108593773,33,NA-19-Z-A,2017
9223.947043834703,3,SA-19-V-B,2017
5.9894855625,12,SA-19-V-B,2017
13.855301960937501,33,SA-19-V-B,2017
8801.128452398258,3,NA-19-Y-D,2017
13.587858281249996,12,NA-19-Y-D,2017
107.62872004687489,33,NA-19-Y-D,2017
7023.237349657449,3,NA-19-Y-B,2017
12.064327640624997,12,NA-19-Y-B,2017
49.065445304687586,33,NA-19-Y-B,2017
231.12548494531305,3,NA-19-X-C,2017
0.446720390625,12,NA-19-X-C,2017
0.1786878984375,33,NA-19-X-C,2017
198.66849159374803,3,SC-19-Y-D,2017
0.263390046875,15,SC-19-Y-D,2017
1.0534911953125001,33,SC-19-Y-D,2017
1404.2896140546914,3,SC-19-Y-A,2017
0.70386875,12,SC-19-Y-A,2017
1.3187697187499996,33,SC-19-Y-A,2017
16372.942241500328,3,SC-19-Y-B,2017
23.836444515624994,12,SC-19-Y-B,2017
1098.5624122734496,15,SC-19-Y-B,2017
1.5806678359374995,25,SC-19-Y-B,2017
40.520132640625,33,SC-19-Y-B,2017
18008.50331997739,3,SC-19-V-D,2017
17.644384257812497,12,SC-19-V-D,2017
136.330991328125,15,SC-19-V-D,2017
63.55378340624991,33,SC-19-V-D,2017
9850.534702839283,3,SC-19-Z-A,2017
6.8629891640624985,12,SC-19-Z-A,2017
5243.062824501526,15,SC-19-Z-A,2017
42.25619644531228,25,SC-19-Z-A,2017
31.396475765625002,33,SC-19-Z-A,2017
12355.846993516427,3,SC-19-X-C,2017
30.699061773437485,12,SC-19-X-C,2017
5641.89245898456,15,SC-19-X-C,2017
82.56061610937512,25,SC-19-X-C,2017
83.01606149218752,33,SC-19-X-C,2017
150.19916092187472,3,SC-19-Z-C,2017
0.35117863281250006,12,SC-19-Z-C,2017
298.8070377734332,15,SC-19-Z-C,2017
8.8669652265625,25,SC-19-Z-C,2017
7.199175515624995,33,SC-19-Z-C,2017
549.1641773906343,3,SC-19-Z-B,2017
1.056431625,12,SC-19-Z-B,2017
1838.6715056641347,15,SC-19-Z-B,2017
8.978774648437492,25,SC-19-Z-B,2017
10.299179304687495,33,SC-19-Z-B,2017
11314.724975563786,3,SC-19-X-D,2017
6.615958351562499,12,SC-19-X-D,2017
5601.622170367411,15,SC-19-X-D,2017
6.3457223671874985,25,SC-19-X-D,2017
40.034989656250026,33,SC-19-X-D,2017
16114.76895647631,3,SC-19-X-B,2017
0.4420487421875,4,SC-19-X-B,2017
77.8164645781247,12,SC-19-X-B,2017
1981.1385253360074,15,SC-19-X-B,2017
5.302930820312501,25,SC-19-X-B,2017
96.40290274999995,33,SC-19-X-B,2017
17776.89229590621,3,SC-19-X-A,2017
16.081813828125,12,SC-19-X-A,2017
374.4401100312478,15,SC-19-X-A,2017
75.64634892187537,33,SC-19-X-A,2017
17295.805785859957,3,SC-19-V-B,2017
14.328187492187503,12,SC-19-V-B,2017
911.7050313124869,15,SC-19-V-B,2017
11.326505773437498,25,SC-19-V-B,2017
42.706318265625,33,SC-19-V-B,2017
18268.460732736825,3,SB-19-Z-C,2017
4.078722648437501,12,SB-19-Z-C,2017
4.078142890625,15,SB-19-Z-C,2017
59.41338972656272,33,SB-19-Z-C,2017
18061.21701911735,3,SB-19-Y-D,2017
20.919512492187497,12,SB-19-Y-D,2017
186.14803091406426,15,SB-19-Y-D,2017
2.393950453125001,25,SB-19-Y-D,2017
98.33094802343739,33,SB-19-Y-D,2017
17974.314623945997,3,SB-19-Z-D,2017
0.9747833515625,4,SB-19-Z-D,2017
65.66481700781254,12,SB-19-Z-D,2017
112.71683027343586,15,SB-19-Z-D,2017
2.481091234375,25,SB-19-Z-D,2017
212.85731518749898,33,SB-19-Z-D,2017
18051.739040302495,3,SB-19-Z-A,2017
0.08888765625,4,SB-19-Z-A,2017
41.500833468749995,12,SB-19-Z-A,2017
30.299889867187527,15,SB-19-Z-A,2017
201.35051186718636,33,SB-19-Z-A,2017
18304.209834953766,3,SB-19-Z-B,2017
0.6218906093750001,12,SB-19-Z-B,2017
1.9531846640625001,15,SB-19-Z-B,2017
51.15284854687498,33,SB-19-Z-B,2017
18196.755040227534,3,SB-19-X-C,2017
21.44055071874998,12,SB-19-X-C,2017
5.783497851562499,15,SB-19-X-C,2017
133.7440002890628,33,SB-19-X-C,2017
18175.024812428048,3,SB-19-X-D,2017
33.65511468750002,12,SB-19-X-D,2017
14.247278999999978,15,SB-19-X-D,2017
167.81337054687566,33,SB-19-X-D,2017
18210.680205691107,3,SB-19-X-A,2017
1.1588982890625001,12,SB-19-X-A,2017
0.356598078125,15,SB-19-X-A,2017
172.8255840078126,33,SB-19-X-A,2017
18094.05622389064,3,SB-19-X-B,2017
0.08908703125,4,SB-19-X-B,2017
49.01521515625001,12,SB-19-X-B,2017
65.83619318750014,15,SB-19-X-B,2017
4.454140523437498,25,SB-19-X-B,2017
204.6370113203127,33,SB-19-X-B,2017
17914.15614393193,3,SB-19-Y-B,2017
66.16209022656255,12,SB-19-Y-B,2017
153.9964119765629,15,SB-19-Y-B,2017
6.127922414062502,25,SB-19-Y-B,2017
217.49519022656295,33,SB-19-Y-B,2017
18327.72175137948,3,SB-19-V-D,2017
1.7798435312499998,12,SB-19-V-D,2017
1.156833125,15,SB-19-V-D,2017
60.082148624999974,33,SB-19-V-D,2017
15936.692405265976,3,SB-19-V-B,2017
103.69033646874938,12,SB-19-V-B,2017
80.95349189062475,15,SB-19-V-B,2017
19.16833722656249,25,SB-19-V-B,2017
500.31730967968605,33,SB-19-V-B,2017
18031.792018877368,3,SB-19-Y-C,2017
21.1895802734375,12,SB-19-Y-C,2017
227.2641976093761,15,SB-19-Y-C,2017
2.5734646015625002,25,SB-19-Y-C,2017
86.19019964062498,33,SB-19-Y-C,2017
18159.602949265583,3,SB-19-Y-A,2017
28.58733503906249,12,SB-19-Y-A,2017
76.70208175000036,15,SB-19-Y-A,2017
93.04539272656193,33,SB-19-Y-A,2017
18315.97124504638,3,SB-19-V-C,2017
2.7589241953124994,12,SB-19-V-C,2017
2.0455275781249997,15,SB-19-V-C,2017
69.96487983593737,33,SB-19-V-C,2017
11191.10706402465,3,SB-19-V-A,2017
1.9615638749999997,12,SB-19-V-A,2017
2.3175957890625,15,SB-19-V-A,2017
167.57345296093766,33,SB-19-V-A,2017
15945.014714567784,3,SB-18-Z-B,2017
3.021102515625,12,SB-18-Z-B,2017
5.0607963906250015,15,SB-18-Z-B,2017
12.0879035078125,33,SB-18-Z-B,2017
11592.826614795249,3,SB-18-X-D,2017
7.564545234375,12,SB-18-X-D,2017
2.0467192968749996,15,SB-18-X-D,2017
60.07612323437503,33,SB-18-X-D,2017
1395.5712193906336,3,SB-18-X-B,2017
0.35629328125000004,12,SB-18-X-B,2017
0.35637134375,15,SB-18-X-B,2017
38.48663300781249,33,SB-18-X-B,2017
16528.926106469713,3,SB-18-Z-D,2017
28.012055273437504,12,SB-18-Z-D,2017
1651.8046080702559,15,SB-18-Z-D,2017
41.566630500000045,25,SB-18-Z-D,2017
85.72158768749988,33,SB-18-Z-D,2017
15576.591114554212,3,SC-18-X-B,2017
25.38563900781251,12,SC-18-X-B,2017
429.6953613984335,15,SC-18-X-B,2017
3.978779156250001,25,SC-18-X-B,2017
46.43765466406248,33,SC-18-X-B,2017
16994.524292233862,3,SC-19-V-A,2017
31.30550207812498,12,SC-19-V-A,2017
1153.8169545469048,15,SC-19-V-A,2017
7.258376257812494,25,SC-19-V-A,2017
88.96670358593757,33,SC-19-V-A,2017
15674.430062383377,3,SC-19-V-C,2017
32.906642250000026,12,SC-19-V-C,2017
109.72573971875003,15,SC-19-V-C,2017
44.55867322656255,33,SC-19-V-C,2017
7083.549514860561,3,SC-18-X-D,2017
13.417874999999997,12,SC-18-X-D,2017
97.7368335625,15,SC-18-X-D,2017
12.623142867187504,33,SC-18-X-D,2017
369.1305649765637,3,SC-18-X-A,2017
3697.1353670076032,3,SB-18-Z-C,2017
0.7980208124999999,12,SB-18-Z-C,2017
10.904733976562492,15,SB-18-Z-C,2017
0.7095013515624999,33,SB-18-Z-C,2017
721.9838516250032,3,SB-18-Z-A,2017
0.5328116640625,12,SB-18-Z-A,2017
5477.403617460651,3,SA-19-V-D,2017
0.9830670078125001,12,SA-19-V-D,2017
162.10511615625006,33,SA-19-V-D,2017
7559.76283961667,3,SA-19-Y-B,2017
5.62507615625,12,SA-19-Y-B,2017
0.1785659453125,15,SA-19-Y-B,2017
142.4196849765621,33,SA-19-Y-B,2017
9484.822934023463,3,SA-19-Y-D,2017
0.0892716875,4,SA-19-Y-D,2017
82.62196539062504,12,SA-19-Y-D,2017
17.042717585937503,15,SA-19-Y-D,2017
322.8125953671863,33,SA-19-Y-D,2017
17999.21239037024,3,SA-19-Z-A,2017
47.589899070312455,12,SA-19-Z-A,2017
19.911632382812524,15,SA-19-Z-A,2017
1.7857811640624996,25,SA-19-Z-A,2017
354.7566692656282,33,SA-19-Z-A,2017
17437.260377873623,3,SA-19-Z-C,2017
174.2322815781254,12,SA-19-Z-C,2017
94.87792070312508,15,SA-19-Z-C,2017
7.140447195312496,25,SA-19-Z-C,2017
693.3563501250071,33,SA-19-Z-C,2017
17915.070930791855,3,SA-19-Z-D,2017
0.0892191484375,4,SA-19-Z-D,2017
117.60519790624954,12,SA-19-Z-D,2017
31.054529710937487,15,SA-19-Z-D,2017
1.5170404062499998,25,SA-19-Z-D,2017
363.2114397421868,33,SA-19-Z-D,2017
16705.916469140546,3,SA-19-Z-B,2017
0.17864521875,4,SA-19-Z-B,2017
306.42301615624984,12,SA-19-Z-B,2017
139.93481592187513,15,SA-19-Z-B,2017
7.055202117187497,25,SA-19-Z-B,2017
1239.1902673124898,33,SA-19-Z-B,2017
17675.91375152223,3,SA-19-X-D,2017
0.178745125,4,SA-19-X-D,2017
151.63943757031288,12,SA-19-X-D,2017
0.6254544140624999,25,SA-19-X-D,2017
635.0503442890621,33,SA-19-X-D,2017
17916.52194101709,3,SA-19-X-C,2017
8.668830015625,12,SA-19-X-C,2017
508.993629187495,33,SA-19-X-C,2017
17783.678361955077,3,SA-20-V-C,2017
0.1787651953125,4,SA-20-V-C,2017
192.6530668281247,12,SA-20-V-C,2017
1.250927765625,25,SA-20-V-C,2017
448.2915657734371,33,SA-20-V-C,2017
16108.50690743925,3,SA-20-Y-A,2017
0.0893011796875,4,SA-20-Y-A,2017
409.78427371874596,12,SA-20-Y-A,2017
95.73131930468749,15,SA-20-Y-A,2017
1.607034890625,25,SA-20-Y-A,2017
1674.820123882789,33,SA-20-Y-A,2017
18388.797620906407,3,SA-20-Y-B,2017
25.537439890625024,12,SA-20-Y-B,2017
0.26787944531249996,15,SA-20-Y-B,2017
38.5745305390625,33,SA-20-Y-B,2017
18139.05549704533,3,SA-20-V-D,2017
189.13106371875077,12,SA-20-V-D,2017
137.0076414531248,33,SA-20-V-D,2017
15803.381068837512,3,SA-20-X-C,2017
230.92754175781354,12,SA-20-X-C,2017
12.4229035234375,15,SA-20-X-C,2017
2345.17237638282,33,SA-20-X-C,2017
16889.769692976264,3,SA-20-X-D,2017
178.03442049218938,12,SA-20-X-D,2017
199.3703035234373,15,SA-20-X-D,2017
40.65292048437493,18,SA-20-X-D,2017
0.9829315546874999,25,SA-20-X-D,2017
1121.8001164374955,33,SA-20-X-D,2017
18314.76123891599,3,SA-20-Z-A,2017
33.92974726562496,12,SA-20-Z-A,2017
0.8037087265625,15,SA-20-Z-A,2017
104.8434809999998,33,SA-20-Z-A,2017
16318.073025205362,3,SA-20-Z-B,2017
12.0569753515625,12,SA-20-Z-B,2017
254.14120675000015,15,SA-20-Z-B,2017
3.9311177734375,18,SA-20-Z-B,2017
35.805130507812535,25,SA-20-Z-B,2017
1790.0493461172364,33,SA-20-Z-B,2017
15885.756982289782,3,SA-20-Y-D,2017
0.35700146875000005,4,SA-20-Y-D,2017
650.1384598828108,12,SA-20-Y-D,2017
37.20107004687502,15,SA-20-Y-D,2017
1773.87972669534,33,SA-20-Y-D,2017
16082.28929245717,3,SA-20-Z-C,2017
276.1271954062544,12,SA-20-Z-C,2017
105.98414678124945,15,SA-20-Z-C,2017
6.2444685703125,25,SA-20-Z-C,2017
1909.549791351503,33,SA-20-Z-C,2017
12641.654761031488,3,SA-20-Z-D,2017
0.2675993203125,4,SA-20-Z-D,2017
535.0942146328132,12,SA-20-Z-D,2017
1547.3583207499626,15,SA-20-Z-D,2017
152.6442788671877,25,SA-20-Z-D,2017
3445.513658703326,33,SA-20-Z-D,2017
16558.33967989407,3,SB-20-X-A,2017
0.089181171875,4,SB-20-X-A,2017
221.22161834374964,12,SB-20-X-A,2017
20.322103593749986,15,SB-20-X-A,2017
1581.4010159999789,33,SB-20-X-A,2017
17377.208027883265,3,SB-20-X-B,2017
2.1390841171874997,4,SB-20-X-B,2017
436.0869252031258,12,SB-20-X-B,2017
29.67632674999999,15,SB-20-X-B,2017
506.48820829688225,33,SB-20-X-B,2017
16989.95559320285,3,SB-20-V-B,2017
70.16121227343744,12,SB-20-V-B,2017
44.762742335937496,15,SB-20-V-B,2017
9.00668628906251,25,SB-20-V-B,2017
1299.9217709843838,33,SB-20-V-B,2017
18320.578588831726,3,SB-20-V-A,2017
7.487867515625,12,SB-20-V-A,2017
5.883011906250002,15,SB-20-V-A,2017
51.07181781249996,33,SB-20-V-A,2017
17158.81692583544,3,SA-20-Y-C,2017
0.35696748437500003,4,SA-20-Y-C,2017
194.5427953749998,12,SA-20-Y-C,2017
181.25503639843672,15,SA-20-Y-C,2017
8.9250058125,25,SA-20-Y-C,2017
823.428259140627,33,SA-20-Y-C,2017
18076.839003149755,3,SB-20-V-C,2017
130.29573615624918,12,SB-20-V-C,2017
2.6683053437499993,15,SB-20-V-C,2017
147.92004443749948,33,SB-20-V-C,2017
17305.602739701942,3,SB-20-V-D,2017
0.8899592421875001,4,SB-20-V-D,2017
391.3999855625019,12,SB-20-V-D,2017
21.707386617187492,15,SB-20-V-D,2017
2.0464985546874996,25,SB-20-V-D,2017
669.0940069843734,33,SB-20-V-D,2017
18075.33815518599,3,SB-20-Y-A,2017
40.16956032812507,12,SB-20-Y-A,2017
1.6885418515625,15,SB-20-Y-A,2017
206.71768626562516,33,SB-20-Y-A,2017
17948.031503016417,3,SB-20-Y-B,2017
0.3550120390625,4,SB-20-Y-B,2017
118.87663670312506,12,SB-20-Y-B,2017
77.86360062500013,15,SB-20-Y-B,2017
2.6651610546874993,25,SB-20-Y-B,2017
203.2181456171871,33,SB-20-Y-B,2017
17088.896123421204,3,SB-20-Y-D,2017
110.22690961718801,4,SB-20-Y-D,2017
740.3536544296784,12,SB-20-Y-D,2017
325.98800732031214,15,SB-20-Y-D,2017
0.531385125,18,SB-20-Y-D,2017
9.3083398203125,25,SB-20-Y-D,2017
63.574634125000046,33,SB-20-Y-D,2017
17499.352998924118,3,SB-20-Y-C,2017
4.252258476562499,4,SB-20-Y-C,2017
359.1538846640656,12,SB-20-Y-C,2017
107.83038786718758,15,SB-20-Y-C,2017
0.088554453125,18,SB-20-Y-C,2017
6.386342500000004,25,SB-20-Y-C,2017
345.4877074609364,33,SB-20-Y-C,2017
17364.31304849091,3,SC-20-V-A,2017
4.9533130703125,4,SC-20-V-A,2017
794.4371097968635,12,SC-20-V-A,2017
21.8459251171875,15,SC-20-V-A,2017
0.530993828125,18,SC-20-V-A,2017
56.89163190624995,33,SC-20-V-A,2017
11643.61665002336,3,SC-20-V-C,2017
6.789993210937495,4,SC-20-V-C,2017
128.34780339843695,12,SC-20-V-C,2017
4110.052714086316,15,SC-20-V-C,2017
9.001253906250007,18,SC-20-V-C,2017
29.107323945312533,25,SC-20-V-C,2017
345.76445049999995,33,SC-20-V-C,2017
9301.862655282734,3,SC-20-V-D,2017
1.3234939609375003,4,SC-20-V-D,2017
94.66080785156254,12,SC-20-V-D,2017
8306.373928687637,15,SC-20-V-D,2017
122.17022249218769,18,SC-20-V-D,2017
85.7636082890623,25,SC-20-V-D,2017
314.0540920703137,33,SC-20-V-D,2017
13932.074318335191,3,SC-20-V-B,2017
6.5502111328125,4,SC-20-V-B,2017
498.8844880546891,12,SC-20-V-B,2017
2812.2193868515997,15,SC-20-V-B,2017
9.016779382812501,18,SC-20-V-B,2017
120.02082815624945,25,SC-20-V-B,2017
851.7350150546891,33,SC-20-V-B,2017
17218.272217842543,3,SB-20-Z-A,2017
4.086873023437499,4,SB-20-Z-A,2017
319.17262132031294,12,SB-20-Z-A,2017
167.739209289062,15,SB-20-Z-A,2017
602.9211718515571,33,SB-20-Z-A,2017
16991.805665767395,3,SB-20-Z-C,2017
6.382036070312498,4,SB-20-Z-C,2017
334.3062085234376,12,SB-20-Z-C,2017
679.5288790625045,15,SB-20-Z-C,2017
2.92267721875,25,SB-20-Z-C,2017
345.1097431328118,33,SB-20-Z-C,2017
14767.456939705298,3,SC-20-X-A,2017
17.870189054687497,4,SC-20-X-A,2017
2814.7343034297787,12,SC-20-X-A,2017
522.1518093124955,15,SC-20-X-A,2017
0.44202981249999995,18,SC-20-X-A,2017
151.62351107031282,33,SC-20-X-A,2017
10151.85904714153,3,SC-20-X-C,2017
0.3527910390625,4,SC-20-X-C,2017
21.357341031250023,12,SC-20-X-C,2017
7810.784809758063,15,SC-20-X-C,2017
121.52783348437497,18,SC-20-X-C,2017
26.723909007812495,25,SC-20-X-C,2017
93.86771187499993,33,SC-20-X-C,2017
16361.248011376314,3,SC-20-X-D,2017
48.65810177343749,4,SC-20-X-D,2017
89.44911357812474,12,SC-20-X-D,2017
1637.848266312521,15,SC-20-X-D,2017
0.618043359375,18,SC-20-X-D,2017
3.0892958906250003,25,SC-20-X-D,2017
51.956341000000016,33,SC-20-X-D,2017
16915.71289558481,3,SC-20-X-B,2017
25.63310880468748,4,SC-20-X-B,2017
949.7263379062529,12,SC-20-X-B,2017
256.547440367188,15,SC-20-X-B,2017
0.35353029687500004,18,SC-20-X-B,2017
92.78933303124998,33,SC-20-X-B,2017
17107.458437141002,3,SB-20-Z-D,2017
3.1918336953125,4,SB-20-Z-D,2017
138.38460180468766,12,SB-20-Z-D,2017
939.4044354531304,15,SB-20-Z-D,2017
146.88226458593726,33,SB-20-Z-D,2017
17618.39067609499,3,SB-20-Z-B,2017
5.684170023437499,4,SB-20-Z-B,2017
222.07459128906254,12,SB-20-Z-B,2017
306.47481742187455,15,SB-20-Z-B,2017
170.48969122656257,33,SB-20-Z-B,2017
17783.08180159727,3,SB-20-X-C,2017
0.0889527109375,4,SB-20-X-C,2017
188.4064162499998,12,SB-20-X-C,2017
32.11207235937501,15,SB-20-X-C,2017
380.55893359374977,33,SB-20-X-C,2017
17039.493122106323,3,SB-20-X-D,2017
0.4448670546875,4,SB-20-X-D,2017
371.51347124218705,12,SB-20-X-D,2017
181.0067828750001,15,SB-20-X-D,2017
11.568669992187502,25,SB-20-X-D,2017
737.9465374453092,33,SB-20-X-D,2017
18003.77040284553,3,SB-21-V-C,2017
0.0890419765625,4,SB-21-V-C,2017
18.69244753906249,12,SB-21-V-C,2017
99.61535407812454,15,SB-21-V-C,2017
268.57333021874996,33,SB-21-V-C,2017
16858.82086082378,3,SB-21-V-A,2017
4.6349487890625,4,SB-21-V-A,2017
221.0494099218747,12,SB-21-V-A,2017
276.5228651640638,15,SB-21-V-A,2017
5.0811885078125005,25,SB-21-V-A,2017
1025.3258435234386,33,SB-21-V-A,2017
18090.114407252255,3,SB-21-V-B,2017
0.53466921875,4,SB-21-V-B,2017
58.48637621875007,12,SB-21-V-B,2017
10.608721617187499,15,SB-21-V-B,2017
3.1177949765625,25,SB-21-V-B,2017
222.1593167812502,33,SB-21-V-B,2017
17849.15631801192,3,SB-21-V-D,2017
5.605831781250003,12,SB-21-V-D,2017
97.32452432812512,15,SB-21-V-D,2017
56.24396715624993,25,SB-21-V-D,2017
349.39244781249744,33,SB-21-V-D,2017
17625.272737647112,3,SB-21-Y-A,2017
4.262062835937499,4,SB-21-Y-A,2017
65.80591920312509,12,SB-21-Y-A,2017
617.2888023515533,15,SB-21-Y-A,2017
45.30823674218747,33,SB-21-Y-A,2017
17216.17122612167,3,SB-21-Y-B,2017
11.896584273437496,4,SB-21-Y-B,2017
304.2379447890629,12,SB-21-Y-B,2017
331.7475836171872,15,SB-21-Y-B,2017
0.0888881015625,18,SB-21-Y-B,2017
29.423040070312513,25,SB-21-Y-B,2017
430.43735786718696,33,SB-21-Y-B,2017
17146.21185290793,3,SB-21-Y-C,2017
3.8117599453125006,4,SB-21-Y-C,2017
41.39684203124999,12,SB-21-Y-C,2017
1156.0401585546354,15,SB-21-Y-C,2017
4.613000054687502,25,SB-21-Y-C,2017
16.847120367187493,33,SB-21-Y-C,2017
13410.049661055054,3,SC-21-V-C,2017
0.3525801484375,4,SC-21-V-C,2017
19.3126262421875,12,SC-21-V-C,2017
4668.728560132943,15,SC-21-V-C,2017
1.41047921875,18,SC-21-V-C,2017
15.872185039062469,25,SC-21-V-C,2017
111.0121489453126,33,SC-21-V-C,2017
18198.955891836787,3,SC-21-V-A,2017
0.5309810703125,4,SC-21-V-A,2017
10.170406218750001,12,SC-21-V-A,2017
10.698074203125001,15,SC-21-V-A,2017
55.162672257812474,33,SC-21-V-A,2017
17533.120825235426,3,SC-21-V-B,2017
5.7515518984375005,4,SC-21-V-B,2017
307.09725813281267,12,SC-21-V-B,2017
115.43411708593736,15,SC-21-V-B,2017
1.5900356015625,18,SC-21-V-B,2017
279.7128452890639,33,SC-21-V-B,2017
12443.654739531847,3,SC-21-V-D,2017
2.8203213749999994,4,SC-21-V-D,2017
43.74920355468754,12,SC-21-V-D,2017
5493.635552617387,15,SC-21-V-D,2017
6.696635039062497,18,SC-21-V-D,2017
14.102423843750016,25,SC-21-V-D,2017
189.26801518750017,33,SC-21-V-D,2017
16926.115724352738,3,SB-21-Y-D,2017
17.913321781249994,4,SB-21-Y-D,2017
970.872277421872,12,SB-21-Y-D,2017
87.61392464843748,15,SB-21-Y-D,2017
0.0885510390625,18,SB-21-Y-D,2017
24.924448687499975,25,SB-21-Y-D,2017
302.1179753203122,33,SB-21-Y-D,2017
16677.403911668618,3,SB-21-Z-A,2017
0.177658890625,4,SB-21-Z-A,2017
18.30323695312499,12,SB-21-Z-A,2017
1445.2152705859419,15,SB-21-Z-A,2017
0.888766734375,18,SB-21-Z-A,2017
127.10750817187501,25,SB-21-Z-A,2017
88.84140577343732,33,SB-21-Z-A,2017
17165.144824704326,3,SB-21-Z-C,2017
5.4033391484374995,4,SB-21-Z-C,2017
45.09194269531259,12,SB-21-Z-C,2017
1042.3624220390593,15,SB-21-Z-C,2017
0.177142859375,18,SB-21-Z-C,2017
97.52499270312488,25,SB-21-Z-C,2017
13.304796851562502,33,SB-21-Z-C,2017
17151.30142357246,3,SC-21-X-A,2017
94.55254339843763,4,SC-21-X-A,2017
861.0755629140801,12,SC-21-X-A,2017
161.87066075000035,15,SC-21-X-A,2017
1.1495530234375,18,SC-21-X-A,2017
4.3296550937500005,33,SC-21-X-A,2017
14864.052240335819,3,SC-21-X-B,2017
342.54289324218536,4,SC-21-X-B,2017
515.6106792031181,12,SC-21-X-B,2017
2448.3373790703167,15,SC-21-X-B,2017
56.41696888281252,18,SC-21-X-B,2017
6.193062406249996,25,SC-21-X-B,2017
9.3770049140625,33,SC-21-X-B,2017
15302.256616352908,3,SB-21-Z-D,2017
4.694992312499999,4,SB-21-Z-D,2017
26.504640570312496,12,SB-21-Z-D,2017
2916.8333154061265,15,SB-21-Z-D,2017
21.35897032812499,18,SB-21-Z-D,2017
11.092650726562495,25,SB-21-Z-D,2017
53.289802304687534,33,SB-21-Z-D,2017
16070.355084393417,3,SB-21-Z-B,2017
0.17765892968750002,4,SB-21-Z-B,2017
7.907380867187498,12,SB-21-Z-B,2017
2166.9247911953976,15,SB-21-Z-B,2017
0.26645470312499997,18,SB-21-Z-B,2017
79.34779307031242,33,SB-21-Z-B,2017
17630.131485113317,3,SB-21-X-C,2017
0.3559642421875,4,SB-21-X-C,2017
10.771987343749998,12,SB-21-X-C,2017
431.97240765624576,15,SB-21-X-C,2017
1.2466467187499999,18,SB-21-X-C,2017
61.11736166406263,25,SB-21-X-C,2017
255.14472392187426,33,SB-21-X-C,2017
18223.075552766404,3,SB-21-X-D,2017
0.5341581640624999,4,SB-21-X-D,2017
5.60639434375,12,SB-21-X-D,2017
19.131493085937517,15,SB-21-X-D,2017
0.089021359375,18,SB-21-X-D,2017
109.28646936718762,33,SB-21-X-D,2017
14931.900203040585,3,SB-21-X-A,2017
58.38835757812502,12,SB-21-X-A,2017
2794.32495626556,15,SB-21-X-A,2017
1.4263432656250001,18,SB-21-X-A,2017
31.38065514062501,25,SB-21-X-A,2017
600.66735582031,33,SB-21-X-A,2017
16511.492884245556,3,SB-21-X-B,2017
0.4455461484375,4,SB-21-X-B,2017
12.476202664062505,12,SB-21-X-B,2017
1687.1958376483806,15,SB-21-X-B,2017
3.745014703125,18,SB-21-X-B,2017
6.509658960937504,25,SB-21-X-B,2017
163.15614169531312,33,SB-21-X-B,2017
17468.343833695006,3,SA-21-Z-C,2017
0.089277765625,4,SA-21-Z-C,2017
57.64855482812516,12,SA-21-Z-C,2017
677.1541971796904,15,SA-21-Z-C,2017
0.178547671875,18,SA-21-Z-C,2017
232.9887492343754,33,SA-21-Z-C,2017
14742.76285163987,3,SA-21-Z-D,2017
0.178477703125,4,SA-21-Z-D,2017
20.43391893749997,12,SA-21-Z-D,2017
2655.3087938281396,15,SA-21-Z-D,2017
56.056040882812695,18,SA-21-Z-D,2017
2.7652552109375,25,SA-21-Z-D,2017
924.9883668984323,33,SA-21-Z-D,2017
8142.40642313309,3,SA-21-Z-B,2017
0.8932464296875001,4,SA-21-Z-B,2017
730.9074551093942,12,SA-21-Z-B,2017
2012.9037065703567,15,SA-21-Z-B,2017
520.9716153515619,18,SA-21-Z-B,2017
70.38194990624997,25,SA-21-Z-B,2017
6492.406641390741,33,SA-21-Z-B,2017
11204.818972179972,3,SA-21-Z-A,2017
0.6253718046875,4,SA-21-Z-A,2017
842.7914038437764,12,SA-21-Z-A,2017
1569.1344331171833,15,SA-21-Z-A,2017
15.6326835625,18,SA-21-Z-A,2017
41.532673281250034,25,SA-21-Z-A,2017
4275.727189906128,33,SA-21-Z-A,2017
14565.785613693519,3,SA-21-Y-D,2017
0.1783918203125,4,SA-21-Y-D,2017
706.1467030546935,12,SA-21-Y-D,2017
718.3788016250019,15,SA-21-Y-D,2017
0.2677866953125,18,SA-21-Y-D,2017
22.493840015625,25,SA-21-Y-D,2017
2305.5195442968597,33,SA-21-Y-D,2017
12421.33834655416,3,SA-21-Y-B,2017
0.3573003515625,4,SA-21-Y-B,2017
1132.2426124140861,12,SA-21-Y-B,2017
961.7034095156253,15,SA-21-Y-B,2017
1.339700140625,18,SA-21-Y-B,2017
16.073822281250006,25,SA-21-Y-B,2017
3466.9115296401656,33,SA-21-Y-B,2017
11073.027307959523,3,SA-21-Y-C,2017
2.5871620234374997,4,SA-21-Y-C,2017
1002.3359366093623,12,SA-21-Y-C,2017
2304.311921710913,15,SA-21-Y-C,2017
144.3467092734377,25,SA-21-Y-C,2017
3615.6174198751787,33,SA-21-Y-C,2017
17692.100402799373,3,SA-21-Y-A,2017
70.19661263281236,12,SA-21-Y-A,2017
403.1971513749989,15,SA-21-Y-A,2017
0.35735163281250004,18,SA-21-Y-A,2017
16.51848952343749,25,SA-21-Y-A,2017
267.32464368749913,33,SA-21-Y-A,2017
18211.403364744132,3,SA-21-V-D,2017
0.268045625,4,SA-21-V-D,2017
31.63168375781249,12,SA-21-V-D,2017
40.214076234374964,15,SA-21-V-D,2017
150.66722985937474,33,SA-21-V-D,2017
16235.225075017652,3,SA-21-V-C,2017
76.76841718749995,12,SA-21-V-C,2017
27.07364799218751,15,SA-21-V-C,2017
0.17873091406250002,18,SA-21-V-C,2017
3.4847606484374998,25,SA-21-V-C,2017
2123.625707203123,33,SA-21-V-C,2017
13583.395882040513,3,SA-21-X-C,2017
1.250948546875,4,SA-21-X-C,2017
677.8694379999977,12,SA-21-X-C,2017
1946.4200410781054,15,SA-21-X-C,2017
5.450343695312501,18,SA-21-X-C,2017
89.26901116406273,25,SA-21-X-C,2017
2021.886378867147,33,SA-21-X-C,2017
11433.722639687532,3,SA-21-X-D,2017
0.44690900781250004,4,SA-21-X-D,2017
1065.402911695312,12,SA-21-X-D,2017
4975.260112585562,15,SA-21-X-D,2017
8.577571820312496,18,SA-21-X-D,2017
16.97589132812502,25,SA-21-X-D,2017
705.2268558671697,33,SA-21-X-D,2017
11628.259944570063,3,SA-22-V-C,2017
4.378910453125,4,SA-22-V-C,2017
2254.5880143827944,12,SA-22-V-C,2017
1998.2660120547482,15,SA-22-V-C,2017
11.080948007812507,18,SA-22-V-C,2017
5.9872269765625,25,SA-22-V-C,2017
1883.2297792812396,33,SA-22-V-C,2017
17461.121281415148,3,SB-22-V-A,2017
35.9214561171875,12,SB-22-V-A,2017
442.73979098437337,15,SB-22-V-A,2017
0.178267328125,18,SB-22-V-A,2017
478.12707526562536,33,SB-22-V-A,2017
13130.314383976845,3,SA-22-Y-C,2017
0.1784283828125,4,SA-22-Y-C,2017
62.444062531249756,12,SA-22-Y-C,2017
5048.203228015736,15,SA-22-Y-C,2017
5.264174320312502,18,SA-22-Y-C,2017
16.150177437500016,25,SA-22-Y-C,2017
177.41879948437474,33,SA-22-Y-C,2017
16147.30106832143,3,SA-22-Y-A,2017
401.8456175546869,12,SA-22-Y-A,2017
977.411999773449,15,SA-22-Y-A,2017
3.4825236562499997,18,SA-22-Y-A,2017
0.5360201015625,25,SA-22-Y-A,2017
879.1790918906382,33,SA-22-Y-A,2017
14066.07257147002,3,SA-22-V-D,2017
0.804307796875,4,SA-22-V-D,2017
1176.780571820305,12,SA-22-V-D,2017
466.9285920781241,15,SA-22-V-D,2017
0.536249765625,18,SA-22-V-D,2017
4.825544375,25,SA-22-V-D,2017
2463.2786873437844,33,SA-22-V-D,2017
15070.416990517655,3,SA-22-Y-B,2017
87.70197744531248,12,SA-22-Y-B,2017
2019.0022807265805,15,SA-22-Y-B,2017
0.1785699140625,18,SA-22-Y-B,2017
3.0360776718749984,25,SA-22-Y-B,2017
1268.2830817968652,33,SA-22-Y-B,2017
11033.223841897807,3,SA-22-Y-D,2017
209.0219506874993,12,SA-22-Y-D,2017
6269.490185102062,15,SA-22-Y-D,2017
0.8925280156250001,18,SA-22-Y-D,2017
37.13183735156254,25,SA-22-Y-D,2017
890.2129110312388,33,SA-22-Y-D,2017
18304.764891941286,3,SB-22-V-B,2017
0.7125709765625,4,SB-22-V-B,2017
5.4352010078125,12,SB-22-V-B,2017
86.67341198437506,15,SB-22-V-B,2017
20.501795203125006,33,SB-22-V-B,2017
15668.01993085344,3,SA-22-Z-A,2017
3.0369312812500002,4,SA-22-Z-A,2017
945.6377931484541,12,SA-22-Z-A,2017
1239.9479315546762,15,SA-22-Z-A,2017
1.6968053671874999,18,SA-22-Z-A,2017
14.469586210937493,25,SA-22-Z-A,2017
543.1237440624988,33,SA-22-Z-A,2017
11570.357553227626,3,SA-22-Z-C,2017
0.5351846484375,4,SA-22-Z-C,2017
52.39068360156264,12,SA-22-Z-C,2017
5912.1409710388025,15,SA-22-Z-C,2017
3.8370363750000003,18,SA-22-Z-C,2017
34.43437330468752,25,SA-22-Z-C,2017
830.1371288906174,33,SA-22-Z-C,2017
16137.364887061507,3,SA-22-X-C,2017
3.1272676484375004,4,SA-22-X-C,2017
284.0590581250007,12,SA-22-X-C,2017
143.59685280468733,15,SA-22-X-C,2017
18.0497278984375,25,SA-22-X-C,2017
1828.0614500468937,33,SA-22-X-C,2017
9075.455051546309,3,SA-22-X-D,2017
9.920366890624997,4,SA-22-X-D,2017
2547.0610445858515,12,SA-22-X-D,2017
2453.1174256015765,15,SA-22-X-D,2017
126.53324071093817,18,SA-22-X-D,2017
421.0280680781252,25,SA-22-X-D,2017
3798.926509226345,33,SA-22-X-D,2017
7102.549916085937,3,SA-23-V-C,2017
0.08935678125,4,SA-23-V-C,2017
70.24964239843759,12,SA-23-V-C,2017
10972.546003772795,15,SA-23-V-C,2017
16.979367804687502,18,SA-23-V-C,2017
142.19212482812526,25,SA-23-V-C,2017
129.13115997656257,33,SA-23-V-C,2017
9251.475112608812,3,SA-23-Y-A,2017
42.15103971093746,12,SA-23-Y-A,2017
8438.096479539014,15,SA-23-Y-A,2017
551.7643200078136,18,SA-23-Y-A,2017
47.15376708593746,25,SA-23-Y-A,2017
91.72241134375007,33,SA-23-Y-A,2017
11498.523522398755,3,SA-23-Y-C,2017
0.2676344140625,4,SA-23-Y-C,2017
15.171914804687512,12,SA-23-Y-C,2017
5871.6998449374805,15,SA-23-Y-C,2017
925.614847718766,18,SA-23-Y-C,2017
67.65398493750025,25,SA-23-Y-C,2017
24.098618296875003,33,SA-23-Y-C,2017
12850.431896437474,3,SA-22-Z-D,2017
2.3201358046874994,4,SA-22-Z-D,2017
22.757725367187508,12,SA-22-Z-D,2017
5406.590068296904,15,SA-22-Z-D,2017
89.1573275546879,18,SA-22-Z-D,2017
5.084507765625001,25,SA-22-Z-D,2017
58.81161058593751,33,SA-22-Z-D,2017
11345.922274768182,3,SA-22-Z-B,2017
5.091172437499997,4,SA-22-Z-B,2017
554.7138275781215,12,SA-22-Z-B,2017
4910.009868077732,15,SA-22-Z-B,2017
1009.9103486953285,18,SA-22-Z-B,2017
38.66939488281251,25,SA-22-Z-B,2017
505.16785578124455,33,SA-22-Z-B,2017
9431.744738000212,3,SB-22-X-A,2017
1.0693070703125,4,SB-22-X-A,2017
12.478686515625,12,SB-22-X-A,2017
7469.725833125088,15,SB-22-X-A,2017
0.35647474999999995,18,SB-22-X-A,2017
8.202598000000005,25,SB-22-X-A,2017
1460.998019976556,33,SB-22-X-A,2017
7918.036003124927,3,SB-22-X-B,2017
0.35639703125,4,SB-22-X-B,2017
27.178774187499982,12,SB-22-X-B,2017
9335.516093367009,15,SB-22-X-B,2017
203.36515335937472,18,SB-22-X-B,2017
26.999658617187524,25,SB-22-X-B,2017
896.479317132816,33,SB-22-X-B,2017
9315.787958078517,3,SB-22-X-C,2017
7.649541742187499,4,SB-22-X-C,2017
9.519664390624996,12,SB-22-X-C,2017
8938.477610930246,15,SB-22-X-C,2017
4.3586560625,18,SB-22-X-C,2017
45.187920757812535,25,SB-22-X-C,2017
36.47479407812499,33,SB-22-X-C,2017
4441.317732555221,3,SB-22-X-D,2017
463.37014368749567,4,SB-22-X-D,2017
133.88535860937512,12,SB-22-X-D,2017
12620.211544684555,15,SB-22-X-D,2017
4.984731664062502,18,SB-22-X-D,2017
99.07438446874974,25,SB-22-X-D,2017
589.5299541093812,33,SB-22-X-D,2017
6299.337061992983,3,SB-23-V-C,2017
2689.5259431562936,4,SB-23-V-C,2017
74.9322609765625,12,SB-23-V-C,2017
8926.738271696151,15,SB-23-V-C,2017
10.95100553125,18,SB-23-V-C,2017
194.81066278124956,25,SB-23-V-C,2017
116.03785260937504,33,SB-23-V-C,2017
7011.273730046734,3,SB-23-V-A,2017
1.069112734375,4,SB-23-V-A,2017
5.348411914062499,12,SB-23-V-A,2017
9660.599237695082,15,SB-23-V-A,2017
1232.4551785312533,18,SB-23-V-A,2017
42.41589724218752,25,SB-23-V-A,2017
13.636226289062499,33,SB-23-V-A,2017
3029.5952770859303,3,SB-23-Y-A,2017
10293.424280477155,4,SB-23-Y-A,2017
1427.5521252968608,12,SB-23-Y-A,2017
2990.9792072577866,15,SB-23-Y-A,2017
73.78926696093741,18,SB-23-Y-A,2017
56.14745373437481,25,SB-23-Y-A,2017
186.60984467187515,33,SB-23-Y-A,2017
2874.806458554695,3,SB-22-Z-D,2017
2884.312571382603,4,SB-22-Z-D,2017
826.9685798749811,12,SB-22-Z-D,2017
11326.113733343776,15,SB-22-Z-D,2017
81.53079247656258,18,SB-22-Z-D,2017
89.66297260937486,25,SB-22-Z-D,2017
234.03879835937516,33,SB-22-Z-D,2017
2386.4517200156133,3,SC-22-X-B,2017
5517.92693460217,4,SC-22-X-B,2017
1075.3392077734447,12,SC-22-X-B,2017
8040.7863652882725,15,SC-22-X-B,2017
681.6718487734265,18,SC-22-X-B,2017
83.93364702343746,25,SC-22-X-B,2017
230.0825731093759,33,SC-22-X-B,2017
3330.5472782733923,3,SB-22-Z-B,2017
629.2423684374925,4,SB-22-Z-B,2017
192.72280928124917,12,SB-22-Z-B,2017
13797.160422891533,15,SB-22-Z-B,2017
50.44701329687515,18,SB-22-Z-B,2017
22.303342109374988,25,SB-22-Z-B,2017
276.67877019531267,33,SB-22-Z-B,2017
8561.334790399034,3,SB-22-Z-A,2017
246.43327585156266,4,SB-22-Z-A,2017
84.15239510156248,12,SB-22-Z-A,2017
9208.907069632542,15,SB-22-Z-A,2017
12.434656718749999,18,SB-22-Z-A,2017
200.43170107812549,25,SB-22-Z-A,2017
9.0641312109375,33,SB-22-Z-A,2017
4614.658931640353,3,SB-22-Z-C,2017
1131.1077473437413,4,SB-22-Z-C,2017
477.30027313281386,12,SB-22-Z-C,2017
11971.251466538348,15,SB-22-Z-C,2017
20.64791653125001,18,SB-22-Z-C,2017
71.79403286718761,25,SB-22-Z-C,2017
9.662002078125001,33,SB-22-Z-C,2017
3595.0727938671525,3,SC-22-X-A,2017
2622.9366205702627,4,SC-22-X-A,2017
553.61465196875,12,SC-22-X-A,2017
10810.48327904638,15,SC-22-X-A,2017
214.8020338828127,18,SC-22-X-A,2017
39.298113375000014,25,SC-22-X-A,2017
115.14380063281341,33,SC-22-X-A,2017
16526.31793243174,3,SB-22-Y-D,2017
754.314473914054,4,SB-22-Y-D,2017
563.4843567031224,12,SB-22-Y-D,2017
441.17267117186856,15,SB-22-Y-D,2017
0.7975514765625,18,SB-22-Y-D,2017
3.90271865625,25,SB-22-Y-D,2017
69.44964742968747,33,SB-22-Y-D,2017
12795.970065251915,3,SC-22-V-B,2017
736.3486219687536,4,SC-22-V-B,2017
1079.3671011484262,12,SC-22-V-B,2017
3459.997083203284,15,SC-22-V-B,2017
61.24178355468729,18,SC-22-V-B,2017
6.197891429687502,25,SC-22-V-B,2017
127.8162996796878,33,SC-22-V-B,2017
18007.500645736473,3,SC-22-V-A,2017
85.58277505468746,4,SC-22-V-A,2017
15.482276710937496,12,SC-22-V-A,2017
5.0404297890625,15,SC-22-V-A,2017
0.7961125468749999,18,SC-22-V-A,2017
161.1157930859377,33,SC-22-V-A,2017
17874.258207336832,3,SB-22-Y-C,2017
15.954130984375002,4,SB-22-Y-C,2017
62.149864343750025,12,SB-22-Y-C,2017
204.78240714843824,15,SB-22-Y-C,2017
0.354243359375,18,SB-22-Y-C,2017
211.244659,33,SB-22-Y-C,2017
6740.254733586371,3,SB-22-Y-B,2017
170.3148421171869,4,SB-22-Y-B,2017
44.93508132812504,12,SB-22-Y-B,2017
11006.406988811632,15,SB-22-Y-B,2017
114.21593306250003,25,SB-22-Y-B,2017
281.5438539062507,33,SB-22-Y-B,2017
15125.191158470887,3,SB-22-Y-A,2017
36.25301891406255,4,SB-22-Y-A,2017
125.77102239843761,12,SB-22-Y-A,2017
3006.472347351582,15,SB-22-Y-A,2017
64.250211640625,33,SB-22-Y-A,2017
15535.60608755805,3,SB-22-V-D,2017
153.8407670234382,4,SB-22-V-D,2017
3.1143991406250002,12,SB-22-V-D,2017
2681.986382796992,15,SB-22-V-D,2017
8.716615375,25,SB-22-V-D,2017
7.476324765625,33,SB-22-V-D,2017
17494.913535465483,3,SB-22-V-C,2017
4.892807078125,4,SB-22-V-C,2017
116.3387023124999,12,SB-22-V-C,2017
513.7402380390594,15,SB-22-V-C,2017
260.85529376562556,33,SB-22-V-C,2017
12141.39547203191,3,SC-21-X-D,2017
536.2841563984238,4,SC-21-X-D,2017
827.0357167265565,12,SC-21-X-D,2017
4348.306378976857,15,SC-21-X-D,2017
289.9680996796868,18,SC-21-X-D,2017
23.07877874218751,25,SC-21-X-D,2017
25.831079648437488,33,SC-21-X-D,2017
17191.82216518058,3,SC-22-V-C,2017
300.18940828906136,4,SC-22-V-C,2017
139.48675567968726,12,SC-22-V-C,2017
450.7088283437475,15,SC-22-V-C,2017
38.9379720078125,18,SC-22-V-C,2017
81.01162250781248,33,SC-22-V-C,2017
13745.8097214928,3,SC-22-Y-A,2017
156.9090047343749,4,SC-22-Y-A,2017
35.530803015624976,12,SC-22-Y-A,2017
3732.8456640938434,15,SC-22-Y-A,2017
314.857444648439,18,SC-22-Y-A,2017
1.4935236718750002,25,SC-22-Y-A,2017
164.7862660859375,33,SC-22-Y-A,2017
7482.775679110365,3,SC-21-Z-B,2017
13.0206094609375,4,SC-21-Z-B,2017
42.38194599218751,12,SC-21-Z-B,2017
9295.760423103995,15,SC-21-Z-B,2017
1110.7975226171968,18,SC-21-Z-B,2017
150.305344789063,25,SC-21-Z-B,2017
41.79272358593746,33,SC-21-Z-B,2017
15385.991082889812,3,SC-22-Y-C,2017
171.85098046874995,4,SC-22-Y-C,2017
108.55912226562518,12,SC-22-Y-C,2017
687.3838176562417,15,SC-22-Y-C,2017
1200.6189136797047,18,SC-22-Y-C,2017
362.9508170624993,33,SC-22-Y-C,2017
11886.662391679134,3,SC-21-Z-D,2017
0.43897896875,4,SC-21-Z-D,2017
85.77053429687471,12,SC-21-Z-D,2017
2297.477361437506,15,SC-21-Z-D,2017
3717.910922507887,18,SC-21-Z-D,2017
40.997138687500005,25,SC-21-Z-D,2017
50.45644851562497,33,SC-21-Z-D,2017
11225.004504452361,3,SD-21-X-B,2017
45.75229096875005,4,SD-21-X-B,2017
27.798274242187453,12,SD-21-X-B,2017
1875.820624351526,15,SD-21-X-B,2017
4778.001338859405,18,SD-21-X-B,2017
9.785744304687508,25,SD-21-X-B,2017
51.01193869531251,33,SD-21-X-B,2017
6440.440466992332,3,SD-21-X-D,2017
3546.6285177656055,4,SD-21-X-D,2017
86.2076856484374,12,SD-21-X-D,2017
1874.293646953149,15,SD-21-X-D,2017
5664.0548588125475,18,SD-21-X-D,2017
24.273481546875,25,SD-21-X-D,2017
20.78830379687502,33,SD-21-X-D,2017
14531.637322687126,3,SD-22-V-A,2017
1012.8541477578185,4,SD-22-V-A,2017
181.14491277343828,12,SD-22-V-A,2017
500.66985189843746,15,SD-22-V-A,2017
1112.918517664068,18,SD-22-V-A,2017
346.2562353281242,33,SD-22-V-A,2017
4361.86220418733,3,SD-22-V-C,2017
4510.928780476556,4,SD-22-V-C,2017
343.40116805468597,12,SD-22-V-C,2017
4670.159765328126,15,SD-22-V-C,2017
3635.7474835467383,18,SD-22-V-C,2017
4.088617015624999,25,SD-22-V-C,2017
68.74720643749998,33,SD-22-V-C,2017
6062.365691080085,3,SC-22-Y-B,2017
1096.3079793359555,4,SC-22-Y-B,2017
206.97072522656353,12,SC-22-Y-B,2017
8175.625943314548,15,SC-22-Y-B,2017
1386.9744175937876,18,SC-22-Y-B,2017
23.39062826562499,25,SC-22-Y-B,2017
31.398678398437475,33,SC-22-Y-B,2017
5935.365933382552,3,SC-22-Y-D,2017
2436.049832140521,4,SC-22-Y-D,2017
299.8427137734356,12,SC-22-Y-D,2017
4711.172849539143,15,SC-22-Y-D,2017
2283.658308984298,18,SC-22-Y-D,2017
6.223287804687501,25,SC-22-Y-D,2017
41.61218642187486,33,SC-22-Y-D,2017
5241.055144132687,3,SD-22-V-B,2017
2394.486446617036,4,SD-22-V-B,2017
428.7046404374995,12,SD-22-V-B,2017
3846.028002304615,15,SD-22-V-B,2017
3869.782979710843,18,SD-22-V-B,2017
14.31619642968749,25,SD-22-V-B,2017
129.87210481250006,33,SD-22-V-B,2017
1753.8461868047368,3,SD-22-V-D,2017
5814.413318015508,4,SD-22-V-D,2017
472.3623698984362,12,SD-22-V-D,2017
3497.3001578515236,15,SD-22-V-D,2017
2157.861438890545,18,SD-22-V-D,2017
23.037901945312523,25,SD-22-V-D,2017
78.83723372656236,33,SD-22-V-D,2017
4572.524275484307,3,SC-22-Z-A,2017
3459.416998484353,4,SC-22-Z-A,2017
507.08412598437735,12,SC-22-Z-A,2017
2395.117757406275,15,SC-22-Z-A,2017
866.9591811640553,18,SC-22-Z-A,2017
16.70287662499999,25,SC-22-Z-A,2017
338.58388454687605,33,SC-22-Z-A,2017
6153.439705812823,3,SC-22-X-C,2017
2282.89853426565,4,SC-22-X-C,2017
364.6370230703126,12,SC-22-X-C,2017
7176.033219149417,15,SC-22-X-C,2017
1015.700439046846,18,SC-22-X-C,2017
20.467029453125,25,SC-22-X-C,2017
279.1727579687497,33,SC-22-X-C,2017
10293.041907055369,3,SC-22-V-D,2017
493.8673688515631,4,SC-22-V-D,2017
211.41643831250195,12,SC-22-V-D,2017
6934.713808624944,15,SC-22-V-D,2017
140.82128886718718,18,SC-22-V-D,2017
145.64280709374998,33,SC-22-V-D,2017
1905.3870188125552,3,SC-22-X-D,2017
8847.777222500385,4,SC-22-X-D,2017
1005.4596819296762,12,SC-22-X-D,2017
5129.157489867785,15,SC-22-X-D,2017
712.3100654218524,18,SC-22-X-D,2017
57.58695926562501,25,SC-22-X-D,2017
156.7471455234377,33,SC-22-X-D,2017
2999.4791505702315,3,SE-21-V-B,2017
3278.614228609388,4,SE-21-V-B,2017
2377.5006378359126,12,SE-21-V-B,2017
3633.7643424140856,15,SE-21-V-B,2017
54.66846074218752,18,SE-21-V-B,2017
37.23241285156236,25,SE-21-V-B,2017
398.7341959140633,33,SE-21-V-B,2017
698.0008450156469,3,SE-21-V-A,2017
991.1571613281545,4,SE-21-V-A,2017
306.3670347968786,12,SE-21-V-A,2017
3051.535391484528,15,SE-21-V-A,2017
18.82467654687502,18,SE-21-V-A,2017
32.57502031250004,33,SE-21-V-A,2017
2349.7804684453486,3,SD-21-Y-C,2017
3655.7328679454868,4,SD-21-Y-C,2017
344.29113632812397,12,SD-21-Y-C,2017
10843.752329084507,15,SD-21-Y-C,2017
210.73102039843735,18,SD-21-Y-C,2017
32.02948703125002,25,SD-21-Y-C,2017
67.04903119531234,33,SD-21-Y-C,2017
4457.90502182833,3,SD-21-Y-D,2017
1948.8436643203754,4,SD-21-Y-D,2017
411.64442275781374,12,SD-21-Y-D,2017
10231.152748453618,15,SD-21-Y-D,2017
326.25016510156354,18,SD-21-Y-D,2017
45.02252845312499,25,SD-21-Y-D,2017
133.30923400000026,33,SD-21-Y-D,2017
53.577020992187,3,SE-20-X-B,2017
120.45765203906171,4,SE-20-X-B,2017
3.0095136796875,12,SE-20-X-B,2017
406.3192048906261,15,SE-20-X-B,2017
0.515833453125,18,SE-20-X-B,2017
5.1579110546875,33,SE-20-X-B,2017
560.6798085937507,3,SD-20-Z-D,2017
1131.2518241718708,4,SD-20-Z-D,2017
46.33513537500001,12,SD-20-Z-D,2017
1525.290330367221,15,SD-20-Z-D,2017
11.385593539062498,18,SD-20-Z-D,2017
87.6732575937501,33,SD-20-Z-D,2017
1483.5188596171565,3,SD-20-Z-B,2017
312.7691016953166,4,SD-20-Z-B,2017
460.0154939218769,12,SD-20-Z-B,2017
1678.7807967812435,15,SD-20-Z-B,2017
271.65964059375136,18,SD-20-Z-B,2017
57.19993410156253,33,SD-20-Z-B,2017
3825.0896858908345,3,SD-21-Y-A,2017
4590.235550211005,4,SD-21-Y-A,2017
5654.5347795240195,12,SD-21-Y-A,2017
3020.532838914235,15,SD-21-Y-A,2017
691.6645778593852,18,SD-21-Y-A,2017
43.55587814843751,25,SD-21-Y-A,2017
35.736778187499944,33,SD-21-Y-A,2017
2964.538862781396,3,SD-21-Y-B,2017
2614.3474151796504,4,SD-21-Y-B,2017
3127.8390201718767,12,SD-21-Y-B,2017
4859.243802023221,15,SD-21-Y-B,2017
3906.5187865000285,18,SD-21-Y-B,2017
59.668022757812665,25,SD-21-Y-B,2017
52.714912046875,33,SD-21-Y-B,2017
5779.888111827823,3,SD-21-V-D,2017
2620.9903252031145,4,SD-21-V-D,2017
2149.2503863437996,12,SD-21-V-D,2017
1087.4484866249807,15,SD-21-V-D,2017
6178.3366354684695,18,SD-21-V-D,2017
36.176813593750076,25,SD-21-V-D,2017
8.530735359375003,33,SD-21-V-D,2017
7300.598843015343,3,SD-21-X-C,2017
1007.6957097109331,4,SD-21-X-C,2017
114.44131455468731,12,SD-21-X-C,2017
1560.3166170859859,15,SD-21-X-C,2017
7701.511036983715,18,SD-21-X-C,2017
90.99060454687492,25,SD-21-X-C,2017
33.329391890625004,33,SD-21-X-C,2017
3826.413557375052,3,SD-21-Z-A,2017
6571.750247897972,4,SD-21-Z-A,2017
100.55012026562395,12,SD-21-Z-A,2017
3966.386883523636,15,SD-21-Z-A,2017
2683.1068057108832,18,SD-21-Z-A,2017
71.81288587500006,25,SD-21-Z-A,2017
279.78224296874714,33,SD-21-Z-A,2017
2844.720363953174,3,SD-21-Z-C,2017
8757.176501594378,4,SD-21-Z-C,2017
229.4312834218745,12,SD-21-Z-C,2017
4874.233649632967,15,SD-21-Z-C,2017
132.83100515624963,18,SD-21-Z-C,2017
349.8917659843745,25,SD-21-Z-C,2017
171.83301651562516,33,SD-21-Z-C,2017
6249.151333772962,3,SD-21-X-A,2017
391.9541851093755,4,SD-21-X-A,2017
45.38369328906248,12,SD-21-X-A,2017
1428.5086263828503,15,SD-21-X-A,2017
9739.559183569723,18,SD-21-X-A,2017
69.67169172656254,25,SD-21-X-A,2017
86.09071284375,33,SD-21-X-A,2017
11407.24166929601,3,SD-21-V-B,2017
1223.8204767031243,4,SD-21-V-B,2017
171.07783855468767,12,SD-21-V-B,2017
2682.4607819920493,15,SD-21-V-B,2017
2475.1122990624194,18,SD-21-V-B,2017
11.094814007812493,25,SD-21-V-B,2017
35.4730193515625,33,SD-21-V-B,2017
10065.313533850665,3,SC-21-Y-D,2017
22.348169742187498,12,SC-21-Y-D,2017
6789.740269007458,15,SC-21-Y-D,2017
1048.9006658047429,18,SC-21-Y-D,2017
16.48849184375002,25,SC-21-Y-D,2017
136.83505508593757,33,SC-21-Y-D,2017
9353.669814139657,3,SC-21-Z-C,2017
51.21061105468757,4,SC-21-Z-C,2017
151.44304387499935,12,SC-21-Z-C,2017
2987.4094909452406,15,SC-21-Z-C,2017
5418.878952273218,18,SC-21-Z-C,2017
58.830421914062555,25,SC-21-Z-C,2017
81.41740899218752,33,SC-21-Z-C,2017
8918.511908524646,3,SC-21-Z-A,2017
34.26163950781246,4,SC-21-Z-A,2017
509.4928963281255,12,SC-21-Z-A,2017
8118.320925940633,15,SC-21-Z-A,2017
427.9329814687518,18,SC-21-Z-A,2017
4.7492614921875,25,SC-21-Z-A,2017
155.75297670312523,33,SC-21-Z-A,2017
11141.493192585556,3,SC-21-X-C,2017
9.180599171874997,4,SC-21-X-C,2017
102.08782556250003,12,SC-21-X-C,2017
6574.800150805393,15,SC-21-X-C,2017
116.87066838281282,18,SC-21-X-C,2017
30.840322015624963,25,SC-21-X-C,2017
250.936324140623,33,SC-21-X-C,2017
11658.631433866965,3,SC-21-Y-B,2017
16.347457132812494,4,SC-21-Y-B,2017
340.83693049219096,12,SC-21-Y-B,2017
5924.757744298283,15,SC-21-Y-B,2017
9.931010835937503,18,SC-21-Y-B,2017
2.287644421875,25,SC-21-Y-B,2017
186.41815827343765,33,SC-21-Y-B,2017
14051.222652562621,3,SC-21-Y-C,2017
80.25183196093774,4,SC-21-Y-C,2017
45.2720063046874,12,SC-21-Y-C,2017
3885.8698593905706,15,SC-21-Y-C,2017
19.017395046875016,18,SC-21-Y-C,2017
20.428925789062525,25,SC-21-Y-C,2017
10.168575859375004,33,SC-21-Y-C,2017
13079.472814892379,3,SC-21-Y-A,2017
6.9475336171874975,4,SC-21-Y-A,2017
173.13738913281247,12,SC-21-Y-A,2017
4863.812709813497,15,SC-21-Y-A,2017
14.589119460937514,18,SC-21-Y-A,2017
9.945928960937485,25,SC-21-Y-A,2017
24.28167924999997,33,SC-21-Y-A,2017
16158.331258852255,3,SC-20-Z-B,2017
5.2760792890624995,4,SC-20-Z-B,2017
28.05544657031249,12,SC-20-Z-B,2017
1902.0831572499744,15,SC-20-Z-B,2017
1.40701925,18,SC-20-Z-B,2017
43.794300757812486,33,SC-20-Z-B,2017
10895.360374709375,3,SC-20-Z-D,2017
140.91505347656266,4,SC-20-Z-D,2017
529.1782987031233,12,SC-20-Z-D,2017
6390.96074281209,15,SC-20-Z-D,2017
15.154845554687501,18,SC-20-Z-D,2017
50.04422451562497,25,SC-20-Z-D,2017
49.254197140625024,33,SC-20-Z-D,2017
9626.885817007125,3,SD-20-X-B,2017
649.6505122578103,4,SD-20-X-B,2017
517.0285582968734,12,SD-20-X-B,2017
6055.311950601409,15,SD-20-X-B,2017
995.0189945468811,18,SD-20-X-B,2017
80.03363687499996,25,SD-20-X-B,2017
81.30747048437527,33,SD-20-X-B,2017
5662.901441343579,3,SD-20-X-D,2017
1242.4529865390346,4,SD-20-X-D,2017
301.0013683671875,12,SD-20-X-D,2017
4320.5299947107,15,SD-20-X-D,2017
1339.9734853750047,18,SD-20-X-D,2017
20.119557484374965,25,SD-20-X-D,2017
77.47144112499993,33,SD-20-X-D,2017
9636.083819241385,3,SD-21-V-A,2017
7368.5962852027415,4,SD-21-V-A,2017
150.84559696874987,12,SD-21-V-A,2017
262.8286682812502,15,SD-21-V-A,2017
562.2553225390594,18,SD-21-V-A,2017
37.71652521093749,25,SD-21-V-A,2017
20.796420296875006,33,SD-21-V-A,2017
6000.566233937592,3,SD-21-V-C,2017
4474.858316164046,4,SD-21-V-C,2017
931.8904307656136,12,SD-21-V-C,2017
1225.1305843124974,15,SD-21-V-C,2017
5201.4487675387045,18,SD-21-V-C,2017
60.191810320312435,25,SD-21-V-C,2017
18.021851281249983,33,SD-21-V-C,2017
1268.6761234687028,3,SD-20-X-C,2017
1712.1533661563296,4,SD-20-X-C,2017
584.2268735859353,12,SD-20-X-C,2017
140.73978428125,15,SD-20-X-C,2017
21.770028085937504,18,SD-20-X-C,2017
129.1611482656241,33,SD-20-X-C,2017
4936.94658996868,3,SD-20-V-B,2017
2.445990453125,4,SD-20-V-B,2017
971.1010270546916,12,SD-20-V-B,2017
3393.274254695275,15,SD-20-V-B,2017
0.17478407031249998,18,SD-20-V-B,2017
14.513595796874991,25,SD-20-V-B,2017
140.17453957031245,33,SD-20-V-B,2017
11065.711866624815,3,SD-20-X-A,2017
169.23814245312488,4,SD-20-X-A,2017
1907.5973885703036,12,SD-20-X-A,2017
4397.655064703123,15,SD-20-X-A,2017
80.44034520312519,18,SD-20-X-A,2017
3.76028978125,25,SD-20-X-A,2017
58.19945889062497,33,SD-20-X-A,2017
4938.71711261694,3,SC-20-Z-C,2017
1.754240609375,4,SC-20-Z-C,2017
447.8856350390593,12,SC-20-Z-C,2017
12511.3034914056,15,SC-20-Z-C,2017
97.49385780468742,18,SC-20-Z-C,2017
61.337204703124954,25,SC-20-Z-C,2017
52.42369360937494,33,SC-20-Z-C,2017
5511.211935619518,3,SC-20-Z-A,2017
0.88009215625,4,SC-20-Z-A,2017
57.493615421875205,12,SC-20-Z-A,2017
12447.529452892437,15,SC-20-Z-A,2017
2.2880609062500006,18,SC-20-Z-A,2017
74.34089880468751,25,SC-20-Z-A,2017
78.44311932812505,33,SC-20-Z-A,2017
10229.467543266408,3,SC-20-Y-B,2017
6.2402684140625,4,SC-20-Y-B,2017
134.47678092968718,12,SC-20-Y-B,2017
7719.095303758497,15,SC-20-Y-B,2017
3.8736509296875012,18,SC-20-Y-B,2017
26.842734046874956,25,SC-20-Y-B,2017
51.223674976562364,33,SC-20-Y-B,2017
14911.666058530467,3,SC-20-Y-D,2017
34.89136289843758,4,SC-20-Y-D,2017
1085.5969263906504,12,SC-20-Y-D,2017
2033.5545707421543,15,SC-20-Y-D,2017
23.64626590624997,18,SC-20-Y-D,2017
2.977275625,25,SC-20-Y-D,2017
18.49587675,33,SC-20-Y-D,2017
483.7938557734343,3,SD-20-V-A,2017
115.78548960937557,12,SD-20-V-A,2017
50.025906085937564,15,SD-20-V-A,2017
61.040854156249864,33,SD-20-V-A,2017
8189.0919811557515,3,SC-20-Y-C,2017
6.402772281249999,4,SC-20-Y-C,2017
328.73084121874797,12,SC-20-Y-C,2017
122.82907690624975,15,SC-20-Y-C,2017
168.88800350781236,33,SC-20-Y-C,2017
6503.319272493148,3,SC-20-Y-A,2017
7.1189159843750005,4,SC-20-Y-A,2017
95.87382119531233,12,SC-20-Y-A,2017
3440.634027796749,15,SC-20-Y-A,2017
20.215395656250006,25,SC-20-Y-A,2017
103.8477266484375,33,SC-20-Y-A,2017
10499.176226693247,3,SB-23-V-D,2018
2615.84189965639,4,SB-23-V-D,2018
356.6150954375111,12,SB-23-V-D,2018
4459.002434805376,15,SB-23-V-D,2018
97.75771000781238,18,SB-23-V-D,2018
108.90307021875009,25,SB-23-V-D,2018
1.24602503125,33,SB-23-V-D,2018
9897.916599882692,3,SB-23-X-A,2018
2025.7644747891507,4,SB-23-X-A,2018
227.42787682812508,12,SB-23-X-A,2018
5618.085876390656,15,SB-23-X-A,2018
0.5350950859375,18,SB-23-X-A,2018
123.18707516406269,25,SB-23-X-A,2018
48.6820977578125,33,SB-23-X-A,2018
7455.320574304638,3,SB-23-V-B,2018
4.9893448593750005,4,SB-23-V-B,2018
6.866460015625001,12,SB-23-V-B,2018
10497.918609539223,15,SB-23-V-B,2018
311.3943096562512,18,SB-23-V-B,2018
32.00010814843748,25,SB-23-V-B,2018
11.767576578125002,33,SB-23-V-B,2018
7011.836156493067,3,SA-23-Y-D,2018
7.584098296875,4,SA-23-Y-D,2018
298.021301265626,12,SA-23-Y-D,2018
10564.332957804361,15,SA-23-Y-D,2018
3.212292234375,18,SA-23-Y-D,2018
64.42297707812504,25,SA-23-Y-D,2018
419.34671107812596,33,SA-23-Y-D,2018
9597.58487547001,3,SA-23-Z-C,2018
2018.0560312030661,4,SA-23-Z-C,2018
583.5372580234334,12,SA-23-Z-C,2018
3759.056495328037,15,SA-23-Z-C,2018
59.711541898437574,18,SA-23-Z-C,2018
68.8042166171876,25,SA-23-Z-C,2018
749.0292954765694,33,SA-23-Z-C,2018
3867.1870809374905,3,SA-23-Z-B,2018
1994.3082227733287,4,SA-23-Z-B,2018
599.4338824609433,12,SA-23-Z-B,2018
37.14584803906252,15,SA-23-Z-B,2018
1192.286180539085,25,SA-23-Z-B,2018
438.3186687499942,33,SA-23-Z-B,2018
2051.688898210926,3,SA-23-X-C,2018
30.20570825781242,4,SA-23-X-C,2018
0.17871275,12,SA-23-X-C,2018
43.06673042187498,15,SA-23-X-C,2018
4.8248895,18,SA-23-X-C,2018
30.205385804687463,25,SA-23-X-C,2018
260.220546234374,33,SA-23-X-C,2018
7156.449732304285,3,SA-23-Z-A,2018
678.0263057421917,4,SA-23-Z-A,2018
723.2297932656211,12,SA-23-Z-A,2018
1352.431799382811,15,SA-23-Z-A,2018
21.344354523437485,18,SA-23-Z-A,2018
410.7373053437499,25,SA-23-Z-A,2018
2859.3702437188444,33,SA-23-Z-A,2018
8842.921876109964,3,SA-23-Y-B,2018
12.595234671875,4,SA-23-Y-B,2018
390.41641840624965,12,SA-23-Y-B,2018
8838.158495858794,15,SA-23-Y-B,2018
28.321310351562545,18,SA-23-Y-B,2018
43.587715843750026,25,SA-23-Y-B,2018
270.735004945311,33,SA-23-Y-B,2018
9328.113313585472,3,SA-23-V-D,2018
57.81764063281247,4,SA-23-V-D,2018
102.51154938281245,12,SA-23-V-D,2018
3983.8989320623373,15,SA-23-V-D,2018
64.95915209374998,18,SA-23-V-D,2018
48.70706339843742,25,SA-23-V-D,2018
706.3853343828071,33,SA-23-V-D,2018
141.31870525781218,3,SA-23-V-B,2018
2.6815934218750006,12,SA-23-V-B,2018
14.123032085937485,15,SA-23-V-B,2018
3.5754741093749987,25,SA-23-V-B,2018
29.676086390625063,33,SA-23-V-B,2018
965.2169173671836,3,NB-22-Y-D,2018
12.4833140703125,4,NB-22-Y-D,2018
588.0717957187477,12,NB-22-Y-D,2018
110.74578288281242,15,NB-22-Y-D,2018
287.7003198437494,33,NB-22-Y-D,2018
9683.702311673747,3,NA-22-V-B,2018
13.112799749999997,4,NA-22-V-B,2018
2133.2204899061853,12,NA-22-V-B,2018
232.2394159375001,15,NA-22-V-B,2018
5.444154343749998,18,NA-22-V-B,2018
256.3386727499996,33,NA-22-V-B,2018
0.089277984375,3,NA-22-X-A,2018
0.624944796875,33,NA-22-X-A,2018
1185.3958986093414,3,NA-22-X-C,2018
7.05713225,4,NA-22-X-C,2018
1340.7556133750081,12,NA-22-X-C,2018
38.673107124999966,15,NA-22-X-C,2018
4.198138289062498,18,NA-22-X-C,2018
4.019929937499998,25,NA-22-X-C,2018
352.43009721874796,33,NA-22-X-C,2018
3980.8388474296107,3,NA-22-Z-A,2018
27.614270789062495,4,NA-22-Z-A,2018
7444.737082194974,12,NA-22-Z-A,2018
17.158732234375,15,NA-22-Z-A,2018
54.96463113281274,18,NA-22-Z-A,2018
2.144815515625001,25,NA-22-Z-A,2018
924.8111269765628,33,NA-22-Z-A,2018
3501.342761578154,3,SA-23-V-A,2018
199.6931896640624,12,SA-23-V-A,2018
1213.3432950078388,15,SA-23-V-A,2018
6.793320343749999,18,SA-23-V-A,2018
67.48973064843743,25,SA-23-V-A,2018
572.004932945315,33,SA-23-V-A,2018
19.667445445312495,3,NA-22-Z-D,2018
0.7151798828125,4,NA-22-Z-D,2018
81.0835202734376,12,NA-22-Z-D,2018
137.49292537499994,33,NA-22-Z-D,2018
1478.6819300390932,3,SA-22-X-B,2018
56.40640717968733,4,SA-22-X-B,2018
8702.816991289696,12,SA-22-X-B,2018
451.0492102578114,15,SA-22-X-B,2018
0.2681576953125,18,SA-22-X-B,2018
27.17426955468751,25,SA-22-X-B,2018
2633.8241671641435,33,SA-22-X-B,2018
5196.438617375081,3,NA-22-Z-C,2018
85.639325484375,4,NA-22-Z-C,2018
4152.736533945541,12,NA-22-Z-C,2018
276.40221469531366,15,NA-22-Z-C,2018
123.98980829687427,18,NA-22-Z-C,2018
1.1620851093750002,25,NA-22-Z-C,2018
4155.804715757822,33,NA-22-Z-C,2018
12910.171614639463,3,SA-22-X-A,2018
92.25635562500001,4,SA-22-X-A,2018
2069.8730285859147,12,SA-22-X-A,2018
74.81943719531256,15,SA-22-X-A,2018
0.8045742265625,18,SA-22-X-A,2018
2.145431140625,25,SA-22-X-A,2018
3253.5520086638066,33,SA-22-X-A,2018
14481.747071650067,3,NA-22-Y-D,2018
18.32558926562503,4,NA-22-Y-D,2018
2491.6856262109786,12,NA-22-Y-D,2018
388.8601881875032,15,NA-22-Y-D,2018
26.72886345312503,18,NA-22-Y-D,2018
112.90580192968828,25,NA-22-Y-D,2018
202.11351032812505,33,NA-22-Y-D,2018
14621.822095730968,3,SA-22-V-B,2018
28.517173343750017,4,SA-22-V-B,2018
1345.0331152812282,12,SA-22-V-B,2018
304.1127910312542,15,SA-22-V-B,2018
4.2908933671875,18,SA-22-V-B,2018
42.373868843749804,25,SA-22-V-B,2018
1904.079622226544,33,SA-22-V-B,2018
17656.86747501161,3,SA-22-V-A,2018
0.089395234375,4,SA-22-V-A,2018
40.31549309375003,12,SA-22-V-A,2018
132.8296535468751,15,SA-22-V-A,2018
6.346598468749999,18,SA-22-V-A,2018
8.760036429687501,25,SA-22-V-A,2018
126.31308728906225,33,SA-22-V-A,2018
18392.53805073641,3,NA-22-Y-C,2018
0.0893958125,4,NA-22-Y-C,2018
2.6818557968750003,12,NA-22-Y-C,2018
0.3575700546875,15,NA-22-Y-C,2018
0.893875984375,18,NA-22-Y-C,2018
76.25317776562484,33,NA-22-Y-C,2018
17763.831453602506,3,NA-22-Y-B,2018
0.35751957031250003,4,NA-22-Y-B,2018
618.6882596328023,12,NA-22-Y-B,2018
39.594731421875004,15,NA-22-Y-B,2018
3.2176739843749997,18,NA-22-Y-B,2018
3.485975570312499,25,NA-22-Y-B,2018
37.001911218749974,33,NA-22-Y-B,2018
18427.12088414191,3,NA-22-Y-A,2018
7.7757187421874985,12,NA-22-Y-A,2018
1.6087046171875001,15,NA-22-Y-A,2018
0.17875264062500001,18,NA-22-Y-A,2018
30.65534799218749,33,NA-22-Y-A,2018
17954.1068455871,3,NA-22-V-D,2018
214.95294154687454,12,NA-22-V-D,2018
30.988137453124956,15,NA-22-V-D,2018
2.679367703125,18,NA-22-V-D,2018
5.8062408515625,25,NA-22-V-D,2018
18.66300327343749,33,NA-22-V-D,2018
5558.608191538902,3,NA-22-V-C,2018
0.357280625,12,NA-22-V-C,2018
0.0893424296875,15,NA-22-V-C,2018
12.414803484374996,33,NA-22-V-C,2018
18339.45804241735,3,NA-21-Z-B,2018
1.5192217890625002,4,NA-21-Z-B,2018
70.86513003124978,12,NA-21-Z-B,2018
1.9660758046875004,15,NA-21-Z-B,2018
19.661031914062505,33,NA-21-Z-B,2018
6778.606771453087,3,NA-21-X-D,2018
21.885133859374978,12,NA-21-X-D,2018
0.178674734375,15,NA-21-X-D,2018
0.26802191406250003,33,NA-21-X-D,2018
18373.9458809374,3,NA-21-Z-D,2018
1.7878374765625002,4,NA-21-Z-D,2018
27.0860854296875,12,NA-21-Z-D,2018
2.7711759765625,15,NA-21-Z-D,2018
33.968717234375056,33,NA-21-Z-D,2018
18309.591215676795,3,SA-21-X-B,2018
1.2514807109375,4,SA-21-X-B,2018
107.7111921484379,12,SA-21-X-B,2018
16.447093281249995,15,SA-21-X-B,2018
0.2681710703125,18,SA-21-X-B,2018
2.9497684375000004,33,SA-21-X-B,2018
18296.887689372667,3,SA-21-X-A,2018
1.3409584687500002,4,SA-21-X-A,2018
22.438375835937514,12,SA-21-X-A,2018
2.3242352812500005,15,SA-21-X-A,2018
149.465083507812,33,SA-21-X-A,2018
17822.13231858952,3,NA-21-Z-C,2018
28.605688984374993,4,NA-21-Z-C,2018
502.6450966484333,12,NA-21-Z-C,2018
2.9499812890625003,15,NA-21-Z-C,2018
114.78239966406205,33,NA-21-Z-C,2018
13191.251076922314,3,NA-21-Z-A,2018
15.727534679687498,4,NA-21-Z-A,2018
3934.438583718662,12,NA-21-Z-A,2018
5.1830706953125,15,NA-21-Z-A,2018
16.623244234375004,33,NA-21-Z-A,2018
2026.9384328437916,3,NA-21-X-C,2018
1.7867127578125,4,NA-21-X-C,2018
882.7438545546986,12,NA-21-X-C,2018
5.270584304687499,15,NA-21-X-C,2018
0.35734684375,33,NA-21-X-C,2018
13256.54220768889,3,NA-21-Y-B,2018
0.35748402343749996,12,NA-21-Y-B,2018
3.306829296875,15,NA-21-Y-B,2018
18.590714382812497,33,NA-21-Y-B,2018
19.834327499999983,3,NA-21-V-D,2018
18408.62900140271,3,NA-21-Y-D,2018
3.397027554687499,12,NA-21-Y-D,2018
2.23477653125,15,NA-21-Y-D,2018
25.388284171875004,33,NA-21-Y-D,2018
18315.57477201996,3,SA-21-V-B,2018
0.6257380937499999,4,SA-21-V-B,2018
22.347782195312476,12,SA-21-V-B,2018
8.0450825234375,15,SA-21-V-B,2018
93.05571482031264,33,SA-21-V-B,2018
18325.141438293776,3,SA-21-V-A,2018
13.497949742187494,12,SA-21-V-A,2018
3.3074241484375,15,SA-21-V-A,2018
0.089389328125,18,SA-21-V-A,2018
10.81636961718749,25,SA-21-V-A,2018
119.96135503124985,33,SA-21-V-A,2018
17493.38342321352,3,NA-21-Y-C,2018
5.18452203125,4,NA-21-Y-C,2018
7.061607625,12,NA-21-Y-C,2018
887.6292235312211,15,NA-21-Y-C,2018
6.167703562500003,25,NA-21-Y-C,2018
73.2086705546878,33,NA-21-Y-C,2018
9476.487001069097,3,NA-21-Y-A,2018
0.8934938750000001,4,NA-21-Y-A,2018
111.33059685937447,12,NA-21-Y-A,2018
180.10298732031208,15,NA-21-Y-A,2018
5.362959828125,33,NA-21-Y-A,2018
17776.690791097782,3,SA-20-X-B,2018
380.65174709375094,12,SA-20-X-B,2018
42.19515683593753,15,SA-20-X-B,2018
48.98571895312502,25,SA-20-X-B,2018
158.85401509375043,33,SA-20-X-B,2018
14776.916972430372,3,NA-20-Z-D,2018
2.770949960937501,4,NA-20-Z-D,2018
1811.6137385703,12,NA-20-Z-D,2018
1319.4020687188079,15,NA-20-Z-D,2018
7.329762390625,25,NA-20-Z-D,2018
474.5932164062533,33,NA-20-Z-D,2018
13755.84563657704,3,NA-20-Z-B,2018
4.915135960937501,4,NA-20-Z-B,2018
3097.7150213201935,12,NA-20-Z-B,2018
1329.5877672031331,15,NA-20-Z-B,2018
8.668431492187501,25,NA-20-Z-B,2018
232.80567165624961,33,NA-20-Z-B,2018
10174.374756805422,3,NA-20-X-D,2018
3.2154174921874996,4,NA-20-X-D,2018
4683.8818003434035,12,NA-20-X-D,2018
3003.0306368905635,15,NA-20-X-D,2018
93.57979470312533,18,NA-20-X-D,2018
118.0471234765629,25,NA-20-X-D,2018
274.79385978125015,33,NA-20-X-D,2018
497.3316192656231,3,NA-21-V-C,2018
2.5899092109375004,4,NA-21-V-C,2018
912.1135729062273,12,NA-21-V-C,2018
53.49762536718734,15,NA-21-V-C,2018
10.8048614453125,33,NA-21-V-C,2018
30.061217929687558,3,NA-21-V-A,2018
13.831151203125,4,NA-21-V-A,2018
2613.754938976478,12,NA-21-V-A,2018
28.555792914062508,15,NA-21-V-A,2018
8.030643476562506,18,NA-21-V-A,2018
6.156795296874998,25,NA-21-V-A,2018
37.03159092968751,33,NA-21-V-A,2018
1615.3611030312727,3,NA-20-X-B,2018
5.797694843750001,4,NA-20-X-B,2018
16028.67432294744,12,NA-20-X-B,2018
270.87650555469,15,NA-20-X-B,2018
153.8022393750012,18,NA-20-X-B,2018
319.7694372265682,33,NA-20-X-B,2018
2551.1831852422074,3,NB-20-Z-D,2018
28.797385101562504,4,NB-20-Z-D,2018
10945.432031516084,12,NB-20-Z-D,2018
120.53449154687502,15,NB-20-Z-D,2018
2.1396753046875,18,NB-20-Z-D,2018
3.1195052656250004,25,NB-20-Z-D,2018
20.948037781250008,33,NB-20-Z-D,2018
212.48196079687196,3,NB-21-Y-C,2018
5.5281498984374995,4,NB-21-Y-C,2018
1543.8945809219178,12,NB-21-Y-C,2018
29.515411203124998,15,NB-21-Y-C,2018
0.5350488671875,18,NB-21-Y-C,2018
14.532891562499993,33,NB-21-Y-C,2018
1596.7733815859951,3,NB-20-Z-B,2018
0.7124516093750001,4,NB-20-Z-B,2018
89.05804775000011,12,NB-20-Z-B,2018
2.4934671015624996,15,NB-20-Z-B,2018
4.808365039062499,33,NB-20-Z-B,2018
24.847803609375017,3,NB-21-Y-A,2018
0.44528882031250006,33,NB-21-Y-A,2018
2421.369868101326,3,NB-20-Z-C,2018
0.802567890625,12,NB-20-Z-C,2018
1.4267389140625002,15,NB-20-Z-C,2018
0.6242733984375,33,NB-20-Z-C,2018
640.9267073672098,3,NB-20-Y-D,2018
3.121387281249999,15,NB-20-Y-D,2018
0.089176828125,33,NB-20-Y-D,2018
593.1751341015593,3,NB-20-Y-C,2018
1.1593880468750002,15,NB-20-Y-C,2018
173.38811334375094,3,NA-20-V-A,2018
0.17838697656250002,15,NA-20-V-A,2018
370.4885267031221,3,NA-19-X-D,2018
4.824463242187502,12,NA-19-X-D,2018
0.35737058593750004,33,NA-19-X-D,2018
9530.314481031515,3,NA-20-V-D,2018
0.0893140078125,4,NA-20-V-D,2018
35.808028171874966,12,NA-20-V-D,2018
5.1794509062500005,15,NA-20-V-D,2018
0.714335421875,33,NA-20-V-D,2018
14038.250026585856,3,NA-20-V-B,2018
4.462213679687501,12,NA-20-V-B,2018
8.920957515625002,15,NA-20-V-B,2018
2.0521056328125002,25,NA-20-V-B,2018
45.950764140624955,33,NA-20-V-B,2018
16438.007314943537,3,NA-20-X-A,2018
7.3157427812500035,4,NA-20-X-A,2018
506.41077417968864,12,NA-20-X-A,2018
413.37285250781497,15,NA-20-X-A,2018
112.09920594531269,33,NA-20-X-A,2018
17350.29995884476,3,NA-20-X-C,2018
7.679277499999997,12,NA-20-X-C,2018
1059.1214520937704,15,NA-20-X-C,2018
39.29103699218747,33,NA-20-X-C,2018
15647.041792857444,3,NA-20-Y-B,2018
0.35750747656250004,4,NA-20-Y-B,2018
70.966311578125,12,NA-20-Y-B,2018
19.394078898437495,15,NA-20-Y-B,2018
32.354510273437484,33,NA-20-Y-B,2018
16905.74511825913,3,NA-20-Z-A,2018
1.07249921875,4,NA-20-Z-A,2018
1479.1927831561854,12,NA-20-Z-A,2018
14.922843921874996,15,NA-20-Z-A,2018
65.0656209687501,33,NA-20-Z-A,2018
12748.617774561795,3,NA-20-Z-C,2018
0.7151541015625,4,NA-20-Z-C,2018
4458.266912188009,12,NA-20-Z-C,2018
2.324216421875,15,NA-20-Z-C,2018
1186.5464327421716,33,NA-20-Z-C,2018
16258.753196996662,3,SA-20-X-A,2018
0.089392390625,4,SA-20-X-A,2018
998.61353223434,12,SA-20-X-A,2018
11.084228,15,SA-20-X-A,2018
1.8770847734375002,25,SA-20-X-A,2018
1051.4152055703084,33,SA-20-X-A,2018
15465.69364182765,3,SA-20-V-B,2018
0.268187953125,4,SA-20-V-B,2018
1456.6659176874407,12,SA-20-V-B,2018
1.1621075234375002,15,SA-20-V-B,2018
1485.7323648906186,33,SA-20-V-B,2018
15569.996107803674,3,NA-20-Y-D,2018
1.0727312890625,4,NA-20-Y-D,2018
2717.233439531159,12,NA-20-Y-D,2018
10.458751281250002,15,NA-20-Y-D,2018
159.83881047656212,33,NA-20-Y-D,2018
17236.408539777927,3,SA-20-V-A,2018
0.6257372109375001,4,SA-20-V-A,2018
321.98849439062724,12,SA-20-V-A,2018
15.733543085937496,15,SA-20-V-A,2018
2.2348807109375,25,SA-20-V-A,2018
795.4338065390577,33,SA-20-V-A,2018
17309.971538080295,3,NA-20-Y-C,2018
57.30115285937498,12,NA-20-Y-C,2018
3.3075534531250006,15,NA-20-Y-C,2018
15.822671320312491,33,NA-20-Y-C,2018
2023.0301846877069,3,NA-20-Y-A,2018
5.183966359374997,12,NA-20-Y-A,2018
2.0557278984375,15,NA-20-Y-A,2018
1.6088003515625005,33,NA-20-Y-A,2018
5383.77308471966,3,NA-19-Z-B,2018
10.008862,12,NA-19-Z-B,2018
58.00482675781252,33,NA-19-Z-B,2018
16737.163690256257,3,NA-19-Z-D,2018
0.178791078125,4,NA-19-Z-D,2018
140.52522889843726,12,NA-19-Z-D,2018
288.9155495156248,33,NA-19-Z-D,2018
17932.95641431061,3,SA-19-X-B,2018
0.089390875,4,SA-19-X-B,2018
80.27468022656242,12,SA-19-X-B,2018
5.9896192109375015,25,SA-19-X-B,2018
453.2356497734367,33,SA-19-X-B,2018
18325.13667275412,3,SA-19-X-A,2018
0.2681888984375,4,SA-19-X-A,2018
26.997218281250003,12,SA-19-X-A,2018
87.24700973437575,33,SA-19-X-A,2018
17946.28107631545,3,NA-19-Z-C,2018
4.469667281249999,4,NA-19-Z-C,2018
195.41234899218585,12,NA-19-Z-C,2018
293.48599707031445,33,NA-19-Z-C,2018
15292.137178446985,3,NA-19-Z-A,2018
33.958920843749986,12,NA-19-Z-A,2018
90.53240089062523,33,NA-19-Z-A,2018
9223.768246725329,3,SA-19-V-B,2018
6.07888128125,12,SA-19-V-B,2018
13.855309679687501,33,SA-19-V-B,2018
8800.323872312316,3,NA-19-Y-D,2018
13.766637789062496,12,NA-19-Y-D,2018
108.43330458593739,33,NA-19-Y-D,2018
7023.684170735574,3,NA-19-Y-B,2018
12.1536781875,12,NA-19-Y-B,2018
48.529273679687584,33,NA-19-Y-B,2018
231.12548494531305,3,NA-19-X-C,2018
0.446720390625,12,NA-19-X-C,2018
0.1786878984375,33,NA-19-X-C,2018
198.58069439062302,3,SC-19-Y-D,2018
0.35118725,15,SC-19-Y-D,2018
1.0534911953125001,33,SC-19-Y-D,2018
1404.2895404843791,3,SC-19-Y-A,2018
0.7918665546875001,12,SC-19-Y-A,2018
1.2308454843749999,33,SC-19-Y-A,2018
16305.797170031357,3,SC-19-Y-B,2018
0.0878691171875,4,SC-19-Y-B,2018
23.13334935156249,12,SC-19-Y-B,2018
1166.1444954687677,15,SC-19-Y-B,2018
1.6684821953124997,25,SC-19-Y-B,2018
40.78615353125,33,SC-19-Y-B,2018
17991.028631250803,3,SC-19-V-D,2018
18.614797992187498,12,SC-19-V-D,2018
154.68910413281247,15,SC-19-V-D,2018
61.69994559374993,33,SC-19-V-D,2018
9796.14330745632,3,SC-19-Z-A,2018
7.214245835937497,12,SC-19-Z-A,2018
5296.486530102915,15,SC-19-Z-A,2018
42.34408648437477,25,SC-19-Z-A,2018
31.925018835937504,33,SC-19-Z-A,2018
12300.064937164645,3,SC-19-X-C,2018
29.729834859375,12,SC-19-X-C,2018
5696.439958968937,15,SC-19-X-C,2018
83.00115608593755,25,SC-19-X-C,2018
84.77930479687497,33,SC-19-X-C,2018
144.054291195313,3,SC-19-Z-C,2018
0.2633822109375,12,SC-19-Z-C,2018
305.12748545312195,15,SC-19-Z-C,2018
8.7791782109375,25,SC-19-Z-C,2018
7.199180999999994,33,SC-19-Z-C,2018
561.7531198125099,3,SC-19-Z-B,2018
1.0562976640625,12,SC-19-Z-B,2018
1825.7303965938268,15,SC-19-Z-B,2018
8.978774648437492,25,SC-19-Z-B,2018
10.651480640624992,33,SC-19-Z-B,2018
11264.802151899752,3,SC-19-X-D,2018
6.703861835937499,12,SC-19-X-D,2018
5651.36865010186,15,SC-19-X-D,2018
6.3457223671874985,25,SC-19-X-D,2018
40.12343010156252,33,SC-19-X-D,2018
16019.582742952152,3,SC-19-X-B,2018
0.35365540624999997,4,SC-19-X-B,2018
77.28580078906218,12,SC-19-X-B,2018
2076.4129437969395,15,SC-19-X-B,2018
5.302930820312501,25,SC-19-X-B,2018
96.93375493749988,33,SC-19-X-B,2018
17756.217224257787,3,SC-19-X-A,2018
16.258467765625,12,SC-19-X-A,2018
394.84982236718605,15,SC-19-X-A,2018
75.73505429687538,33,SC-19-X-A,2018
17197.053144359696,3,SC-19-V-B,2018
14.241112648437502,12,SC-19-V-B,2018
1011.5180265703053,15,SC-19-V-B,2018
11.2379927578125,25,SC-19-V-B,2018
41.8215523671875,33,SC-19-V-B,2018
18267.130820088387,3,SB-19-Z-C,2018
4.787918625000001,12,SB-19-Z-C,2018
4.5215090859375,15,SB-19-Z-C,2018
59.59074020312523,33,SB-19-Z-C,2018
18050.13888367975,3,SB-19-Y-D,2018
20.92037484375001,12,SB-19-Y-D,2018
198.82150625781438,15,SB-19-Y-D,2018
2.305286093750001,25,SB-19-Y-D,2018
96.82341012499984,33,SB-19-Y-D,2018
17970.77009336788,3,SB-19-Z-D,2018
1.240616078125,4,SB-19-Z-D,2018
71.33677308593755,12,SB-19-Z-D,2018
112.09629155468593,15,SB-19-Z-D,2018
2.481091234375,25,SB-19-Z-D,2018
211.08459567968652,33,SB-19-Z-D,2018
18053.694120529093,3,SB-19-Z-A,2018
46.832837624999996,12,SB-19-Z-A,2018
28.07834123437502,15,SB-19-Z-A,2018
196.3738637734363,33,SB-19-Z-A,2018
18304.298786719388,3,SB-19-Z-B,2018
0.7106916328124999,12,SB-19-Z-B,2018
2.0419743203125003,15,SB-19-Z-B,2018
50.8863061015625,33,SB-19-Z-B,2018
18198.357096000942,3,SB-19-X-C,2018
23.753594164062473,12,SB-19-X-C,2018
4.5379025078124995,15,SB-19-X-C,2018
131.07449641406276,33,SB-19-X-C,2018
18174.579379006176,3,SB-19-X-D,2018
39.174770421875024,12,SB-19-X-D,2018
14.603642335937476,15,SB-19-X-D,2018
162.3827848984383,33,SB-19-X-D,2018
18207.202523073953,3,SB-19-X-A,2018
0.9805906796874999,12,SB-19-X-A,2018
0.35665028906249996,15,SB-19-X-A,2018
176.4815220234376,33,SB-19-X-A,2018
18098.68939455471,3,SB-19-X-B,2018
0.356360515625,4,SB-19-X-B,2018
51.866844632812494,12,SB-19-X-B,2018
62.80717590625015,15,SB-19-X-B,2018
4.365055914062498,25,SB-19-X-B,2018
200.00303958593776,33,SB-19-X-B,2018
17912.46862014286,3,SB-19-Y-B,2018
69.98063449218759,12,SB-19-Y-B,2018
156.39421080468784,15,SB-19-Y-B,2018
6.127922414062502,25,SB-19-Y-B,2018
212.96637092187538,33,SB-19-Y-B,2018
18329.412235785727,3,SB-19-V-D,2018
2.4920855390625003,12,SB-19-V-D,2018
0.8008497656250001,15,SB-19-V-D,2018
58.035405570312506,33,SB-19-V-D,2018
15946.144397890945,3,SB-19-V-B,2018
109.30775432031169,12,SB-19-V-B,2018
75.3359782265623,15,SB-19-V-B,2018
19.168356585937488,25,SB-19-V-B,2018
490.7762492656235,33,SB-19-V-B,2018
18027.361616986742,3,SB-19-Y-C,2018
22.607595710937503,12,SB-19-Y-C,2018
234.79819442187593,15,SB-19-Y-C,2018
2.5734646015625002,25,SB-19-Y-C,2018
81.66858928125001,33,SB-19-Y-C,2018
18159.339777039007,3,SB-19-Y-A,2018
30.186009351562497,12,SB-19-Y-A,2018
78.29826062500041,15,SB-19-Y-A,2018
90.11371176562444,33,SB-19-Y-A,2018
18316.771697679185,3,SB-19-V-C,2018
3.0257961796874993,12,SB-19-V-C,2018
1.8675186171874998,15,SB-19-V-C,2018
69.07556417968738,33,SB-19-V-C,2018
11190.393990782464,3,SB-19-V-A,2018
1.7831999687499998,12,SB-19-V-A,2018
2.1394189453125003,15,SB-19-V-A,2018
168.55392302343765,33,SB-19-V-A,2018
15945.993927950576,3,SB-18-Z-B,2018
3.909380140625,12,SB-18-Z-B,2018
6.3037698203125005,15,SB-18-Z-B,2018
8.977503609374997,33,SB-18-Z-B,2018
11599.589201576502,3,SB-18-X-D,2018
9.077364218750002,12,SB-18-X-D,2018
1.9577064453124997,15,SB-18-X-D,2018
52.1566954140625,33,SB-18-X-D,2018
1396.1058526015709,3,SB-18-X-B,2018
0.26721847656250003,12,SB-18-X-B,2018
0.178206796875,15,SB-18-X-B,2018
38.2192391484375,33,SB-18-X-B,2018
16504.722318250922,3,SB-18-Z-D,2018
31.290060453125015,12,SB-18-Z-D,2018
1675.3008164687,15,SB-18-Z-D,2018
41.47799667968755,25,SB-18-Z-D,2018
83.23979614843746,33,SB-18-Z-D,2018
15593.22707396836,3,SC-18-X-B,2018
30.075001242187504,12,SC-18-X-B,2018
409.34316896093594,15,SC-18-X-B,2018
4.155455804687501,25,SC-18-X-B,2018
45.28784880468745,33,SC-18-X-B,2018
16968.885569304166,3,SC-19-V-A,2018
38.82189209374992,12,SC-19-V-A,2018
1178.3960660781422,15,SC-19-V-A,2018
7.435413921874994,25,SC-19-V-A,2018
82.33288730468752,33,SC-19-V-A,2018
15666.21952824276,3,SC-19-V-C,2018
33.43655349218753,12,SC-19-V-C,2018
117.6712079609375,15,SC-19-V-C,2018
44.29382788281254,33,SC-19-V-C,2018
7084.608063227755,3,SC-18-X-D,2018
14.830680648437502,12,SC-18-X-D,2018
96.32487227343758,15,SC-18-X-D,2018
11.563750140624997,33,SC-18-X-D,2018
369.04203457031366,3,SC-18-X-A,2018
0.08853040625,33,SC-18-X-A,2018
3698.9970375076055,3,SB-18-Z-C,2018
0.7980111484374999,12,SB-18-Z-C,2018
9.131666554687497,15,SB-18-Z-C,2018
0.6209079375,33,SB-18-Z-C,2018
721.8950524687532,3,SB-18-Z-A,2018
0.6216108203125,12,SB-18-Z-A,2018
5477.135521445026,3,SA-19-V-D,2018
1.2511446171875,12,SA-19-V-D,2018
162.10513456250007,33,SA-19-V-D,2018
7559.584347186983,3,SA-19-Y-B,2018
5.267841242187499,12,SA-19-Y-B,2018
0.17856552343749998,15,SA-19-Y-B,2018
142.9554127421871,33,SA-19-Y-B,2018
9482.771422140664,3,SA-19-Y-D,2018
0.0892716875,4,SA-19-Y-D,2018
86.8149722500001,12,SA-19-Y-D,2018
19.361894773437502,15,SA-19-Y-D,2018
318.3519232031239,33,SA-19-Y-D,2018
18001.444448753016,3,SA-19-Z-A,2018
47.32202134374995,12,SA-19-Z-A,2018
16.250687234375,15,SA-19-Z-A,2018
1.7857811640624996,25,SA-19-Z-A,2018
356.45343375781545,33,SA-19-Z-A,2018
17446.00934295952,3,SA-19-Z-C,2018
172.9825833203129,12,SA-19-Z-C,2018
82.82782243750012,15,SA-19-Z-C,2018
7.229694718749997,25,SA-19-Z-C,2018
697.8179340390691,33,SA-19-Z-C,2018
17914.892342034043,3,SA-19-Z-D,2018
118.85388829687452,12,SA-19-Z-D,2018
27.484917406249977,15,SA-19-Z-D,2018
1.5170404062499998,25,SA-19-Z-D,2018
365.26469351562434,33,SA-19-Z-D,2018
16725.65290022647,3,SA-19-Z-B,2018
0.0893363046875,4,SA-19-Z-B,2018
323.3022386640622,12,SA-19-Z-B,2018
108.58844685156262,15,SA-19-Z-B,2018
7.323126742187497,25,SA-19-Z-B,2018
1232.402652195304,33,SA-19-Z-B,2018
17675.82435229567,3,SA-19-X-D,2018
0.178745125,4,SA-19-X-D,2018
152.53311089062547,12,SA-19-X-D,2018
0.6254544140624999,25,SA-19-X-D,2018
634.1567248203121,33,SA-19-X-D,2018
17915.807171860844,3,SA-19-X-C,2018
9.1156060625,12,SA-19-X-C,2018
509.26162229687,33,SA-19-X-C,2018
17784.12525986133,3,SA-20-V-C,2018
0.1787651953125,4,SA-20-V-C,2018
190.41958903124987,12,SA-20-V-C,2018
1.3402793906250001,25,SA-20-V-C,2018
449.81008684374945,33,SA-20-V-C,2018
16103.595929853307,3,SA-20-Y-A,2018
0.0893011796875,4,SA-20-Y-A,2018
413.5335178359338,12,SA-20-Y-A,2018
101.98259573437484,15,SA-20-Y-A,2018
1.607034890625,25,SA-20-Y-A,2018
1672.4101818515414,33,SA-20-Y-A,2018
18389.60145454703,3,SA-20-Y-B,2018
25.80506632031252,12,SA-20-Y-B,2018
0.357177328125,15,SA-20-Y-B,2018
37.59232503125,33,SA-20-Y-B,2018
18142.09404819376,3,SA-20-V-D,2018
190.20339706250084,12,SA-20-V-D,2018
0.0893839375,15,SA-20-V-D,2018
132.80737302343726,33,SA-20-V-D,2018
15798.108987087444,3,SA-20-X-C,2018
219.93434344531371,12,SA-20-X-C,2018
8.222511171875002,15,SA-20-X-C,2018
2365.459271617224,33,SA-20-X-C,2018
16884.765105023143,3,SA-20-X-D,2018
193.9428526640645,12,SA-20-X-D,2018
201.96198373437494,15,SA-20-X-D,2018
40.11684032812493,18,SA-20-X-D,2018
1.42970353125,25,SA-20-X-D,2018
1108.3938992421852,33,SA-20-X-D,2018
18316.011746876935,3,SA-20-Z-A,2018
31.429709851562478,12,SA-20-Z-A,2018
0.1786181328125,15,SA-20-Z-A,2018
106.18238652343729,33,SA-20-Z-A,2018
16339.143722369447,3,SA-20-Z-B,2018
11.789282601562501,12,SA-20-Z-B,2018
235.2143513124992,15,SA-20-Z-B,2018
3.9311177734375,18,SA-20-Z-B,2018
35.71584870312504,25,SA-20-Z-B,2018
1788.7090371328609,33,SA-20-Z-B,2018
15883.524808844457,3,SA-20-Y-D,2018
0.35700146875000005,4,SA-20-Y-D,2018
676.8204343281241,12,SA-20-Y-D,2018
39.521623171875035,15,SA-20-Y-D,2018
1743.2715833672141,33,SA-20-Y-D,2018
16097.454550917882,3,SA-20-Z-C,2018
270.86102629687934,12,SA-20-Z-C,2018
89.48027412499987,15,SA-20-Z-C,2018
6.066046429687499,25,SA-20-Z-C,2018
1917.760668367126,33,SA-20-Z-C,2018
12761.690200711404,3,SA-20-Z-D,2018
0.2675993203125,4,SA-20-Z-D,2018
558.9189308593764,12,SA-20-Z-D,2018
1430.710709835898,15,SA-20-Z-D,2018
152.9120503671877,25,SA-20-Z-D,2018
3414.6417577189845,33,SA-20-Z-D,2018
16564.58016990188,3,SB-20-X-A,2018
0.089181171875,4,SB-20-X-A,2018
225.58806653124964,12,SB-20-X-A,2018
13.814750156249996,15,SB-20-X-A,2018
1572.221255890608,33,SB-20-X-A,2018
17381.39583610202,3,SB-20-X-B,2018
2.2282173203125,4,SB-20-X-B,2018
433.1447022343761,12,SB-20-X-B,2018
26.023169390624993,15,SB-20-X-B,2018
508.8957291093821,33,SB-20-X-B,2018
16990.133548812224,3,SB-20-V-B,2018
78.89704468749991,12,SB-20-V-B,2018
46.81311361718747,15,SB-20-V-B,2018
9.00668628906251,25,SB-20-V-B,2018
1287.7094559375043,33,SB-20-V-B,2018
18320.845960745784,3,SB-20-V-A,2018
7.30960440625,12,SB-20-V-A,2018
5.793650617187501,15,SB-20-V-A,2018
51.07207029687496,33,SB-20-V-A,2018
17151.227486733962,3,SA-20-Y-C,2018
0.35697136718750005,4,SA-20-Y-C,2018
198.6460377343747,12,SA-20-Y-C,2018
188.84458328906166,15,SA-20-Y-C,2018
8.9250058125,25,SA-20-Y-C,2018
820.8425366953143,33,SA-20-Y-C,2018
18074.170747688793,3,SB-20-V-C,2018
135.27664557031167,12,SB-20-V-C,2018
10.138381781250004,15,SB-20-V-C,2018
138.13731404687465,33,SB-20-V-C,2018
17303.55575899104,3,SB-20-V-D,2018
0.8009637890625001,4,SB-20-V-D,2018
413.10484712500016,12,SB-20-V-D,2018
29.449954203125003,15,SB-20-V-D,2018
2.0464985546874996,25,SB-20-V-D,2018
641.782553999998,33,SB-20-V-D,2018
18073.471394326585,3,SB-20-Y-A,2018
38.03537186718752,12,SB-20-Y-A,2018
8.088789148437497,15,SB-20-Y-A,2018
204.05209343750022,33,SB-20-Y-A,2018
17924.323846485087,3,SB-20-Y-B,2018
0.26625828125,4,SB-20-Y-B,2018
114.52557014062504,12,SB-20-Y-B,2018
108.94373914062496,15,SB-20-Y-B,2018
2.7539960859374997,25,SB-20-Y-B,2018
200.19666028906227,33,SB-20-Y-B,2018
17059.913796975896,3,SB-20-Y-D,2018
108.89750445312559,4,SB-20-Y-D,2018
739.4670014140531,12,SB-20-Y-D,2018
356.56579032812544,15,SB-20-Y-D,2018
0.088559,18,SB-20-Y-D,2018
9.308336078125,25,SB-20-Y-D,2018
63.66317232031253,33,SB-20-Y-D,2018
17470.977219822526,3,SB-20-Y-C,2018
4.340954835937499,4,SB-20-Y-C,2018
344.70044592968975,12,SB-20-Y-C,2018
155.00319403124996,15,SB-20-Y-C,2018
0.088554453125,18,SB-20-Y-C,2018
6.475039898437504,25,SB-20-Y-C,2018
339.90252164843565,33,SB-20-Y-C,2018
17364.670291850274,3,SC-20-V-A,2018
4.9530581640625,4,SC-20-V-A,2018
793.8175142421758,12,SC-20-V-A,2018
23.61241717968751,15,SC-20-V-A,2018
0.35381397656249997,18,SC-20-V-A,2018
55.564926796874964,33,SC-20-V-A,2018
11432.829496828032,3,SC-20-V-C,2018
6.613431624999995,4,SC-20-V-C,2018
125.0836912656244,12,SC-20-V-C,2018
4308.930993094176,15,SC-20-V-C,2018
12.620683937499988,18,SC-20-V-C,2018
28.666625171875012,25,SC-20-V-C,2018
357.67084511718804,33,SC-20-V-C,2018
8961.436886478074,3,SC-20-V-D,2018
1.412053578125,4,SC-20-V-D,2018
94.30735069531252,12,SC-20-V-D,2018
8615.486801156456,15,SC-20-V-D,2018
153.83428489843803,18,SC-20-V-D,2018
86.29252290624983,25,SC-20-V-D,2018
313.3506693046886,33,SC-20-V-D,2018
13903.683382554027,3,SC-20-V-B,2018
6.992618117187499,4,SC-20-V-B,2018
503.6590430312501,12,SC-20-V-B,2018
2836.9823126016086,15,SC-20-V-B,2018
12.022282773437507,18,SC-20-V-B,2018
120.72791283593693,25,SC-20-V-B,2018
843.427696093754,33,SC-20-V-B,2018
17210.63696359257,3,SB-20-Z-A,2018
3.9092231484374995,4,SB-20-Z-A,2018
316.9499524921883,12,SB-20-Z-A,2018
175.73231495312461,15,SB-20-Z-A,2018
605.1403628046819,33,SB-20-Z-A,2018
16964.341481056726,3,SB-20-Z-C,2018
6.736345148437497,4,SB-20-Z-C,2018
333.5077319375,12,SB-20-Z-C,2018
706.9041543984432,15,SB-20-Z-C,2018
2.92267721875,25,SB-20-Z-C,2018
346.1743849687492,33,SB-20-Z-C,2018
14658.433976471415,3,SC-20-X-A,2018
16.985618734375002,4,SC-20-X-A,2018
2814.7349410157167,12,SC-20-X-A,2018
632.2359549140629,15,SC-20-X-A,2018
0.5305435859375,18,SC-20-X-A,2018
151.44625835156276,33,SC-20-X-A,2018
10019.495022907156,3,SC-20-X-C,2018
0.3527910390625,4,SC-20-X-C,2018
21.00442741406252,12,SC-20-X-C,2018
7909.1923986955735,15,SC-20-X-C,2018
154.69097167187442,18,SC-20-X-C,2018
27.07670482812499,25,SC-20-X-C,2018
94.66102334374993,33,SC-20-X-C,2018
16199.54228782951,3,SC-20-X-D,2018
48.56974386718748,4,SC-20-X-D,2018
88.92022690624974,12,SC-20-X-D,2018
1799.6411871640728,15,SC-20-X-D,2018
0.79445265625,18,SC-20-X-D,2018
3.1775606875,25,SC-20-X-D,2018
52.22168501562502,33,SC-20-X-D,2018
16880.23009999888,3,SC-20-X-B,2018
25.367679914062485,4,SC-20-X-B,2018
950.0796332031281,12,SC-20-X-B,2018
291.7652296015633,15,SC-20-X-B,2018
0.44209181249999996,18,SC-20-X-B,2018
93.05487642968752,33,SC-20-X-B,2018
16989.31460447689,3,SB-20-Z-D,2018
2.748418421875,4,SB-20-Z-D,2018
139.09419896093766,12,SB-20-Z-D,2018
1057.7252195078204,15,SB-20-Z-D,2018
146.4391313124998,33,SB-20-Z-D,2018
17602.406112337172,3,SB-20-Z-B,2018
5.772974421874999,4,SB-20-Z-B,2018
222.96254592187506,12,SB-20-Z-B,2018
322.0157167031244,15,SB-20-Z-B,2018
169.9565966718751,33,SB-20-Z-B,2018
17788.41891987061,3,SB-20-X-C,2018
0.0889527109375,4,SB-20-X-C,2018
187.25060878906226,12,SB-20-X-C,2018
28.376445929687495,15,SB-20-X-C,2018
381.8030460078122,33,SB-20-X-C,2018
17058.711843762576,3,SB-20-X-D,2018
0.4448670546875,4,SB-20-X-D,2018
370.80129970312464,12,SB-20-X-D,2018
161.520412671875,15,SB-20-X-D,2018
11.657718960937501,25,SB-20-X-D,2018
738.5702838437469,33,SB-20-X-D,2018
18002.347547790825,3,SB-21-V-C,2018
0.0890419765625,4,SB-21-V-C,2018
18.514473039062494,12,SB-21-V-C,2018
101.66132671874946,15,SB-21-V-C,2018
268.12818713281234,33,SB-21-V-C,2018
16892.51062286296,3,SB-21-V-A,2018
4.54560403125,4,SB-21-V-A,2018
216.68129200781237,12,SB-21-V-A,2018
243.4578785312513,15,SB-21-V-A,2018
5.0811885078125005,25,SB-21-V-A,2018
1029.5150594687505,33,SB-21-V-A,2018
18092.78942761164,3,SB-21-V-B,2018
0.6237590078125,4,SB-21-V-B,2018
51.79893332812503,12,SB-21-V-B,2018
7.934705640624999,15,SB-21-V-B,2018
3.9195251640624997,25,SB-21-V-B,2018
227.95493531250003,33,SB-21-V-B,2018
17825.046460441412,3,SB-21-V-D,2018
5.872709250000002,12,SB-21-V-D,2018
114.04716737499999,15,SB-21-V-D,2018
64.07590303124998,25,SB-21-V-D,2018
348.68084899218485,33,SB-21-V-D,2018
17540.760909067256,3,SB-21-Y-A,2018
4.1732932656249995,4,SB-21-Y-A,2018
65.53955020312512,12,SB-21-Y-A,2018
702.2446380781194,15,SB-21-Y-A,2018
45.219368164062466,33,SB-21-Y-A,2018
17195.106352606017,3,SB-21-Y-B,2018
12.517951320312497,4,SB-21-Y-B,2018
303.527656351563,12,SB-21-Y-B,2018
348.3687878906244,15,SB-21-Y-B,2018
33.51139719531249,25,SB-21-Y-B,2018
431.0592656249995,33,SB-21-Y-B,2018
17069.734856931416,3,SB-21-Y-C,2018
3.9006127109375015,4,SB-21-Y-C,2018
39.80057034374999,12,SB-21-Y-C,2018
1233.9359173515145,15,SB-21-Y-C,2018
4.613000054687502,25,SB-21-Y-C,2018
16.935776468749996,33,SB-21-Y-C,2018
13258.345074453366,3,SC-21-V-C,2018
0.4407787890625,4,SC-21-V-C,2018
19.488899656250002,12,SC-21-V-C,2018
4820.168985000439,15,SC-21-V-C,2018
1.2338765546875,18,SC-21-V-C,2018
15.78396817187497,25,SC-21-V-C,2018
111.27665815625011,33,SC-21-V-C,2018
18199.132914133654,3,SC-21-V-A,2018
0.5309810703125,4,SC-21-V-A,2018
10.170556445312501,12,SC-21-V-A,2018
10.521259125,15,SC-21-V-A,2018
55.339198874999965,33,SC-21-V-A,2018
17533.211202469785,3,SC-21-V-B,2018
5.309226242187501,4,SC-21-V-B,2018
307.8928977500003,12,SC-21-V-B,2018
115.25546278906239,15,SC-21-V-B,2018
1.4134510937499998,18,SC-21-V-B,2018
279.53600888281386,33,SC-21-V-B,2018
12316.831699836443,3,SC-21-V-D,2018
3.172742328124999,4,SC-21-V-D,2018
41.10164543750001,12,SC-21-V-D,2018
5613.306492367359,15,SC-21-V-D,2018
5.374762820312498,18,SC-21-V-D,2018
13.749302984375015,25,SC-21-V-D,2018
200.39024537500012,33,SC-21-V-D,2018
16925.93489266528,3,SB-21-Y-D,2018
18.711359062499994,4,SB-21-Y-D,2018
968.6555442656211,12,SB-21-Y-D,2018
84.68943971093744,15,SB-21-Y-D,2018
0.0885510390625,18,SB-21-Y-D,2018
29.359797078124977,25,SB-21-Y-D,2018
302.29561118749973,33,SB-21-Y-D,2018
16622.138098629708,3,SB-21-Z-A,2018
0.3554128515625,4,SB-21-Z-A,2018
18.303047468749977,12,SB-21-Z-A,2018
1494.1736261328247,15,SB-21-Z-A,2018
0.7109199921875,18,SB-21-Z-A,2018
134.92477746875002,25,SB-21-Z-A,2018
87.3318762343748,33,SB-21-Z-A,2018
17139.70040594655,3,SB-21-Z-C,2018
5.226224773437501,4,SB-21-Z-C,2018
45.26934161718761,12,SB-21-Z-C,2018
1062.0457867499977,15,SB-21-Z-C,2018
0.177142859375,18,SB-21-Z-C,2018
103.81808432031242,25,SB-21-Z-C,2018
12.772474734375,33,SB-21-Z-C,2018
17131.47563374433,3,SC-21-X-A,2018
94.02203334375015,4,SC-21-X-A,2018
864.8801618203306,12,SC-21-X-A,2018
178.24510836718792,15,SC-21-X-A,2018
1.5918523671875,18,SC-21-X-A,2018
4.064609109375,33,SC-21-X-A,2018
14647.405401640222,3,SC-21-X-B,2018
331.3995837812492,4,SC-21-X-B,2018
508.9793107734293,12,SC-21-X-B,2018
2664.5447412890053,15,SC-21-X-B,2018
73.83406396093743,18,SC-21-X-B,2018
6.193062406249996,25,SC-21-X-B,2018
10.174064203124997,33,SC-21-X-B,2018
15175.683608782814,3,SB-21-Z-D,2018
4.517510554687501,4,SB-21-Z-D,2018
25.440560984374997,12,SB-21-Z-D,2018
3039.5924642654354,15,SB-21-Z-D,2018
26.502291851562518,18,SB-21-Z-D,2018
11.270082726562494,25,SB-21-Z-D,2018
53.02446883593751,33,SB-21-Z-D,2018
15898.126109206127,3,SB-21-Z-B,2018
0.17765892968750002,4,SB-21-Z-B,2018
6.930024140624998,12,SB-21-Z-B,2018
2340.2203872344157,15,SB-21-Z-B,2018
0.976839859375,18,SB-21-Z-B,2018
78.54814378906242,33,SB-21-Z-B,2018
17617.314428871,3,SB-21-X-C,2018
0.3559642421875,4,SB-21-X-C,2018
11.484230148437497,12,SB-21-X-C,2018
436.42779729687095,15,SB-21-X-C,2018
0.6232758359375,18,SB-21-X-C,2018
69.30115396093753,25,SB-21-X-C,2018
255.23372630468677,33,SB-21-X-C,2018
18224.410511414844,3,SB-21-X-D,2018
0.6231540078125,4,SB-21-X-D,2018
5.51749896875,12,SB-21-X-D,2018
18.686179320312508,15,SB-21-X-D,2018
108.48574537500012,33,SB-21-X-D,2018
14951.61661193899,3,SB-21-X-A,2018
59.81572182812502,12,SB-21-X-A,2018
2772.023032921808,15,SB-21-X-A,2018
2.7635922109374995,18,SB-21-X-A,2018
31.02414350781251,25,SB-21-X-A,2018
600.8447687031224,33,SB-21-X-A,2018
16399.780355331503,3,SB-21-X-B,2018
0.356433078125,4,SB-21-X-B,2018
11.050601351562502,12,SB-21-X-B,2018
1799.086484124934,15,SB-21-X-B,2018
3.6558827187499996,18,SB-21-X-B,2018
6.598823976562504,25,SB-21-X-B,2018
164.4927054843759,33,SB-21-X-B,2018
17510.55446742906,3,SA-21-Z-C,2018
0.089277765625,4,SA-21-Z-C,2018
58.362593734375174,12,SA-21-Z-C,2018
632.5336366250013,15,SA-21-Z-C,2018
0.26767585156249996,18,SA-21-Z-C,2018
234.68465880468815,33,SA-21-Z-C,2018
14692.704421757066,3,SA-21-Z-D,2018
0.1784774609375,4,SA-21-Z-D,2018
19.36276850781247,12,SA-21-Z-D,2018
2708.223562890629,15,SA-21-Z-D,2018
53.556754335937654,18,SA-21-Z-D,2018
2.8544808515625,25,SA-21-Z-D,2018
925.5240096796823,33,SA-21-Z-D,2018
8121.245057672144,3,SA-21-Z-B,2018
0.6252641015625,4,SA-21-Z-B,2018
754.8454722656408,12,SA-21-Z-B,2018
2016.2932604766106,15,SA-21-Z-B,2018
535.0806589218762,18,SA-21-Z-B,2018
70.82851533593748,25,SA-21-Z-B,2018
6444.17201307827,33,SA-21-Z-B,2018
11318.243017914307,3,SA-21-Z-A,2018
0.35732973437500004,4,SA-21-Z-A,2018
918.2758604531462,12,SA-21-Z-A,2018
1411.9394891796987,15,SA-21-Z-A,2018
7.8606690546875,18,SA-21-Z-A,2018
46.80213446093753,25,SA-21-Z-A,2018
4177.468269343598,33,SA-21-Z-A,2018
14684.309473271358,3,SA-21-Y-D,2018
0.1783918203125,4,SA-21-Y-D,2018
728.6490142578183,12,SA-21-Y-D,2018
584.5894677031193,15,SA-21-Y-D,2018
0.178520046875,18,SA-21-Y-D,2018
22.4045958203125,25,SA-21-Y-D,2018
2288.553292890616,33,SA-21-Y-D,2018
12490.724195507519,3,SA-21-Y-B,2018
0.3573311640625,4,SA-21-Y-B,2018
1172.8714942656557,12,SA-21-Y-B,2018
847.7597003359331,15,SA-21-Y-B,2018
1.8755185156250003,18,SA-21-Y-B,2018
16.430988312500002,25,SA-21-Y-B,2018
3421.9043859604876,33,SA-21-Y-B,2018
11155.301983983025,3,SA-21-Y-C,2018
3.0332180234374997,4,SA-21-Y-C,2018
1103.8989202812254,12,SA-21-Y-C,2018
2189.9095942812237,15,SA-21-Y-C,2018
144.9715348515627,25,SA-21-Y-C,2018
3518.961105828302,33,SA-21-Y-C,2018
17698.08302440881,3,SA-21-Y-A,2018
71.35773232031232,12,SA-21-Y-A,2018
394.98227234374787,15,SA-21-Y-A,2018
0.17866575,18,SA-21-Y-A,2018
16.518467015624992,25,SA-21-Y-A,2018
268.66377682031145,33,SA-21-Y-A,2018
18215.246166314457,3,SA-21-V-D,2018
0.2680696953125,4,SA-21-V-D,2018
30.738159765624992,12,SA-21-V-D,2018
37.086212382812484,15,SA-21-V-D,2018
150.84579206249975,33,SA-21-V-D,2018
16234.77794404108,3,SA-21-V-C,2018
84.54369759374997,12,SA-21-V-C,2018
26.80566600000001,15,SA-21-V-C,2018
3.30605075,25,SA-21-V-C,2018
2117.1017028906263,33,SA-21-V-C,2018
13639.879180055992,3,SA-21-X-C,2018
1.3402925937499999,4,SA-21-X-C,2018
708.7838407968704,12,SA-21-X-C,2018
1871.4402932343653,15,SA-21-X-C,2018
2.5912067343749996,18,SA-21-X-C,2018
88.82227184375017,25,SA-21-X-C,2018
2007.7707766796623,33,SA-21-X-C,2018
11363.136025578298,3,SA-21-X-D,2018
0.4469128203125,4,SA-21-X-D,2018
1070.1381940390597,12,SA-21-X-D,2018
5036.8224454762285,15,SA-21-X-D,2018
9.024279851562495,18,SA-21-X-D,2018
17.24393875000002,25,SA-21-X-D,2018
708.0859809687323,33,SA-21-X-D,2018
11621.112869968503,3,SA-22-V-C,2018
3.932108546875,4,SA-22-V-C,2018
2118.680461921869,12,SA-22-V-C,2018
2025.4302849375604,15,SA-22-V-C,2018
16.35334435156251,18,SA-22-V-C,2018
6.076582117187501,25,SA-22-V-C,2018
2005.820690890574,33,SA-22-V-C,2018
17434.54803350105,3,SB-22-V-A,2018
36.1886124765625,12,SB-22-V-A,2018
471.8093811484331,15,SB-22-V-A,2018
0.35654730468749996,18,SB-22-V-A,2018
475.1852966796879,33,SB-22-V-A,2018
13070.339182070533,3,SA-22-Y-C,2018
0.1784283828125,4,SA-22-Y-C,2018
63.78224049999974,12,SA-22-Y-C,2018
5110.230082164169,15,SA-22-Y-C,2018
4.907519484375001,18,SA-22-Y-C,2018
16.150159640625013,25,SA-22-Y-C,2018
174.38564190624976,33,SA-22-Y-C,2018
16124.70805471195,3,SA-22-Y-A,2018
354.94155195312413,12,SA-22-Y-A,2018
1005.9901370078197,15,SA-22-Y-A,2018
4.196676984375,18,SA-22-Y-A,2018
0.5360201015625,25,SA-22-Y-A,2018
920.8134057656373,33,SA-22-Y-A,2018
14049.898262501227,3,SA-22-V-D,2018
0.5361898359375,4,SA-22-V-D,2018
1101.979933773432,12,SA-22-V-D,2018
548.4298310546837,15,SA-22-V-D,2018
0.8936907968750001,18,SA-22-V-D,2018
4.7361721406249995,25,SA-22-V-D,2018
2465.7819824297208,33,SA-22-V-D,2018
15008.533738892385,3,SA-22-Y-B,2018
89.30898473437504,12,SA-22-Y-B,2018
2082.583167171856,15,SA-22-Y-B,2018
0.9825987734375001,18,SA-22-Y-B,2018
2.9467699921874986,25,SA-22-Y-B,2018
1264.2637032187392,33,SA-22-Y-B,2018
10773.132860366462,3,SA-22-Y-D,2018
207.5932990234367,12,SA-22-Y-D,2018
6531.098021031173,15,SA-22-Y-D,2018
1.517354828125,18,SA-22-Y-D,2018
37.22107645312502,25,SA-22-Y-D,2018
889.4106423827984,33,SA-22-Y-D,2018
18281.756667230526,3,SB-22-V-B,2018
0.7125709765625,4,SB-22-V-B,2018
5.346251320312501,12,SB-22-V-B,2018
110.66185685156304,15,SB-22-V-B,2018
19.61052473437501,33,SB-22-V-B,2018
15607.109545181494,3,SA-22-Z-A,2018
2.6797161875000004,4,SA-22-Z-A,2018
942.9582790781416,12,SA-22-Z-A,2018
1303.5380616953012,15,SA-22-Z-A,2018
1.6966842265624997,18,SA-22-Z-A,2018
14.290924429687493,25,SA-22-Z-A,2018
543.4808346406237,33,SA-22-Z-A,2018
11282.741477953507,3,SA-22-Z-C,2018
0.7136155546875,4,SA-22-Z-C,2018
51.94384123437516,12,SA-22-Z-C,2018
6197.972807749777,15,SA-22-Z-C,2018
4.283360359375,18,SA-22-Z-C,2018
34.523583437500015,25,SA-22-Z-C,2018
832.011196570304,33,SA-22-Z-C,2018
16147.285448928778,3,SA-22-X-C,2018
3.3953489687499996,4,SA-22-X-C,2018
284.5058115703133,12,SA-22-X-C,2018
136.0894774531248,15,SA-22-X-C,2018
18.139086664062503,25,SA-22-X-C,2018
1824.7547257265815,33,SA-22-X-C,2018
9078.85363570257,3,SA-22-X-D,2018
9.562810593749997,4,SA-22-X-D,2018
2544.2898823592886,12,SA-22-X-D,2018
2454.456318148457,15,SA-22-X-D,2018
127.42676131250067,18,SA-22-X-D,2018
420.4024411875002,25,SA-22-X-D,2018
3796.4242739138504,33,SA-22-X-D,2018
7205.844987570254,3,SA-23-V-C,2018
0.08935678125,4,SA-23-V-C,2018
71.9477853984376,12,SA-23-V-C,2018
10866.927198827478,15,SA-23-V-C,2018
17.247313101562494,18,SA-23-V-C,2018
142.7283406406254,25,SA-23-V-C,2018
128.9525893281251,33,SA-23-V-C,2018
9588.30089805395,3,SA-23-Y-A,2018
40.900489304687454,12,SA-23-Y-A,2018
8067.872439843652,15,SA-23-Y-A,2018
581.322402492189,18,SA-23-Y-A,2018
47.33239314062496,25,SA-23-Y-A,2018
96.63450746093757,33,SA-23-Y-A,2018
11605.146388781941,3,SA-23-Y-C,2018
0.17842428124999998,4,SA-23-Y-C,2018
15.885526523437516,12,SA-23-Y-C,2018
5660.031341890773,15,SA-23-Y-C,2018
1024.6808349843782,18,SA-23-Y-C,2018
71.40250324218758,25,SA-23-Y-C,2018
25.973030226562486,33,SA-23-Y-C,2018
12809.63760434376,3,SA-22-Z-D,2018
2.0524312499999997,4,SA-22-Z-D,2018
23.828903312500017,12,SA-22-Z-D,2018
5433.013817320274,15,SA-22-Z-D,2018
99.69012702343782,18,SA-22-Z-D,2018
5.619721906249999,25,SA-22-Z-D,2018
61.221403703125034,33,SA-22-Z-D,2018
11148.005535251892,3,SA-22-Z-B,2018
4.912524117187499,4,SA-22-Z-B,2018
558.7335666953088,12,SA-22-Z-B,2018
5073.453641288583,15,SA-22-Z-B,2018
1040.5423506328307,18,SA-22-Z-B,2018
38.848047757812516,25,SA-22-Z-B,2018
504.1852113906196,33,SA-22-Z-B,2018
9227.74921182826,3,SB-22-X-A,2018
0.9800870703125002,4,SB-22-X-A,2018
13.102937937499998,12,SB-22-X-A,2018
7673.364569718848,15,SB-22-X-A,2018
0.35647766406250003,18,SB-22-X-A,2018
8.202598000000005,25,SB-22-X-A,2018
1460.641506742181,33,SB-22-X-A,2018
7825.81359153118,3,SB-22-X-B,2018
0.6237814609375,4,SB-22-X-B,2018
22.18803952343749,12,SB-22-X-B,2018
9373.4673001639,15,SB-22-X-B,2018
255.85489924218803,18,SB-22-X-B,2018
27.267001398437525,25,SB-22-X-B,2018
902.6278236718781,33,SB-22-X-B,2018
9219.109253555045,3,SB-22-X-C,2018
7.738588999999999,4,SB-22-X-C,2018
9.519763835937496,12,SB-22-X-C,2018
9032.7544850945,15,SB-22-X-C,2018
4.35883159375,18,SB-22-X-C,2018
47.767344125000044,25,SB-22-X-C,2018
36.20787883593749,33,SB-22-X-C,2018
4337.387998492669,3,SB-22-X-D,2018
458.38779959374614,4,SB-22-X-D,2018
130.3252346093751,12,SB-22-X-D,2018
12727.700214973496,15,SB-22-X-D,2018
5.518312492187497,18,SB-22-X-D,2018
100.49838909374984,25,SB-22-X-D,2018
592.2001255468809,33,SB-22-X-D,2018
6434.186440157048,3,SB-23-V-C,2018
2654.4774015703724,4,SB-23-V-C,2018
74.22123981249999,12,SB-23-V-C,2018
8813.498718321112,15,SB-23-V-C,2018
13.623616718750004,18,SB-23-V-C,2018
187.95818135156196,25,SB-23-V-C,2018
117.19481186718757,33,SB-23-V-C,2018
7160.656434406163,3,SB-23-V-A,2018
2.227157648437501,4,SB-23-V-A,2018
5.4374306484375,12,SB-23-V-A,2018
9314.590187679369,15,SB-23-V-A,2018
1428.9046767031282,18,SB-23-V-A,2018
42.59409753906252,25,SB-23-V-A,2018
13.903477335937499,33,SB-23-V-A,2018
3057.0585654531196,3,SB-23-Y-A,2018
10207.593219610026,4,SB-23-Y-A,2018
1418.1333426484211,12,SB-23-Y-A,2018
3026.983250023432,15,SB-23-Y-A,2018
87.64152598437528,18,SB-23-Y-A,2018
54.37051854687483,25,SB-23-Y-A,2018
187.76497376562514,33,SB-23-Y-A,2018
2888.993340554685,3,SB-22-Z-D,2018
2857.6314011716813,4,SB-22-Z-D,2018
804.6367067031068,12,SB-22-Z-D,2018
11340.8162478985,15,SB-22-Z-D,2018
94.2074010624999,18,SB-22-Z-D,2018
102.68798982812487,25,SB-22-Z-D,2018
234.9243825000002,33,SB-22-Z-D,2018
2436.4317186249914,3,SC-22-X-B,2018
5478.320990414426,4,SC-22-X-B,2018
1037.4056151406198,12,SC-22-X-B,2018
8062.426234288216,15,SC-22-X-B,2018
691.3982023515525,18,SC-22-X-B,2018
85.70581835937492,25,SC-22-X-B,2018
231.31991111718816,33,SC-22-X-B,2018
3314.302693695293,3,SB-22-Z-B,2018
626.5751756015568,4,SB-22-Z-B,2018
183.03703351562422,12,SB-22-Z-B,2018
13815.806032899367,15,SB-22-Z-B,2018
52.84495217187515,18,SB-22-Z-B,2018
22.392330664062488,25,SB-22-Z-B,2018
287.25388714062535,33,SB-22-Z-B,2018
8564.26106090684,3,SB-22-Z-A,2018
250.0718996484377,4,SB-22-Z-A,2018
85.21874488281249,12,SB-22-Z-A,2018
9200.387655195043,15,SB-22-Z-A,2018
10.745545710937499,18,SB-22-Z-A,2018
202.38683712500057,25,SB-22-Z-A,2018
9.5975001015625,33,SB-22-Z-A,2018
4617.552259296607,3,SB-22-Z-C,2018
1129.7928626406178,4,SB-22-Z-C,2018
471.36301871875133,12,SB-22-Z-C,2018
11962.231169374218,15,SB-22-Z-C,2018
21.091747968750017,18,SB-22-Z-C,2018
75.07280134375009,25,SB-22-Z-C,2018
10.193619054687499,33,SB-22-Z-C,2018
3659.0858429921805,3,SC-22-X-A,2018
2606.401158687494,4,SC-22-X-A,2018
508.3314039140622,12,SC-22-X-A,2018
10724.560365796315,15,SC-22-X-A,2018
280.22629374219036,18,SC-22-X-A,2018
37.52936014843753,25,SC-22-X-A,2018
118.59254746875095,33,SC-22-X-A,2018
16512.48661216604,3,SB-22-Y-D,2018
762.2912251562445,4,SB-22-Y-D,2018
564.3702751171853,12,SB-22-Y-D,2018
442.3288718437436,15,SB-22-Y-D,2018
0.9747715312499999,18,SB-22-Y-D,2018
8.512586593750001,25,SB-22-Y-D,2018
68.47509497656249,33,SB-22-Y-D,2018
12832.492081345321,3,SC-22-V-B,2018
738.3816797265666,4,SC-22-V-B,2018
1078.9254327499889,12,SC-22-V-B,2018
3422.943683281408,15,SC-22-V-B,2018
60.445862585937306,18,SC-22-V-B,2018
7.0833373203125,25,SC-22-V-B,2018
126.49005939843781,33,SC-22-V-B,2018
18003.522151681784,3,SC-22-V-A,2018
84.4334618749999,4,SC-22-V-A,2018
15.659470187499998,12,SC-22-V-A,2018
10.167764585937501,15,SC-22-V-A,2018
1.0615808203125001,18,SC-22-V-A,2018
160.58509951562522,33,SC-22-V-A,2018
17869.82272339933,3,SB-22-Y-C,2018
16.220708640625002,4,SB-22-Y-C,2018
62.681858304687545,12,SB-22-Y-C,2018
209.4828938203133,15,SB-22-Y-C,2018
0.354243359375,18,SB-22-Y-C,2018
210.1810846484375,33,SB-22-Y-C,2018
6651.857269367622,3,SB-22-Y-B,2018
172.8005997812495,4,SB-22-Y-B,2018
44.40304135937506,12,SB-22-Y-B,2018
11084.50529939758,15,SB-22-Y-B,2018
0.4442766015625,18,SB-22-Y-B,2018
122.5612631484374,25,SB-22-Y-B,2018
281.0108806484383,33,SB-22-Y-B,2018
14847.093478806779,3,SB-22-Y-A,2018
36.87490431250004,4,SB-22-Y-A,2018
128.34795539843762,12,SB-22-Y-A,2018
3281.460120218765,15,SB-22-Y-A,2018
64.1613000390625,33,SB-22-Y-A,2018
15461.763508683298,3,SB-22-V-D,2018
153.30653382031326,4,SB-22-V-D,2018
3.2033884296875,12,SB-22-V-D,2018
2754.9400893595002,15,SB-22-V-D,2018
0.0889859609375,18,SB-22-V-D,2018
10.139648265625,25,SB-22-V-D,2018
7.298422140624999,33,SB-22-V-D,2018
17423.934374848825,3,SB-22-V-C,2018
4.9817728046875,4,SB-22-V-C,2018
115.89370952343744,12,SB-22-V-C,2018
584.1847633203131,15,SB-22-V-C,2018
261.74595616406305,33,SB-22-V-C,2018
12045.691230109775,3,SC-21-X-D,2018
416.6451988124964,4,SC-21-X-D,2018
827.7442034843685,12,SC-21-X-D,2018
4539.937881015867,15,SC-21-X-D,2018
311.29702595312403,18,SC-21-X-D,2018
24.312068523437524,25,SC-21-X-D,2018
26.007137374999985,33,SC-21-X-D,2018
17176.66576025868,3,SC-22-V-C,2018
303.09694390624867,4,SC-22-V-C,2018
139.39883749218728,12,SC-22-V-C,2018
446.21681146093397,15,SC-22-V-C,2018
54.26914960937497,18,SC-22-V-C,2018
80.48273899999998,33,SC-22-V-C,2018
13683.192349781531,3,SC-22-Y-A,2018
158.93141562499991,4,SC-22-Y-A,2018
38.60940437499997,12,SC-22-Y-A,2018
3745.1574014532207,15,SC-22-Y-A,2018
363.40253419531336,18,SC-22-Y-A,2018
1.4056683437500002,25,SC-22-Y-A,2018
162.5882272343751,33,SC-22-Y-A,2018
7371.924439610399,3,SC-21-Z-B,2018
8.6199499453125,4,SC-21-Z-B,2018
43.874465984375,12,SC-21-Z-B,2018
9315.79077748674,15,SC-21-Z-B,2018
1189.748759320329,18,SC-21-Z-B,2018
161.48259568749984,25,SC-21-Z-B,2018
44.953097007812445,33,SC-21-Z-B,2018
15357.136239936737,3,SC-22-Y-C,2018
198.59076999999985,4,SC-22-Y-C,2018
110.04787935937512,12,SC-22-Y-C,2018
621.1995126093711,15,SC-22-Y-C,2018
1280.0499772031442,18,SC-22-Y-C,2018
362.4274845468742,33,SC-22-Y-C,2018
11648.868048194814,3,SC-21-Z-D,2018
0.5267761718749999,4,SC-21-Z-D,2018
82.95977635937467,12,SC-21-Z-D,2018
2451.905154421916,15,SC-21-Z-D,2018
3786.003466273515,18,SC-21-Z-D,2018
41.34827946093749,25,SC-21-Z-D,2018
68.1022752109377,33,SC-21-Z-D,2018
11151.272839358291,3,SD-21-X-B,2018
46.275522218750055,4,SD-21-X-B,2018
27.798810898437452,12,SD-21-X-B,2018
1973.3559260702784,15,SD-21-X-B,2018
4754.371926132881,18,SD-21-X-B,2018
9.87314423437501,25,SD-21-X-B,2018
50.662887390625,33,SD-21-X-B,2018
6403.6923950469845,3,SD-21-X-D,2018
3534.2904842812027,4,SD-21-X-D,2018
88.12026433593736,12,SD-21-X-D,2018
1941.9562288125217,15,SD-21-X-D,2018
5627.925677546922,18,SD-21-X-D,2018
24.882753585937508,25,SD-21-X-D,2018
20.788912718750023,33,SD-21-X-D,2018
14509.553419632424,3,SD-22-V-A,2018
1017.3133848203189,4,SD-22-V-A,2018
179.83537345312584,12,SD-22-V-A,2018
503.53846564843764,15,SD-22-V-A,2018
1123.4859445234429,18,SD-22-V-A,2018
359.9705991406239,33,SD-22-V-A,2018
4434.736539562335,3,SD-22-V-C,2018
4524.048962257804,4,SD-22-V-C,2018
344.2639010078122,12,SD-22-V-C,2018
4484.673846945314,15,SD-22-V-C,2018
3711.9534183592086,18,SD-22-V-C,2018
4.002133468749999,25,SD-22-V-C,2018
68.83347932812497,33,SD-22-V-C,2018
5976.2634179236165,3,SC-22-Y-B,2018
1076.8855622109534,4,SC-22-Y-B,2018
198.97600780468855,12,SC-22-Y-B,2018
8163.729912767608,15,SC-22-Y-B,2018
1517.8362717031605,18,SC-22-Y-B,2018
23.91770532031249,25,SC-22-Y-B,2018
31.750406929687482,33,SC-22-Y-B,2018
5855.844754695101,3,SC-22-Y-D,2018
2372.5499747264926,4,SC-22-Y-D,2018
290.2857262343738,12,SC-22-Y-D,2018
4754.629923281359,15,SC-22-Y-D,2018
2398.8273431796338,18,SC-22-Y-D,2018
6.135710304687501,25,SC-22-Y-D,2018
41.52441998437485,33,SC-22-Y-D,2018
5223.131421796674,3,SD-22-V-B,2018
2359.8062211482875,4,SD-22-V-B,2018
428.35768304687474,12,SD-22-V-B,2018
3766.390686968599,15,SD-22-V-B,2018
4000.3746840858685,18,SD-22-V-B,2018
15.101468312499993,25,SD-22-V-B,2018
127.77589405468757,33,SD-22-V-B,2018
1760.1915557031755,3,SD-22-V-D,2018
5803.007561382705,4,SD-22-V-D,2018
471.7490876484368,12,SD-22-V-D,2018
3390.6579549998946,15,SD-22-V-D,2018
2261.2028017654998,18,SD-22-V-D,2018
23.819140664062534,25,SD-22-V-D,2018
78.57473333593735,33,SD-22-V-D,2018
4562.298231218682,3,SC-22-Z-A,2018
3418.8052231797255,4,SC-22-Z-A,2018
512.7100562031277,12,SC-22-Z-A,2018
2363.1213702265904,15,SC-22-Z-A,2018
935.1050208749814,18,SC-22-Z-A,2018
19.34135697656249,25,SC-22-Z-A,2018
338.40847805468854,33,SC-22-Z-A,2018
6135.655533226969,3,SC-22-X-C,2018
2251.218598328145,4,SC-22-X-C,2018
357.6716715624997,12,SC-22-X-C,2018
7077.047337641521,15,SC-22-X-C,2018
1177.9978543827979,18,SC-22-X-C,2018
19.496734671874997,25,SC-22-X-C,2018
282.17117392968714,33,SC-22-X-C,2018
10135.200466031976,3,SC-22-V-D,2018
496.16094400781276,4,SC-22-V-D,2018
212.91764425781457,12,SC-22-V-D,2018
7061.877740515497,15,SC-22-V-D,2018
166.9979801406244,18,SC-22-V-D,2018
146.08407549999998,33,SC-22-V-D,2018
1923.3843187109997,3,SC-22-X-D,2018
8768.74971535984,4,SC-22-X-D,2018
979.1684207187444,12,SC-22-X-D,2018
5150.332006750569,15,SC-22-X-D,2018
767.3309558984134,18,SC-22-X-D,2018
61.205746546875005,25,SC-22-X-D,2018
158.51097756250027,33,SC-22-X-D,2018
2984.366577359324,3,SE-21-V-B,2018
3235.086503648448,4,SE-21-V-B,2018
3091.4403672812314,12,SE-21-V-B,2018
3670.0909054140507,15,SE-21-V-B,2018
57.07473821875003,18,SE-21-V-B,2018
37.576256609374845,25,SE-21-V-B,2018
454.6695820859374,33,SE-21-V-B,2018
581.9583190234395,3,SE-21-V-A,2018
930.8161942500358,4,SE-21-V-A,2018
297.8588412265657,12,SE-21-V-A,2018
3234.7100346717925,15,SE-21-V-A,2018
19.16714929687501,18,SE-21-V-A,2018
30.85677614062503,33,SE-21-V-A,2018
2221.2298202031584,3,SD-21-Y-C,2018
3566.6910035626724,4,SD-21-Y-C,2018
343.25789428124926,12,SD-21-Y-C,2018
11046.15569328743,15,SD-21-Y-C,2018
225.30941863281245,18,SD-21-Y-C,2018
32.720021398437524,25,SD-21-Y-C,2018
63.68397862499993,33,SD-21-Y-C,2018
4455.418461133007,3,SD-21-Y-D,2018
1911.111604367227,4,SD-21-Y-D,2018
421.29386260156355,12,SD-21-Y-D,2018
10240.230023836446,15,SD-21-Y-D,2018
326.0589765156258,18,SD-21-Y-D,2018
45.11131535156248,25,SD-21-Y-D,2018
131.92890835156277,33,SD-21-Y-D,2018
38.01016216406242,3,SE-20-X-B,2018
111.34542057031138,4,SE-20-X-B,2018
2.9236415781250003,12,SE-20-X-B,2018
431.0841047812506,15,SE-20-X-B,2018
0.1719039453125,18,SE-20-X-B,2018
5.157952015625001,33,SE-20-X-B,2018
522.6889078749991,3,SD-20-Z-D,2018
1097.1405123046843,4,SD-20-Z-D,2018
46.851030734375016,12,SD-20-Z-D,2018
1597.9978742969097,15,SD-20-Z-D,2018
7.3323910078125,18,SD-20-Z-D,2018
86.55299321093759,33,SD-20-Z-D,2018
1484.1360856874696,3,SD-20-Z-B,2018
305.9239461328157,4,SD-20-Z-B,2018
464.69557275000193,12,SD-20-Z-B,2018
1661.3558736250084,15,SD-20-Z-B,2018
292.454470648438,18,SD-20-Z-B,2018
55.81184919531254,33,SD-20-Z-B,2018
3827.7822126798987,3,SD-21-Y-A,2018
4568.858231968798,4,SD-21-Y-A,2018
5660.447079883407,12,SD-21-Y-A,2018
3007.8552565783125,15,SD-21-Y-A,2018
686.7170453672009,18,SD-21-Y-A,2018
50.051631773437535,25,SD-21-Y-A,2018
36.60251250781245,33,SD-21-Y-A,2018
2993.224775234503,3,SD-21-Y-B,2018
2611.7516717499634,4,SD-21-Y-B,2018
3117.621463624998,12,SD-21-Y-B,2018
4826.059445421606,15,SD-21-Y-B,2018
3909.28859100786,18,SD-21-Y-B,2018
63.04528446875012,25,SD-21-Y-B,2018
50.46291685937497,33,SD-21-Y-B,2018
5773.872545663788,3,SD-21-V-D,2018
2613.24507484374,4,SD-21-V-D,2018
2152.515618375037,12,SD-21-V-D,2018
1126.7072951093414,15,SD-21-V-D,2018
6136.706527655957,18,SD-21-V-D,2018
33.219801750000016,25,SD-21-V-D,2018
8.791396328125002,33,SD-21-V-D,2018
7316.246420171603,3,SD-21-X-C,2018
986.1452307968744,4,SD-21-X-C,2018
111.22902855468732,12,SD-21-X-C,2018
1554.1365576641126,15,SD-21-X-C,2018
7715.135516514997,18,SD-21-X-C,2018
86.90911258593734,25,SD-21-X-C,2018
32.80868521093749,33,SD-21-X-C,2018
3838.3655666953878,3,SD-21-Z-A,2018
6549.527397835537,4,SD-21-Z-A,2018
104.18672448437383,12,SD-21-Z-A,2018
3909.491259883017,15,SD-21-Z-A,2018
2729.3975851405426,18,SD-21-Z-A,2018
76.57985174999999,25,SD-21-Z-A,2018
274.67786921093455,33,SD-21-Z-A,2018
2866.0884624922382,3,SD-21-Z-C,2018
8749.269686805344,4,SD-21-Z-C,2018
170.65430447656166,12,SD-21-Z-C,2018
4860.505647023603,15,SD-21-Z-C,2018
136.37765160156212,18,SD-21-Z-C,2018
353.072440046874,25,SD-21-Z-C,2018
170.27672832031277,33,SD-21-Z-C,2018
6229.769584999542,3,SD-21-X-A,2018
394.14033449218823,4,SD-21-X-A,2018
45.12080260937498,12,SD-21-X-A,2018
1418.5558422812874,15,SD-21-X-A,2018
9758.328668249422,18,SD-21-X-A,2018
73.42553717968751,25,SD-21-X-A,2018
86.70186203125,33,SD-21-X-A,2018
11373.418210678843,3,SD-21-V-B,2018
1225.564510476563,4,SD-21-V-B,2018
163.22444054687517,12,SD-21-V-B,2018
2694.083481781097,15,SD-21-V-B,2018
2500.541144296785,18,SD-21-V-B,2018
11.967859585937498,25,SD-21-V-B,2018
35.473345453125,33,SD-21-V-B,2018
10047.69562359277,3,SC-21-Y-D,2018
21.734082640624997,12,SC-21-Y-D,2018
6713.6890062184575,15,SC-21-Y-D,2018
1142.7451308438112,18,SC-21-Y-D,2018
16.57613046093752,25,SC-21-Y-D,2018
137.18621157812507,33,SC-21-Y-D,2018
9288.383619936672,3,SC-21-Z-C,2018
46.90913661718754,4,SC-21-Z-C,2018
143.89535850781175,12,SC-21-Z-C,2018
2942.030801093634,15,SC-21-Z-C,2018
5525.330098601302,18,SC-21-Z-C,2018
59.26807242187504,25,SC-21-Z-C,2018
96.86775682812502,33,SC-21-Z-C,2018
8966.260271587184,3,SC-21-Z-A,2018
31.80322823437497,4,SC-21-Z-A,2018
507.646916382813,12,SC-21-Z-A,2018
8013.23915560452,15,SC-21-Z-A,2018
467.53042478125246,18,SC-21-Z-A,2018
5.2775142890625,25,SC-21-Z-A,2018
177.44101425000042,33,SC-21-Z-A,2018
11177.871450015278,3,SC-21-X-C,2018
9.79785692187499,4,SC-21-X-C,2018
101.55713539843755,12,SC-21-X-C,2018
6495.397899914786,15,SC-21-X-C,2018
146.83221461718784,18,SC-21-X-C,2018
31.897784414062446,25,SC-21-X-C,2018
263.031105124998,33,SC-21-X-C,2018
11601.720783726176,3,SC-21-Y-B,2018
16.1714048984375,4,SC-21-Y-B,2018
341.8917773515665,12,SC-21-Y-B,2018
5981.314935884272,15,SC-21-Y-B,2018
9.05408153125,18,SC-21-Y-B,2018
2.287644421875,25,SC-21-Y-B,2018
186.68177648437515,33,SC-21-Y-B,2018
13989.073284648766,3,SC-21-Y-C,2018
80.07681510937523,4,SC-21-Y-C,2018
45.00900036718738,12,SC-21-Y-C,2018
3948.982886453077,15,SC-21-Y-C,2018
18.316178601562516,18,SC-21-Y-C,2018
20.516749921875025,25,SC-21-Y-C,2018
10.256331812500003,33,SC-21-Y-C,2018
13017.742477032953,3,SC-21-Y-A,2018
6.244160687499997,4,SC-21-Y-A,2018
172.87281824999994,12,SC-21-Y-A,2018
4925.456800509028,15,SC-21-Y-A,2018
15.819508710937503,18,SC-21-Y-A,2018
9.857898421874985,25,SC-21-Y-A,2018
24.19351151562497,33,SC-21-Y-A,2018
16129.05547986013,3,SC-20-Z-B,2018
4.5721360703125,4,SC-20-Z-B,2018
28.75921463281249,12,SC-20-Z-B,2018
1931.535144476531,15,SC-20-Z-B,2018
1.4070022343750002,18,SC-20-Z-B,2018
43.530392859374984,33,SC-20-Z-B,2018
10891.240840670316,3,SC-20-Z-D,2018
137.4122365468752,4,SC-20-Z-D,2018
529.3527187578111,12,SC-20-Z-D,2018
6390.611957843352,15,SC-20-Z-D,2018
17.1708758828125,18,SC-20-Z-D,2018
50.657718914062464,25,SC-20-Z-D,2018
49.86710729687503,33,SC-20-Z-D,2018
9638.8448287415,3,SD-20-X-B,2018
651.3990435390601,4,SD-20-X-B,2018
522.7022612890609,12,SD-20-X-B,2018
6024.65527121081,15,SD-20-X-B,2018
1005.1616444218811,18,SD-20-X-B,2018
78.54866692968749,25,SD-20-X-B,2018
80.4350507187503,33,SD-20-X-B,2018
5653.009453085729,3,SD-20-X-D,2018
1240.7314491796615,4,SD-20-X-D,2018
300.39481531249993,12,SD-20-X-D,2018
4318.572158835714,15,SD-20-X-D,2018
1360.156859843753,18,SD-20-X-D,2018
20.032459703124964,25,SD-20-X-D,2018
76.51466373437495,33,SD-20-X-D,2018
9641.32999235858,3,SD-21-V-A,2018
7362.387181726162,4,SD-21-V-A,2018
150.93486556249997,12,SD-21-V-A,2018
282.97563393750045,15,SD-21-V-A,2018
541.6737062265591,18,SD-21-V-A,2018
37.890453226562485,25,SD-21-V-A,2018
20.97096135937501,33,SD-21-V-A,2018
6004.996292211014,3,SD-21-V-C,2018
4475.984173414049,4,SD-21-V-C,2018
945.9629591953001,12,SD-21-V-C,2018
1180.770780765628,15,SD-21-V-C,2018
5167.432585038623,18,SD-21-V-C,2018
58.62387067968742,25,SD-21-V-C,2018
18.543559367187488,33,SD-21-V-C,2018
1270.6754828905819,3,SD-20-X-C,2018
1729.6638191719528,4,SD-20-X-C,2018
581.5253644765618,12,SD-20-X-C,2018
129.94050612499845,15,SD-20-X-C,2018
19.328964859375006,18,SD-20-X-C,2018
136.39047139843768,33,SD-20-X-C,2018
4910.4442804139935,3,SD-20-V-B,2018
1.9219199296875003,4,SD-20-V-B,2018
972.8535561015667,12,SD-20-V-B,2018
3408.3264459921375,15,SD-20-V-B,2018
2.099342875,18,SD-20-V-B,2018
14.513595796874991,25,SD-20-V-B,2018
152.227108734375,33,SD-20-V-B,2018
11022.581543398319,3,SD-20-X-A,2018
169.5877746562499,4,SD-20-X-A,2018
1900.616442906242,12,SD-20-X-A,2018
4432.748298124944,15,SD-20-X-A,2018
95.80804498437513,18,SD-20-X-A,2018
3.672834359375,25,SD-20-X-A,2018
57.84955991406248,33,SD-20-X-A,2018
4904.354045499758,3,SC-20-Z-C,2018
1.9292394765625,4,SC-20-Z-C,2018
448.67559457030944,12,SC-20-Z-C,2018
12522.192391514902,15,SC-20-Z-C,2018
121.31901885156242,18,SC-20-Z-C,2018
61.42471328906247,25,SC-20-Z-C,2018
50.93323479687496,33,SC-20-Z-C,2018
5448.236490884935,3,SC-20-Z-A,2018
0.5280798125,4,SC-20-Z-A,2018
56.526158703125205,12,SC-20-Z-A,2018
12510.4184506738,15,SC-20-Z-A,2018
2.3761814531250014,18,SC-20-Z-A,2018
74.77990296093746,25,SC-20-Z-A,2018
79.23408385937506,33,SC-20-Z-A,2018
10096.26080423515,3,SC-20-Y-B,2018
4.217921374999999,4,SC-20-Y-B,2018
134.47665576562477,12,SC-20-Y-B,2018
7851.422738375882,15,SC-20-Y-B,2018
6.3380661953125035,18,SC-20-Y-B,2018
27.018399273437453,25,SC-20-Y-B,2018
51.221398742187326,33,SC-20-Y-B,2018
14892.664328358458,3,SC-20-Y-D,2018
33.57673503906258,4,SC-20-Y-D,2018
1083.2293933125252,12,SC-20-Y-D,2018
2049.316312195261,15,SC-20-Y-D,2018
29.779190914062454,18,SC-20-Y-D,2018
2.977275625,25,SC-20-Y-D,2018
19.3727078984375,33,SC-20-Y-D,2018
492.18937028905646,3,SD-20-V-A,2018
0.087475171875,4,SD-20-V-A,2018
122.78186604687558,12,SD-20-V-A,2018
33.58490055468747,15,SD-20-V-A,2018
63.92657014843734,33,SD-20-V-A,2018
8184.805068663555,3,SC-20-Y-C,2018
7.455327187499999,4,SC-20-Y-C,2018
327.8559267890603,12,SC-20-Y-C,2018
126.06297903125021,15,SC-20-Y-C,2018
170.63847132031245,33,SC-20-Y-C,2018
6413.609121735227,3,SC-20-Y-A,2018
7.118873343750002,4,SC-20-Y-A,2018
96.6639307656248,12,SC-20-Y-A,2018
3528.67415979669,15,SC-20-Y-A,2018
20.479091796875004,25,SC-20-Y-A,2018
104.37606693749998,33,SC-20-Y-A,2018
10559.786740052734,3,SB-23-V-D,2019
2586.5749555626744,4,SB-23-V-D,2019
357.2378493984487,12,SB-23-V-D,2019
4390.524525117859,15,SB-23-V-D,2019
110.03319523437474,18,SB-23-V-D,2019
109.2598595703126,25,SB-23-V-D,2019
2.314489078125,33,SB-23-V-D,2019
9924.665691367067,3,SB-23-X-A,2019
1990.4732034531912,4,SB-23-X-A,2019
216.29076537500046,12,SB-23-X-A,2019
5564.245015132876,15,SB-23-X-A,2019
0.0891608125,18,SB-23-X-A,2019
124.25621753906269,25,SB-23-X-A,2019
50.4647622265625,33,SB-23-X-A,2019
7638.816623234468,3,SB-23-V-B,2019
5.167306734374998,4,SB-23-V-B,2019
6.420834296875,12,SB-23-V-B,2019
10193.319522812473,15,SB-23-V-B,2019
366.0283168515639,18,SB-23-V-B,2019
39.03874596093749,25,SB-23-V-B,2019
16.493106515624994,33,SB-23-V-B,2019
7087.326282930583,3,SA-23-Y-D,2019
8.9228254921875,4,SA-23-Y-D,2019
271.3334475000017,12,SA-23-Y-D,2019
10437.530600617953,15,SA-23-Y-D,2019
4.2830908046875,18,SA-23-Y-D,2019
65.13669706250008,25,SA-23-Y-D,2019
494.13543803906384,33,SA-23-Y-D,2019
9785.528018157484,3,SA-23-Z-C,2019
2025.374805937448,4,SA-23-Z-C,2019
562.1132920390608,12,SA-23-Z-C,2019
3542.9972254608547,15,SA-23-Z-C,2019
33.11348296874996,18,SA-23-Z-C,2019
68.4470912656251,25,SA-23-Z-C,2019
791.9580707187567,33,SA-23-Z-C,2019
3915.8527211405462,3,SA-23-Z-B,2019
1943.9464981249098,4,SA-23-Z-B,2019
610.5956933437529,12,SA-23-Z-B,2019
29.555758585937493,15,SA-23-Z-B,2019
1188.1781204609604,25,SA-23-Z-B,2019
438.9439988203067,33,SA-23-Z-B,2019
2065.8062589999763,3,SA-23-X-C,2019
31.277927781249943,4,SA-23-X-C,2019
31.719518820312523,15,SA-23-X-C,2019
3.395418828125,18,SA-23-X-C,2019
28.507418539062474,25,SA-23-X-C,2019
259.5056603515616,33,SA-23-X-C,2019
7157.7018328277545,3,SA-23-Z-A,2019
681.7775532656301,4,SA-23-Z-A,2019
721.8901930078102,12,SA-23-Z-A,2019
1352.6989717031258,15,SA-23-Z-A,2019
12.680473031250001,18,SA-23-Z-A,2019
410.46927751562487,25,SA-23-Z-A,2019
2863.746817382906,33,SA-23-Z-A,2019
8713.3483838758,3,SA-23-Y-B,2019
15.543654109374996,4,SA-23-Y-B,2019
349.42048758593836,12,SA-23-Y-B,2019
8956.302152569493,15,SA-23-Y-B,2019
16.081014609374986,18,SA-23-Y-B,2019
43.94497503125003,25,SA-23-Y-B,2019
330.0408648437492,33,SA-23-Y-B,2019
9476.358932155717,3,SA-23-V-D,2019
70.95229958593751,4,SA-23-V-D,2019
104.03100159374993,12,SA-23-V-D,2019
3840.0328931561344,15,SA-23-V-D,2019
49.77031392968742,18,SA-23-V-D,2019
48.34951137499991,25,SA-23-V-D,2019
703.9706837734327,33,SA-23-V-D,2019
143.1958194062497,3,SA-23-V-B,2019
2.7709809218750006,12,SA-23-V-B,2019
11.977763171874988,15,SA-23-V-B,2019
3.5754714999999986,25,SA-23-V-B,2019
29.765470117187565,33,SA-23-V-B,2019
968.1593573515589,3,NB-22-Y-D,2019
12.661664539062501,4,NB-22-Y-D,2019
605.9890390703105,12,NB-22-Y-D,2019
93.36306689062539,15,NB-22-Y-D,2019
284.0450032031244,33,NB-22-Y-D,2019
9705.390884212766,3,NA-22-V-B,2019
12.131664875000002,4,NA-22-V-B,2019
2139.1242133749483,12,NA-22-V-B,2019
184.5717017343756,15,NA-22-V-B,2019
1.1602210859375,18,NA-22-V-B,2019
281.9468854765615,33,NA-22-V-B,2019
0.089277984375,3,NA-22-X-A,2019
0.624944796875,33,NA-22-X-A,2019
1194.8625731640254,3,NA-22-X-C,2019
6.7890937343749975,4,NA-22-X-C,2019
1347.7209230625074,12,NA-22-X-C,2019
19.471544874999992,15,NA-22-X-C,2019
4.019589351562497,18,NA-22-X-C,2019
3.930588382812498,25,NA-22-X-C,2019
356.27156507031026,33,NA-22-X-C,2019
3983.6094849921215,3,NA-22-Z-A,2019
26.541811218750006,4,NA-22-Z-A,2019
7381.193807257536,12,NA-22-Z-A,2019
14.745664851562502,15,NA-22-Z-A,2019
76.41422871093756,18,NA-22-Z-A,2019
2.144815515625001,25,NA-22-Z-A,2019
966.2792525937474,33,NA-22-Z-A,2019
3469.0727678594135,3,SA-23-V-A,2019
0.0893931171875,4,SA-23-V-A,2019
203.17937223437468,12,SA-23-V-A,2019
1250.4400914922107,15,SA-23-V-A,2019
7.508401749999999,18,SA-23-V-A,2019
65.61248339062493,25,SA-23-V-A,2019
565.301065976565,33,SA-23-V-A,2019
19.756842953124995,3,NA-22-Z-D,2019
0.7151798593750001,4,NA-22-Z-D,2019
80.63653298437512,12,NA-22-Z-D,2019
0.0893974921875,18,NA-22-Z-D,2019
137.7611176874999,33,NA-22-Z-D,2019
1495.6656336328608,3,SA-22-X-B,2019
66.23915259374985,4,SA-22-X-B,2019
8720.873095344255,12,SA-22-X-B,2019
387.5835845234378,15,SA-22-X-B,2019
8.760147453124999,18,SA-22-X-B,2019
26.99547108593751,25,SA-22-X-B,2019
2643.4783228594583,33,SA-22-X-B,2019
5214.674527226643,3,NA-22-Z-C,2019
84.2984039765625,4,NA-22-Z-C,2019
4103.837879812737,12,NA-22-Z-C,2019
313.50224691406294,15,NA-22-Z-C,2019
132.66113751562418,18,NA-22-Z-C,2019
0.9833036406250002,25,NA-22-Z-C,2019
4142.126415867224,33,NA-22-Z-C,2019
12916.697143858208,3,SA-22-X-A,2019
90.91544213281247,4,SA-22-X-A,2019
2062.0953736406027,12,SA-22-X-A,2019
69.0090570937499,15,SA-22-X-A,2019
7.688153640624994,18,SA-22-X-A,2019
2.145431140625,25,SA-22-X-A,2019
3255.7869925778677,33,SA-22-X-A,2019
14537.081138790729,3,NA-22-Y-D,2019
18.59378417187503,4,NA-22-Y-D,2019
2425.3533230938215,12,NA-22-Y-D,2019
383.8562453593775,15,NA-22-Y-D,2019
26.63965712500004,18,NA-22-Y-D,2019
112.8163897109383,25,NA-22-Y-D,2019
216.5064175703128,33,NA-22-Y-D,2019
14714.168929481006,3,SA-22-V-B,2019
24.673170523437513,4,SA-22-V-B,2019
1287.6416653515166,12,SA-22-V-B,2019
221.42183407031146,15,SA-22-V-B,2019
1.9665391562499999,18,SA-22-V-B,2019
42.463277335937306,25,SA-22-V-B,2019
1951.9059860078007,33,SA-22-V-B,2019
17667.05744630856,3,SA-22-V-A,2019
0.089395234375,4,SA-22-V-A,2019
38.79592273437503,12,SA-22-V-A,2019
113.25396110937533,15,SA-22-V-A,2019
6.0784270546875,18,SA-22-V-A,2019
8.670648140625003,25,SA-22-V-A,2019
125.06157666406226,33,SA-22-V-A,2019
18397.09716995516,3,NA-22-Y-C,2019
0.0893958125,4,NA-22-Y-C,2019
2.8606488125000005,12,NA-22-Y-C,2019
1.2515023203125,15,NA-22-Y-C,2019
0.4469342890625,18,NA-22-Y-C,2019
71.06827496093743,33,NA-22-Y-C,2019
17785.90746111033,3,NA-22-Y-B,2019
0.2681455,4,NA-22-Y-B,2019
620.1182560859266,12,NA-22-Y-B,2019
26.545246601562457,15,NA-22-Y-B,2019
2.8601188515625005,18,NA-22-Y-B,2019
3.485975570312499,25,NA-22-Y-B,2019
26.992318429687472,33,NA-22-Y-B,2019
18429.623325134093,3,NA-22-Y-A,2019
7.865060359374999,12,NA-22-Y-A,2019
0.9830401093750001,15,NA-22-Y-A,2019
0.44685633593750007,18,NA-22-Y-A,2019
28.421126195312485,33,NA-22-Y-A,2019
17958.8386496183,3,NA-22-V-D,2019
221.65018407031195,12,NA-22-V-D,2019
13.128587882812502,15,NA-22-V-D,2019
2.4112265078125,18,NA-22-V-D,2019
5.6275988359374995,25,NA-22-V-D,2019
25.71887368749998,33,NA-22-V-D,2019
5559.144154257652,3,NA-22-V-C,2019
0.44659905468750005,12,NA-22-V-C,2019
11.789534757812497,33,NA-22-V-C,2019
18341.334735565782,3,NA-21-Z-B,2019
1.9660545546875001,4,NA-21-Z-B,2019
70.6863872421873,12,NA-21-Z-B,2019
1.1616792343749998,15,NA-21-Z-B,2019
18.409983812500002,33,NA-21-Z-B,2019
6778.785458953087,3,NA-21-X-D,2019
0.0893367578125,4,NA-21-X-D,2019
21.349095867187472,12,NA-21-X-D,2019
0.44668624218749997,15,NA-21-X-D,2019
0.268024140625,33,NA-21-X-D,2019
18376.00188005463,3,NA-21-Z-D,2019
1.7878374765625002,4,NA-21-Z-D,2019
26.549690945312495,12,NA-21-Z-D,2019
3.128754031250001,15,NA-21-Z-D,2019
32.09153454687503,33,NA-21-Z-D,2019
18304.764329825277,3,SA-21-X-B,2019
1.4302511328125,4,SA-21-X-B,2019
108.51562763281285,12,SA-21-X-B,2019
20.38016525,15,SA-21-X-B,2019
0.268164484375,18,SA-21-X-B,2019
2.9497660859375006,33,SA-21-X-B,2019
18301.536277747655,3,SA-21-X-A,2019
1.251561328125,4,SA-21-X-A,2019
22.617165273437514,12,SA-21-X-A,2019
2.771149140625,15,SA-21-X-A,2019
0.0893878046875,18,SA-21-X-A,2019
144.19080117187448,33,SA-21-X-A,2019
17826.959627675526,3,NA-21-Z-C,2019
28.784459164062497,4,NA-21-Z-C,2019
501.75118191405835,12,NA-21-Z-C,2019
2.413615375,15,NA-21-Z-C,2019
111.11720896874961,33,NA-21-Z-C,2019
13191.608382516059,3,NA-21-Z-A,2019
16.5319024375,4,NA-21-Z-A,2019
3933.902384609288,12,NA-21-Z-A,2019
4.200133734375001,15,NA-21-Z-A,2019
17.51690187500001,33,NA-21-Z-A,2019
2028.010421695353,3,NA-21-X-C,2019
2.0547088437500003,4,NA-21-X-C,2019
882.6545201484488,12,NA-21-X-C,2019
4.109276929687498,15,NA-21-X-C,2019
0.35734684375,33,NA-21-X-C,2019
13257.704070735763,3,NA-21-Y-B,2019
0.44684211718749994,12,NA-21-Y-B,2019
2.6811985234374998,15,NA-21-Y-B,2019
17.965124015624994,33,NA-21-Y-B,2019
19.834327499999983,3,NA-21-V-D,2019
18412.91996323084,3,NA-21-Y-D,2019
3.397020835937499,12,NA-21-Y-D,2019
1.7878217265625005,15,NA-21-Y-D,2019
21.54428386718752,33,NA-21-Y-D,2019
18320.04436122309,3,SA-21-V-B,2019
0.446955796875,4,SA-21-V-B,2019
22.615965078124976,12,SA-21-V-B,2019
7.151179898437499,15,SA-21-V-B,2019
89.3906276562501,33,SA-21-V-B,2019
18329.16410499686,3,SA-21-V-A,2019
14.570629468749985,12,SA-21-V-A,2019
2.860493875,15,SA-21-V-A,2019
10.280025109374993,25,SA-21-V-A,2019
115.93867271093741,33,SA-21-V-A,2019
17563.64297275156,3,NA-21-Y-C,2019
5.989023781250001,4,NA-21-Y-C,2019
8.044878273437499,12,NA-21-Y-C,2019
818.1742876327869,15,NA-21-Y-C,2019
6.257085554687504,25,NA-21-Y-C,2019
70.43751000781273,33,NA-21-Y-C,2019
9489.894268623832,3,NA-21-Y-A,2019
0.8041451171875001,4,NA-21-Y-A,2019
112.13496367968689,12,NA-21-Y-A,2019
165.71251783593718,15,NA-21-Y-A,2019
5.9885448203125,33,NA-21-Y-A,2019
17777.2270763087,3,SA-20-X-B,2019
392.18427989062593,12,SA-20-X-B,2019
41.39057140625001,15,SA-20-X-B,2019
48.270595226562506,25,SA-20-X-B,2019
148.12612162500042,33,SA-20-X-B,2019
14780.046789328939,3,NA-20-Z-D,2019
2.14525278125,4,NA-20-Z-D,2019
1917.2793749452771,12,NA-20-Z-D,2019
1298.035518734436,15,NA-20-Z-D,2019
7.419148007812501,25,NA-20-Z-D,2019
387.1642644375032,33,NA-20-Z-D,2019
13628.948178921388,3,NA-20-Z-B,2019
5.8981722890625,4,NA-20-Z-B,2019
3107.0095683826967,12,NA-20-Z-B,2019
1441.9185158984428,15,NA-20-Z-B,2019
8.847169250000002,25,NA-20-Z-B,2019
236.91595228124942,33,NA-20-Z-B,2019
10106.661400844572,3,NA-20-X-D,2019
3.4834348281249996,4,NA-20-X-D,2019
4660.131081968494,12,NA-20-X-D,2019
3072.4393222420995,15,NA-20-X-D,2019
102.24063745312569,18,NA-20-X-D,2019
118.40432510937538,25,NA-20-X-D,2019
281.0443436953126,33,NA-20-X-D,2019
502.0666248437476,3,NA-21-V-C,2019
3.5723465390624995,4,NA-21-V-C,2019
910.5061041015399,12,NA-21-V-C,2019
47.690638226562356,15,NA-21-V-C,2019
12.055285421875004,33,NA-21-V-C,2019
36.30483567968755,3,NA-21-V-A,2019
13.206573265625002,4,NA-21-V-A,2019
2604.8337412967912,12,NA-21-V-A,2019
23.02547392187501,15,NA-21-V-A,2019
6.692250742187505,18,NA-21-V-A,2019
6.156795296874998,25,NA-21-V-A,2019
47.38100202343749,33,NA-21-V-A,2019
1602.2423941015832,3,NA-20-X-B,2019
6.778978953125001,4,NA-20-X-B,2019
16005.290154220615,12,NA-20-X-B,2019
280.42596185156475,15,NA-20-X-B,2019
160.76430028906327,18,NA-20-X-B,2019
337.7084617578184,33,NA-20-X-B,2019
2567.6810562422243,3,NB-20-Z-D,2019
33.166181359375,4,NB-20-Z-D,2019
10947.48176369574,12,NB-20-Z-D,2019
97.88513152343734,15,NB-20-Z-D,2019
3.0309952421874993,18,NB-20-Z-D,2019
3.1195052656250004,25,NB-20-Z-D,2019
20.057133710937503,33,NB-20-Z-D,2019
231.29820603906006,3,NB-21-Y-C,2019
4.903985515625,4,NB-21-Y-C,2019
1540.773148414104,12,NB-21-Y-C,2019
14.355694523437498,15,NB-21-Y-C,2019
0.3566486015625,18,NB-21-Y-C,2019
15.335418859375002,33,NB-21-Y-C,2019
1594.5471284375571,3,NB-20-Z-B,2019
0.979592625,4,NB-20-Z-B,2019
89.05802969531261,12,NB-20-Z-B,2019
2.6716184531250002,15,NB-20-Z-B,2019
6.589343875,33,NB-20-Z-B,2019
24.758748812500016,3,NB-21-Y-A,2019
0.5343436171875,33,NB-21-Y-A,2019
2421.4590478435134,3,NB-20-Z-C,2019
0.4458504296875,12,NB-20-Z-C,2019
1.42673803125,15,NB-20-Z-C,2019
0.8918120000000002,33,NB-20-Z-C,2019
641.9077139609594,3,NB-20-Y-D,2019
2.1403806874999995,15,NB-20-Y-D,2019
0.089176828125,33,NB-20-Y-D,2019
592.5508961718718,3,NB-20-Y-C,2019
1.4269196484375004,15,NB-20-Y-C,2019
0.356706328125,33,NB-20-Y-C,2019
172.76378071875087,3,NA-20-V-A,2019
0.17838697656250002,15,NA-20-V-A,2019
0.624332625,33,NA-20-V-A,2019
370.2205005703095,3,NA-19-X-D,2019
5.449859960937502,12,NA-19-X-D,2019
9529.421274617458,3,NA-20-V-D,2019
0.0893140078125,4,NA-20-V-D,2019
34.379266999999956,12,NA-20-V-D,2019
7.0547323828125,15,NA-20-V-D,2019
0.6251711484375,18,NA-20-V-D,2019
0.5358503828125,33,NA-20-V-D,2019
14034.592276812416,3,NA-20-V-B,2019
4.462213679687501,12,NA-20-V-B,2019
11.686380492187496,15,NA-20-V-B,2019
0.2677692734375,18,NA-20-V-B,2019
3.0335503750000004,25,NA-20-V-B,2019
45.59387692187496,33,NA-20-V-B,2019
16405.61663905278,3,NA-20-X-A,2019
8.207899187500002,4,NA-20-X-A,2019
508.3738873906259,12,NA-20-X-A,2019
445.4970883046915,15,NA-20-X-A,2019
0.35694359375,18,NA-20-X-A,2019
109.42103372656253,33,NA-20-X-A,2019
17173.624728245457,3,NA-20-X-C,2019
7.500714296874998,12,NA-20-X-C,2019
1234.2788319062533,15,NA-20-X-C,2019
0.3572557734375,18,NA-20-X-C,2019
40.630195210937444,33,NA-20-X-C,2019
15643.913814576194,3,NA-20-Y-B,2019
0.2681329375,4,NA-20-Y-B,2019
80.79792203906248,12,NA-20-Y-B,2019
20.108752453124993,15,NA-20-Y-B,2019
25.025579078124995,33,NA-20-Y-B,2019
16898.59582307163,3,NA-20-Z-A,2019
1.0724983515625,4,NA-20-Z-A,2019
1486.3435527811878,12,NA-20-Z-A,2019
20.10574113281251,15,NA-20-Z-A,2019
59.52375246874996,33,NA-20-Z-A,2019
12738.694899288465,3,NA-20-Z-C,2019
0.7151541015625,4,NA-20-Z-C,2019
4630.3547078986885,12,NA-20-Z-C,2019
4.201391734375,15,NA-20-Z-C,2019
1.3409383984375,25,NA-20-Z-C,2019
1021.07399658593,33,NA-20-Z-C,2019
16187.689836261927,3,SA-20-X-A,2019
0.089392390625,4,SA-20-X-A,2019
1003.5321036484011,12,SA-20-X-A,2019
27.8894434140625,15,SA-20-X-A,2019
1.9664695625000004,25,SA-20-X-A,2019
1100.6654416015565,33,SA-20-X-A,2019
15443.70297941354,3,SA-20-V-B,2019
0.268187953125,4,SA-20-V-B,2019
1456.9346206171313,12,SA-20-V-B,2019
4.737701085937501,15,SA-20-V-B,2019
1503.7893306015567,33,SA-20-V-B,2019
15563.470481459924,3,NA-20-Y-D,2019
0.8939420078125,4,NA-20-Y-D,2019
2729.570362210836,12,NA-20-Y-D,2019
10.995033898437502,15,NA-20-Y-D,2019
153.6700175312495,33,NA-20-Y-D,2019
17237.123826887313,3,SA-20-V-A,2019
0.804516390625,4,SA-20-V-A,2019
318.05525180468914,12,SA-20-V-A,2019
11.442581374999998,15,SA-20-V-A,2019
2.3242760390625,25,SA-20-V-A,2019
802.5851625156172,33,SA-20-V-A,2019
17308.98817647089,3,NA-20-Y-C,2019
56.854185921874986,12,NA-20-Y-C,2019
3.7545296015625005,15,NA-20-Y-C,2019
16.80602371875001,33,NA-20-Y-C,2019
2022.6726759220817,3,NA-20-Y-A,2019
5.273336781249995,12,NA-20-Y-A,2019
1.5194572265625002,15,NA-20-Y-A,2019
2.4132093671874997,33,NA-20-Y-A,2019
5385.024268680603,3,NA-19-Z-B,2019
11.7069165703125,12,NA-19-Z-B,2019
55.05558822656253,33,NA-19-Z-B,2019
16740.82873390469,3,NA-19-Z-D,2019
0.178791078125,4,NA-19-Z-D,2019
142.76002649218722,12,NA-19-Z-D,2019
282.8369300078124,33,NA-19-Z-D,2019
17935.101803404366,3,SA-19-X-B,2019
0.089390875,4,SA-19-X-B,2019
80.81105132031243,12,SA-19-X-B,2019
5.9896192109375015,25,SA-19-X-B,2019
450.5538895859364,33,SA-19-X-B,2019
18328.712358629044,3,SA-19-X-A,2019
0.2681888984375,4,SA-19-X-A,2019
27.980539734375004,12,SA-19-X-A,2019
82.68800240625077,33,SA-19-X-A,2019
17957.455132385978,3,NA-19-Z-C,2019
4.559059585937499,4,NA-19-Z-C,2019
200.59703224218586,12,NA-19-Z-C,2019
277.03786544531414,33,NA-19-Z-C,2019
15294.103219978246,3,NA-19-Z-A,2019
37.44394342187497,12,NA-19-Z-A,2019
85.08133678125024,33,NA-19-Z-A,2019
9224.66208663939,3,SA-19-V-B,2019
8.581917226562505,12,SA-19-V-B,2019
10.5478313671875,33,SA-19-V-B,2019
8804.883035913888,3,NA-19-Y-D,2019
14.392403976562498,12,NA-19-Y-D,2019
0.2681793515625,15,NA-19-Y-D,2019
102.98019657812489,33,NA-19-Y-D,2019
7024.22021757151,3,NA-19-Y-B,2019
12.1536958359375,12,NA-19-Y-B,2019
0.6256359453125,15,NA-19-Y-B,2019
47.36757325000007,33,NA-19-Y-B,2019
231.12548494531305,3,NA-19-X-C,2019
0.6254082890625,12,NA-19-X-C,2019
198.66845710156056,3,SC-19-Y-D,2019
0.0877956328125,12,SC-19-Y-D,2019
0.5267800859375,15,SC-19-Y-D,2019
0.7901199609375,33,SC-19-Y-D,2019
1404.3776229453165,3,SC-19-Y-A,2019
0.9677412968750001,12,SC-19-Y-A,2019
0.9668882812499999,33,SC-19-Y-A,2019
16209.56899577323,3,SC-19-Y-B,2019
0.0878691171875,4,SC-19-Y-B,2019
25.243538390624987,12,SC-19-Y-B,2019
1264.9218187734527,15,SC-19-Y-B,2019
0.08781746875,18,SC-19-Y-B,2019
1.6684821953124997,25,SC-19-Y-B,2019
36.126819351562496,33,SC-19-Y-B,2019
17973.820286321108,3,SC-19-V-D,2019
21.789613531249998,12,SC-19-V-D,2019
170.3965862031249,15,SC-19-V-D,2019
60.02599291406246,33,SC-19-V-D,2019
9706.489259269141,3,SC-19-Z-A,2019
9.500464976562494,12,SC-19-Z-A,2019
5385.525879290635,15,SC-19-Z-A,2019
0.0878798046875,18,SC-19-Z-A,2019
42.344087210937275,25,SC-19-Z-A,2019
30.077725437499996,33,SC-19-Z-A,2019
12228.487350336285,3,SC-19-X-C,2019
33.435108640625,12,SC-19-X-C,2019
5768.3677196876415,15,SC-19-X-C,2019
82.91306052343755,25,SC-19-X-C,2019
80.81195268749991,33,SC-19-X-C,2019
135.36399475000036,3,SC-19-Z-C,2019
0.70236275,12,SC-19-Z-C,2019
314.2567553984354,15,SC-19-Z-C,2019
8.779187617187498,25,SC-19-Z-C,2019
6.057857351562494,33,SC-19-Z-C,2019
578.3936181406308,3,SC-19-Z-B,2019
1.3204850000000001,12,SC-19-Z-B,2019
1809.6179439453924,15,SC-19-Z-B,2019
8.978774648437492,25,SC-19-Z-B,2019
9.771230132812494,33,SC-19-Z-B,2019
11201.866264142067,3,SC-19-X-D,2019
0.0882628125,4,SC-19-X-D,2019
7.762334578124999,12,SC-19-X-D,2019
5714.832644945611,15,SC-19-X-D,2019
6.3457223671874985,25,SC-19-X-D,2019
38.44858746093752,33,SC-19-X-D,2019
15943.115487560986,3,SC-19-X-B,2019
0.2652039921875,4,SC-19-X-B,2019
76.4022351406247,12,SC-19-X-B,2019
2154.1182311563166,15,SC-19-X-B,2019
5.391311710937501,25,SC-19-X-B,2019
96.57935914062493,33,SC-19-X-B,2019
17730.330024493003,3,SC-19-X-A,2019
17.054242468750004,12,SC-19-X-A,2019
421.3556164375005,15,SC-19-X-A,2019
74.32068528906285,33,SC-19-X-A,2019
17104.65769189057,3,SC-19-V-B,2019
14.506375734375002,12,SC-19-V-B,2019
1102.8514993828064,15,SC-19-V-B,2019
11.2379927578125,25,SC-19-V-B,2019
42.618268937500005,33,SC-19-V-B,2019
18268.904634041515,3,SB-19-Z-C,2019
5.6746689765625,12,SB-19-Z-C,2019
4.4328484531250005,15,SB-19-Z-C,2019
57.01883653125019,33,SB-19-Z-C,2019
18035.961578023594,3,SB-19-Y-D,2019
22.95971217187501,12,SB-19-Y-D,2019
214.50655658593882,15,SB-19-Y-D,2019
2.393952570312501,25,SB-19-Y-D,2019
93.1876616484374,33,SB-19-Y-D,2019
17967.136728328816,3,SB-19-Z-D,2019
1.152005703125,4,SB-19-Z-D,2019
72.40082135156253,12,SB-19-Z-D,2019
115.020281007811,15,SB-19-Z-D,2019
2.392481421875,25,SB-19-Z-D,2019
210.90714318749906,33,SB-19-Z-D,2019
18058.57968141201,3,SB-19-Z-A,2019
0.08889690625,4,SB-19-Z-A,2019
49.58719191406246,12,SB-19-Z-A,2019
23.813681335937513,15,SB-19-Z-A,2019
192.90971159374877,33,SB-19-Z-A,2019
18308.649939695955,3,SB-19-Z-B,2019
1.4215986015625002,12,SB-19-Z-B,2019
2.3083130937500003,15,SB-19-Z-B,2019
45.55790738281247,33,SB-19-Z-B,2019
18200.759128047765,3,SB-19-X-C,2019
0.0889339140625,4,SB-19-X-C,2019
25.977771390624966,12,SB-19-X-C,2019
3.6480239453124996,15,SB-19-X-C,2019
127.24923178906295,33,SB-19-X-C,2019
18179.47522037338,3,SB-19-X-D,2019
40.33250067187504,12,SB-19-X-D,2019
11.93222051562498,15,SB-19-X-D,2019
159.00063510156338,33,SB-19-X-D,2019
18207.469455230195,3,SB-19-X-A,2019
1.1588475234375,12,SB-19-X-A,2019
0.35665028906249996,15,SB-19-X-A,2019
176.0363330234376,33,SB-19-X-A,2019
18102.34331968753,3,SB-19-X-B,2019
0.5348138203124999,4,SB-19-X-B,2019
53.826892203124984,12,SB-19-X-B,2019
60.6690685078126,15,SB-19-X-B,2019
4.275971999999998,25,SB-19-X-B,2019
196.43780489062522,33,SB-19-X-B,2019
17911.04800219749,3,SB-19-Y-B,2019
75.84156450781256,12,SB-19-Y-B,2019
157.72619785937567,15,SB-19-Y-B,2019
6.127922414062502,25,SB-19-Y-B,2019
207.19407179687505,33,SB-19-Y-B,2019
18329.056827910732,3,SB-19-V-D,2019
2.9369725703125003,12,SB-19-V-D,2019
0.8896790781249999,15,SB-19-V-D,2019
57.857097101562516,33,SB-19-V-D,2019
15948.194542140942,3,SB-19-V-B,2019
0.0891526015625,4,SB-19-V-B,2019
111.09062866406164,12,SB-19-V-B,2019
76.8517086328124,15,SB-19-V-B,2019
19.079200328124987,25,SB-19-V-B,2019
485.5166481640609,33,SB-19-V-B,2019
18006.706815791404,3,SB-19-Y-C,2019
21.9866620390625,12,SB-19-Y-C,2019
253.50190648437652,15,SB-19-Y-C,2019
2.7509461328125,25,SB-19-Y-C,2019
84.06313055468749,33,SB-19-Y-C,2019
18157.83716747646,3,SB-19-Y-A,2019
29.653106710937504,12,SB-19-Y-A,2019
81.22409807812555,15,SB-19-Y-A,2019
89.22338651562445,33,SB-19-Y-A,2019
18319.0854433823,3,SB-19-V-C,2019
3.559547671875,12,SB-19-V-C,2019
2.045603640625,15,SB-19-V-C,2019
66.0499819609374,33,SB-19-V-C,2019
11186.561351462155,3,SB-19-V-A,2019
1.8724091328124999,12,SB-19-V-A,2019
3.3876954453125006,15,SB-19-V-A,2019
171.13820796875012,33,SB-19-V-A,2019
15943.863852723993,3,SB-18-Z-B,2019
5.0651905625,12,SB-18-Z-B,2019
8.9674980234375,15,SB-18-Z-B,2019
7.287930789062496,33,SB-18-Z-B,2019
11606.796645232755,3,SB-18-X-D,2019
11.391224570312502,12,SB-18-X-D,2019
0.7119214609375,15,SB-18-X-D,2019
43.70296620312497,33,SB-18-X-D,2019
1396.8185201171964,3,SB-18-X-B,2019
0.8907362578125,12,SB-18-X-B,2019
0.089103734375,15,SB-18-X-B,2019
36.972151374999996,33,SB-18-X-B,2019
16459.78499399309,3,SB-18-Z-D,2019
29.073140734375013,12,SB-18-Z-D,2019
1720.061530023413,15,SB-18-Z-D,2019
41.38937046875006,25,SB-18-Z-D,2019
85.72195278124991,33,SB-18-Z-D,2019
15579.70470699955,3,SC-18-X-B,2019
30.872614882812506,12,SC-18-X-B,2019
422.4225420468713,15,SC-18-X-B,2019
4.155454531250001,25,SC-18-X-B,2019
44.93323032031246,33,SC-18-X-B,2019
16905.03953682854,3,SC-19-V-A,2019
39.706448187499916,12,SC-19-V-A,2019
1241.7108072109513,15,SC-19-V-A,2019
7.258376843749994,25,SC-19-V-A,2019
82.15665963281248,33,SC-19-V-A,2019
15652.714611500596,3,SC-19-V-C,2019
34.053894000000014,12,SC-19-V-C,2019
131.35217072656243,15,SC-19-V-C,2019
43.50044135156253,33,SC-19-V-C,2019
7061.3909016026955,3,SC-18-X-D,2019
15.5361322890625,12,SC-18-X-D,2019
118.65999590625023,15,SC-18-X-D,2019
11.740336492187499,33,SC-18-X-D,2019
369.1305649765637,3,SC-18-X-A,2019
3700.4155178982332,3,SB-18-Z-C,2019
0.9753963203125,12,SB-18-Z-C,2019
7.9792802265625005,15,SB-18-Z-C,2019
0.17742870312499998,33,SB-18-Z-C,2019
721.8950524687532,3,SB-18-Z-A,2019
0.6216108203125,12,SB-18-Z-A,2019
5477.939884343463,3,SA-19-V-D,2019
1.519210859375,12,SA-19-V-D,2019
161.0327054218751,33,SA-19-V-D,2019
7557.976845679175,3,SA-19-Y-B,2019
5.089301585937499,12,SA-19-Y-B,2019
0.44641096093750005,15,SA-19-Y-B,2019
144.47360846874966,33,SA-19-Y-B,2019
9482.59369089848,3,SA-19-Y-D,2019
0.0892716875,4,SA-19-Y-D,2019
84.31660302343761,12,SA-19-Y-D,2019
17.665764242187503,15,SA-19-Y-D,2019
322.7241542031239,33,SA-19-Y-D,2019
18010.017249893575,3,SA-19-Z-A,2019
42.67911107812495,12,SA-19-Z-A,2019
11.607569406250004,15,SA-19-Z-A,2019
1.6964914687499997,25,SA-19-Z-A,2019
357.2559504062535,33,SA-19-Z-A,2019
17479.124741842556,3,SA-19-Z-C,2019
171.55391005468795,12,SA-19-Z-C,2019
46.410477750000034,15,SA-19-Z-C,2019
7.229717109374996,25,SA-19-Z-C,2019
702.5485307187549,33,SA-19-Z-C,2019
17909.53840208873,3,SA-19-Z-D,2019
119.210135554687,12,SA-19-Z-D,2019
31.232579296875002,15,SA-19-Z-D,2019
1.5170404062499998,25,SA-19-Z-D,2019
367.3180315468743,33,SA-19-Z-D,2019
16719.93786335147,3,SA-19-Z-B,2019
0.0893363046875,4,SA-19-Z-B,2019
309.6377796874996,12,SA-19-Z-B,2019
111.26815174218774,15,SA-19-Z-B,2019
7.323126742187497,25,SA-19-Z-B,2019
1253.4786898827992,33,SA-19-Z-B,2019
17676.181787053483,3,SA-19-X-D,2019
0.178745125,4,SA-19-X-D,2019
143.0620780312504,12,SA-19-X-D,2019
0.6254544140624999,25,SA-19-X-D,2019
643.6277317500004,33,SA-19-X-D,2019
17923.04551800927,3,SA-19-X-C,2019
9.2050246171875,12,SA-19-X-C,2019
501.93385759374485,33,SA-19-X-C,2019
17781.62276136915,3,SA-20-V-C,2019
0.1787651953125,4,SA-20-V-C,2019
184.52189368750024,12,SA-20-V-C,2019
1.3402793906250001,25,SA-20-V-C,2019
458.65704495312565,33,SA-20-V-C,2019
16092.968704806442,3,SA-20-Y-A,2019
386.20372405468476,12,SA-20-Y-A,2019
109.39396019531246,15,SA-20-Y-A,2019
1.607034890625,25,SA-20-Y-A,2019
1720.6390183515687,33,SA-20-Y-A,2019
18388.171970656396,3,SA-20-Y-B,2019
29.287786484375026,12,SA-20-Y-B,2019
0.3572243203125,15,SA-20-Y-B,2019
35.806916453124984,33,SA-20-Y-B,2019
18131.28049569377,3,SA-20-V-D,2019
191.09705034375094,12,SA-20-V-D,2019
0.3574928203125,15,SA-20-V-D,2019
142.4591633593749,33,SA-20-V-D,2019
15755.834422392025,3,SA-20-X-C,2019
206.08124715625053,12,SA-20-X-C,2019
13.406358890625002,15,SA-20-X-C,2019
0.089382453125,25,SA-20-X-C,2019
2417.5650544765863,33,SA-20-X-C,2019
16890.93045421064,3,SA-20-X-D,2019
178.12364158593934,12,SA-20-X-D,2019
191.7749273593752,15,SA-20-X-D,2019
39.84878592968744,18,SA-20-X-D,2019
1.1616296640625,25,SA-20-X-D,2019
1129.0389665703078,33,SA-20-X-D,2019
18317.262418197253,3,SA-20-Z-A,2019
28.75191799218751,12,SA-20-Z-A,2019
0.089286203125,15,SA-20-Z-A,2019
108.0559725156246,33,SA-20-Z-A,2019
16360.57279698684,3,SA-20-Z-B,2019
9.913715195312498,12,SA-20-Z-B,2019
207.53371048437464,15,SA-20-Z-B,2019
4.55629109375,18,SA-20-Z-B,2019
35.71582270312504,25,SA-20-Z-B,2019
1797.9972496641028,33,SA-20-Z-B,2019
15886.825857867892,3,SA-20-Y-D,2019
0.35700146875000005,4,SA-20-Y-D,2019
680.3008057343741,12,SA-20-Y-D,2019
37.11286800781255,15,SA-20-Y-D,2019
1741.1314618828387,33,SA-20-Y-D,2019
16096.739382800713,3,SA-20-Z-C,2019
258.5510348046915,12,SA-20-Z-C,2019
76.54575592187494,15,SA-20-Z-C,2019
6.066046429687499,25,SA-20-Z-C,2019
1950.8575717968154,33,SA-20-Z-C,2019
12922.698425414932,3,SA-20-Z-D,2019
0.3568166328125,4,SA-20-Z-D,2019
545.0950973906262,12,SA-20-Z-D,2019
1229.004513187473,15,SA-20-Z-D,2019
0.3570522421875,18,SA-20-Z-D,2019
151.93045228125015,25,SA-20-Z-D,2019
3480.5863326564477,33,SA-20-Z-D,2019
16559.49877747217,3,SB-20-X-A,2019
0.089181171875,4,SB-20-X-A,2019
218.3687240624995,12,SB-20-X-A,2019
9.268948765624994,15,SB-20-X-A,2019
1586.8403975624828,33,SB-20-X-A,2019
17387.01071168016,3,SB-20-X-B,2019
2.58472196875,4,SB-20-X-B,2019
409.7918737265635,12,SB-20-X-B,2019
24.86473932812499,15,SB-20-X-B,2019
526.7223667578182,33,SB-20-X-B,2019
17000.830466655974,3,SB-20-V-B,2019
92.00088559374997,12,SB-20-V-B,2019
42.89037407812491,15,SB-20-V-B,2019
9.006685992187508,25,SB-20-V-B,2019
1265.6924444921842,33,SB-20-V-B,2019
18320.577816245786,3,SB-20-V-A,2019
8.55738309375,12,SB-20-V-A,2019
6.0613925,15,SB-20-V-A,2019
49.82469422656246,33,SB-20-V-A,2019
17118.828748453303,3,SA-20-Y-C,2019
0.2677341015625,4,SA-20-Y-C,2019
190.07699948437465,12,SA-20-Y-C,2019
217.6739558203119,15,SA-20-Y-C,2019
9.01425596875,25,SA-20-Y-C,2019
841.2814830859369,33,SA-20-Y-C,2019
18076.12856493881,3,SB-20-V-C,2019
130.38490314843662,12,SB-20-V-C,2019
13.69578342968751,15,SB-20-V-C,2019
137.51383757031226,33,SB-20-V-C,2019
17307.64825258474,3,SB-20-V-D,2019
0.8009626093750001,4,SB-20-V-D,2019
399.3172108828138,12,SB-20-V-D,2019
23.044204374999996,15,SB-20-V-D,2019
1.9575189765624996,25,SB-20-V-D,2019
657.972427234372,33,SB-20-V-D,2019
18077.912695545452,3,SB-20-Y-A,2019
37.85728144531252,12,SB-20-Y-A,2019
9.511070601562496,15,SB-20-Y-A,2019
198.5441486484377,33,SB-20-Y-A,2019
17913.40404676628,3,SB-20-Y-B,2019
0.26625828125,4,SB-20-Y-B,2019
113.37133719531258,12,SB-20-Y-B,2019
119.41905024218738,15,SB-20-Y-B,2019
2.5762823203124996,25,SB-20-Y-B,2019
201.97309561718728,33,SB-20-Y-B,2019
17047.421098983694,3,SB-20-Y-D,2019
104.2895623359383,4,SB-20-Y-D,2019
743.7205944296791,12,SB-20-Y-D,2019
370.38692344531194,15,SB-20-Y-D,2019
9.396990859375,25,SB-20-Y-D,2019
63.84102035156256,33,SB-20-Y-D,2019
17472.04098008035,3,SB-20-Y-C,2019
4.163598367187499,4,SB-20-Y-C,2019
340.53169939843986,12,SB-20-Y-C,2019
159.26008445312488,15,SB-20-Y-C,2019
6.297644070312503,25,SB-20-Y-C,2019
338.48455992187377,33,SB-20-Y-C,2019
17350.895732701312,3,SC-20-V-A,2019
5.1299558984375,4,SC-20-V-A,2019
793.9061000781135,12,SC-20-V-A,2019
38.00491132812499,15,SC-20-V-A,2019
0.17681536718750002,18,SC-20-V-A,2019
54.85850683593743,33,SC-20-V-A,2019
11225.845291320826,3,SC-20-V-C,2019
6.966404242187495,4,SC-20-V-C,2019
130.7248919062496,12,SC-20-V-C,2019
4511.067376148504,15,SC-20-V-C,2019
10.06238835156249,18,SC-20-V-C,2019
28.754065406250017,25,SC-20-V-C,2019
359.0835459296883,33,SC-20-V-C,2019
8833.451852438824,3,SC-20-V-D,2019
1.9418590234375,4,SC-20-V-D,2019
98.81005118750004,12,SC-20-V-D,2019
8683.839609758,15,SC-20-V-D,2019
213.0235031171882,18,SC-20-V-D,2019
86.73389923437483,25,SC-20-V-D,2019
308.4962299609386,33,SC-20-V-D,2019
13826.164594741853,3,SC-20-V-B,2019
7.169702617187499,4,SC-20-V-B,2019
534.6824929921897,12,SC-20-V-B,2019
2894.0696697344383,15,SC-20-V-B,2019
16.44180146875001,18,SC-20-V-B,2019
120.72796765624943,25,SC-20-V-B,2019
830.8038352421921,33,SC-20-V-B,2019
17215.9683889832,3,SB-20-Z-A,2019
3.9979359999999993,4,SB-20-Z-A,2019
307.1759925468759,12,SB-20-Z-A,2019
161.69687972656206,15,SB-20-Z-A,2019
628.324552890617,33,SB-20-Z-A,2019
16956.1154539787,3,SB-20-Z-C,2019
6.116259054687498,4,SB-20-Z-C,2019
331.29264442968713,12,SB-20-Z-C,2019
710.0747970546912,15,SB-20-Z-C,2019
2.92267721875,25,SB-20-Z-C,2019
354.5079135937491,33,SB-20-Z-C,2019
14485.689581260272,3,SC-20-X-A,2019
9.465623382812497,4,SC-20-X-A,2019
2830.214392304779,12,SC-20-X-A,2019
795.6939267734431,15,SC-20-X-A,2019
0.53057915625,18,SC-20-X-A,2019
152.59622530468778,33,SC-20-X-A,2019
9913.32486939135,3,SC-20-X-C,2019
0.3527910390625,4,SC-20-X-C,2019
19.41538357031252,12,SC-20-X-C,2019
7959.629594273697,15,SC-20-X-C,2019
219.43099612499662,18,SC-20-X-C,2019
27.51748997656248,25,SC-20-X-C,2019
86.89051624999989,33,SC-20-X-C,2019
16035.97711941546,3,SC-20-X-D,2019
48.216605921874994,4,SC-20-X-D,2019
89.53831371093725,12,SC-20-X-D,2019
1963.9117360156563,15,SC-20-X-D,2019
1.0589856015625,18,SC-20-X-D,2019
3.00102715625,25,SC-20-X-D,2019
51.16335630468753,33,SC-20-X-D,2019
16839.637591459796,3,SC-20-X-B,2019
24.748710406249987,4,SC-20-X-B,2019
955.2085259062545,12,SC-20-X-B,2019
329.0862303671901,15,SC-20-X-B,2019
0.17683077343749998,18,SC-20-X-B,2019
91.9932796875,33,SC-20-X-B,2019
16892.43596576594,3,SB-20-Z-D,2019
2.6597359453125,4,SB-20-Z-D,2019
140.42400116406267,12,SB-20-Z-D,2019
1156.6430902656343,15,SB-20-Z-D,2019
143.1587795390624,33,SB-20-Z-D,2019
17571.857617048354,3,SB-20-Z-B,2019
5.5954918515625,4,SB-20-Z-B,2019
223.85140760156253,12,SB-20-Z-B,2019
355.0516615859366,15,SB-20-Z-B,2019
166.75776796875007,33,SB-20-Z-B,2019
17790.376685706527,3,SB-20-X-C,2019
0.0889601171875,4,SB-20-X-C,2019
179.8630657343746,12,SB-20-X-C,2019
25.43998950000001,15,SB-20-X-C,2019
390.3471269843737,33,SB-20-X-C,2019
17060.66434990321,3,SB-20-X-D,2019
0.4448670546875,4,SB-20-X-D,2019
359.94559353124953,12,SB-20-X-D,2019
161.79151046874995,15,SB-20-X-D,2019
11.479822250000002,25,SB-20-X-D,2019
748.9821202812467,33,SB-20-X-D,2019
18014.977364751827,3,SB-21-V-C,2019
0.0890419765625,4,SB-21-V-C,2019
18.514270093749996,12,SB-21-V-C,2019
90.45566014062467,15,SB-21-V-C,2019
266.70423969531237,33,SB-21-V-C,2019
16917.650276120774,3,SB-21-V-A,2019
4.8131938671875,4,SB-21-V-A,2019
207.7656386640624,12,SB-21-V-A,2019
217.4265861562511,15,SB-21-V-A,2019
5.0811885078125005,25,SB-21-V-A,2019
1039.1438636093762,33,SB-21-V-A,2019
18095.4645282757,3,SB-21-V-B,2019
0.6237590078125,4,SB-21-V-B,2019
50.55039591406254,12,SB-21-V-B,2019
6.953782007812501,15,SB-21-V-B,2019
4.543115546874999,25,SB-21-V-B,2019
226.88570531250014,33,SB-21-V-B,2019
17797.559163355476,3,SB-21-V-D,2019
5.961676546875,12,SB-21-V-D,2019
137.5280217734368,15,SB-21-V-D,2019
69.50631509374996,25,SB-21-V-D,2019
347.1679123203096,33,SB-21-V-D,2019
17432.280513809215,3,SB-21-Y-A,2019
4.084374632812499,4,SB-21-Y-A,2019
65.45103036718761,12,SB-21-Y-A,2019
812.5018042343778,15,SB-21-Y-A,2019
43.620035734374966,33,SB-21-Y-A,2019
17155.905229309134,3,SB-21-Y-B,2019
13.139461718749994,4,SB-21-Y-B,2019
302.2851280546882,12,SB-21-Y-B,2019
386.85859223437427,15,SB-21-Y-B,2019
36.176156124999984,25,SB-21-Y-B,2019
429.81561016406226,33,SB-21-Y-B,2019
17009.39914693921,3,SB-21-Y-C,2019
4.077819859375001,4,SB-21-Y-C,2019
39.97877276562498,12,SB-21-Y-C,2019
1293.3844755546388,15,SB-21-Y-C,2019
0.177145109375,18,SB-21-Y-C,2019
4.524288218750002,25,SB-21-Y-C,2019
17.379085414062494,33,SB-21-Y-C,2019
13146.799312726976,3,SC-21-V-C,2019
0.529064765625,4,SC-21-V-C,2019
19.399204648437504,12,SC-21-V-C,2019
4934.185346742449,15,SC-21-V-C,2019
1.5864223984375,18,SC-21-V-C,2019
15.960277890624969,25,SC-21-V-C,2019
108.27861160937492,33,SC-21-V-C,2019
18204.79163550072,3,SC-21-V-A,2019
0.3539609375,4,SC-21-V-A,2019
10.966804828125003,12,SC-21-V-A,2019
5.746793359374999,15,SC-21-V-A,2019
53.74725699218747,33,SC-21-V-A,2019
17552.746867454272,3,SC-21-V-B,2019
5.7514157109375015,4,SC-21-V-B,2019
306.6548211328126,12,SC-21-V-B,2019
96.25091894531234,15,SC-21-V-B,2019
1.502114796875,18,SC-21-V-B,2019
279.97739646875135,33,SC-21-V-B,2019
12127.580541023739,3,SC-21-V-D,2019
3.172511054687499,4,SC-21-V-D,2019
41.544125554687525,12,SC-21-V-D,2019
5800.531719578296,15,SC-21-V-D,2019
9.516009328125014,18,SC-21-V-D,2019
13.749302984375015,25,SC-21-V-D,2019
197.83268162500022,33,SC-21-V-D,2019
16927.52929957939,3,SB-21-Y-D,2019
18.977132234374995,4,SB-21-Y-D,2019
969.0092958203081,12,SB-21-Y-D,2019
78.21708207812488,15,SB-21-Y-D,2019
33.351407101562486,25,SB-21-Y-D,2019
303.00568310937484,33,SB-21-Y-D,2019
16510.757166457548,3,SB-21-Z-A,2019
0.2665510859375,4,SB-21-Z-A,2019
16.525515234374986,12,SB-21-Z-A,2019
1598.0937088359321,15,SB-21-Z-A,2019
0.7997583671875,18,SB-21-Z-A,2019
145.6727579296872,25,SB-21-Z-A,2019
85.82230086718734,33,SB-21-Z-A,2019
17072.398064345092,3,SB-21-Z-C,2019
5.2260581640625,4,SB-21-Z-C,2019
45.35768923437511,12,SB-21-Z-C,2019
1116.1368419921796,15,SB-21-Z-C,2019
0.177142859375,18,SB-21-Z-C,2019
117.20711021874996,25,SB-21-Z-C,2019
12.5065541875,33,SB-21-Z-C,2019
17126.958783603695,3,SC-21-X-A,2019
94.19840812500007,4,SC-21-X-A,2019
862.8465087343923,12,SC-21-X-A,2019
184.00053212500026,15,SC-21-X-A,2019
2.299052703125,18,SC-21-X-A,2019
4.0645600546875,33,SC-21-X-A,2019
14532.753563796661,3,SC-21-X-B,2019
319.1940705000004,4,SC-21-X-B,2019
510.48049847655494,12,SC-21-X-B,2019
2771.3326846796417,15,SC-21-X-B,2019
91.96035117187505,18,SC-21-X-B,2019
6.193062406249996,25,SC-21-X-B,2019
10.615997023437496,33,SC-21-X-B,2019
15022.251738345334,3,SB-21-Z-D,2019
4.074246414062499,4,SB-21-Z-D,2019
24.376654265624992,12,SB-21-Z-D,2019
3188.144529531078,15,SB-21-Z-D,2019
35.01636502343752,18,SB-21-Z-D,2019
11.358823992187494,25,SB-21-Z-D,2019
50.80863042968751,33,SB-21-Z-D,2019
15723.294134698557,3,SB-21-Z-B,2019
0.088773484375,4,SB-21-Z-B,2019
6.930211226562498,12,SB-21-Z-B,2019
2514.6974480781682,15,SB-21-Z-B,2019
1.8645487578125,18,SB-21-Z-B,2019
78.1040469140624,33,SB-21-Z-B,2019
17599.249196324097,3,SB-21-X-C,2019
0.2669615390625,4,SB-21-X-C,2019
11.840148796874997,12,SB-21-X-C,2019
450.04504515624666,15,SB-21-X-C,2019
0.35610202343749997,18,SB-21-X-C,2019
74.72825071874998,25,SB-21-X-C,2019
254.25487210156172,33,SB-21-X-C,2019
18224.054116250772,3,SB-21-X-D,2019
0.5342026796875,4,SB-21-X-D,2019
5.873490242187501,12,SB-21-X-D,2019
21.000183179687497,15,SB-21-X-D,2019
0.2670997421875,18,SB-21-X-D,2019
105.99399699218765,33,SB-21-X-D,2019
15070.72867031391,3,SB-21-X-A,2019
58.21086726562501,12,SB-21-X-A,2019
2653.4447448515093,15,SB-21-X-A,2019
2.3178005859374995,18,SB-21-X-A,2019
30.846305578125012,25,SB-21-X-A,2019
602.5394825156225,33,SB-21-X-A,2019
16326.325148495687,3,SB-21-X-B,2019
0.17823790625000002,4,SB-21-X-B,2019
12.922166289062503,12,SB-21-X-B,2019
1875.2153544843184,15,SB-21-X-B,2019
3.655754093749999,18,SB-21-X-B,2019
6.509650070312504,25,SB-21-X-B,2019
160.21497472656307,33,SB-21-X-B,2019
17595.316560302686,3,SA-21-Z-C,2019
0.089277765625,4,SA-21-Z-C,2019
56.756493789062674,12,SA-21-Z-C,2019
542.416628390621,15,SA-21-Z-C,2019
0.4462711093749999,18,SA-21-Z-C,2019
241.73497476562557,33,SA-21-Z-C,2019
14882.981850960063,3,SA-21-Z-D,2019
0.1784774609375,4,SA-21-Z-D,2019
17.13177284374998,12,SA-21-Z-D,2019
2511.6087702108753,15,SA-21-Z-D,2019
58.37742548437521,18,SA-21-Z-D,2019
2.9436550781250004,25,SA-21-Z-D,2019
929.2718270703086,33,SA-21-Z-D,2019
8202.310496773725,3,SA-21-Z-B,2019
0.4466416953125,4,SA-21-Z-B,2019
725.634178367207,12,SA-21-Z-B,2019
1898.617920296929,15,SA-21-Z-B,2019
575.531982242187,18,SA-21-Z-B,2019
70.38196807812497,25,SA-21-Z-B,2019
6481.066961976731,33,SA-21-Z-B,2019
11469.539662758125,3,SA-21-Z-A,2019
1.2505330703125002,4,SA-21-Z-A,2019
887.5487403359609,12,SA-21-Z-A,2019
1211.9621384140755,15,SA-21-Z-A,2019
7.771686539062502,18,SA-21-Z-A,2019
49.48151734375008,25,SA-21-Z-A,2019
4350.307670374871,33,SA-21-Z-A,2019
14823.638041747676,3,SA-21-Y-D,2019
0.1783918203125,4,SA-21-Y-D,2019
719.9027769609452,12,SA-21-Y-D,2019
413.48598960156005,15,SA-21-Y-D,2019
1.5171659062499996,18,SA-21-Y-D,2019
22.493889515625,25,SA-21-Y-D,2019
2340.766838679677,33,SA-21-Y-D,2019
12670.046221936964,3,SA-21-Y-B,2019
0.8038212968749999,4,SA-21-Y-B,2019
1124.822203632839,12,SA-21-Y-B,2019
592.7134278515501,15,SA-21-Y-B,2019
3.5725380781249996,18,SA-21-Y-B,2019
16.698913015625003,25,SA-21-Y-B,2019
3613.6386474605342,33,SA-21-Y-B,2019
11303.526127834419,3,SA-21-Y-C,2019
3.4793182734374994,4,SA-21-Y-C,2019
1110.6868392343563,12,SA-21-Y-C,2019
1952.168655812465,15,SA-21-Y-C,2019
144.34652987500024,25,SA-21-Y-C,2019
3632.3020142579894,33,SA-21-Y-C,2019
17728.62320265914,3,SA-21-Y-A,2019
70.28575624999982,12,SA-21-Y-A,2019
367.300442171874,15,SA-21-Y-A,2019
0.1786751640625,18,SA-21-Y-A,2019
16.964932671874998,25,SA-21-Y-A,2019
266.2524989531243,33,SA-21-Y-A,2019
18224.897491923846,3,SA-21-V-D,2019
0.2680696953125,4,SA-21-V-D,2019
27.432276515625,12,SA-21-V-D,2019
28.328661249999982,15,SA-21-V-D,2019
153.2579008359372,33,SA-21-V-D,2019
16235.135377009832,3,SA-21-V-C,2019
71.76420848437486,12,SA-21-V-C,2019
24.393049562500003,15,SA-21-V-C,2019
0.08935228125,18,SA-21-V-C,2019
3.4847685234375003,25,SA-21-V-C,2019
2131.668290359379,33,SA-21-V-C,2019
13724.60485739962,3,SA-21-X-C,2019
1.3402928124999998,4,SA-21-X-C,2019
684.3885840312457,12,SA-21-X-C,2019
1777.5100304687412,15,SA-21-X-C,2019
2.68051771875,18,SA-21-X-C,2019
90.87761167187517,25,SA-21-X-C,2019
2046.999262531215,33,SA-21-X-C,2019
11344.199789171942,3,SA-21-X-D,2019
0.6256698828125,4,SA-21-X-D,2019
1094.8932781328158,12,SA-21-X-D,2019
5030.288926968383,15,SA-21-X-D,2019
8.845850249999994,18,SA-21-X-D,2019
17.422631445312515,25,SA-21-X-D,2019
721.0417071640483,33,SA-21-X-D,2019
11527.554968788769,3,SA-22-V-C,2019
3.395899359375001,4,SA-22-V-C,2019
2072.924053414057,12,SA-22-V-C,2019
2256.6821602578702,15,SA-22-V-C,2019
25.914869875000015,18,SA-22-V-C,2019
5.9872158203125005,25,SA-22-V-C,2019
1874.0293292968422,33,SA-22-V-C,2019
17369.80914971191,3,SB-22-V-A,2019
36.366704273437506,12,SB-22-V-A,2019
543.2336118437571,15,SB-22-V-A,2019
0.445763484375,18,SB-22-V-A,2019
468.23264179687516,33,SB-22-V-A,2019
13083.74523113323,3,SA-22-Y-C,2019
0.089206625,4,SA-22-Y-C,2019
63.78262035156221,12,SA-22-Y-C,2019
5097.536528921959,15,SA-22-Y-C,2019
6.87116384375,18,SA-22-Y-C,2019
16.239420617187513,25,SA-22-Y-C,2019
171.7090826562498,33,SA-22-Y-C,2019
16175.884810618245,3,SA-22-Y-A,2019
384.2468638906276,12,SA-22-Y-A,2019
968.9311777812593,15,SA-22-Y-A,2019
9.019455335937497,18,SA-22-Y-A,2019
0.5360201015625,25,SA-22-Y-A,2019
864.9733378906354,33,SA-22-Y-A,2019
14041.585083118385,3,SA-22-V-D,2019
0.982992125,4,SA-22-V-D,2019
1051.8462212890581,12,SA-22-V-D,2019
621.1752480078087,15,SA-22-V-D,2019
2.3236738984375,18,SA-22-V-D,2019
4.825543375,25,SA-22-V-D,2019
2447.2834772422225,33,SA-22-V-D,2019
15022.110643493954,3,SA-22-Y-B,2019
85.6466514140626,12,SA-22-Y-B,2019
2074.544003499987,15,SA-22-Y-B,2019
0.8931710078125,18,SA-22-Y-B,2019
3.1253878203124983,25,SA-22-Y-B,2019
1261.852405820301,33,SA-22-Y-B,2019
10625.489211585074,3,SA-22-Y-D,2019
199.5611553593741,12,SA-22-Y-D,2019
6687.4879445858305,15,SA-22-Y-D,2019
1.8743598984374998,18,SA-22-Y-D,2019
36.77473692968752,25,SA-22-Y-D,2019
888.7858457265479,33,SA-22-Y-D,2019
18224.86555678544,3,SB-22-V-B,2019
0.7125709765625,4,SB-22-V-B,2019
6.2374357343749995,12,SB-22-V-B,2019
167.64230197656326,15,SB-22-V-B,2019
18.630005640625008,33,SB-22-V-B,2019
15786.471234853278,3,SA-22-Z-A,2019
1.9651006406249998,4,SA-22-Z-A,2019
937.6881224375169,12,SA-22-Z-A,2019
1131.233563039064,15,SA-22-Z-A,2019
1.9646173671875,18,SA-22-Z-A,2019
14.380268453124993,25,SA-22-Z-A,2019
541.2473272499985,33,SA-22-Z-A,2019
11005.84915975011,3,SA-22-Z-C,2019
0.80281678125,4,SA-22-Z-C,2019
49.177438554687626,12,SA-22-Z-C,2019
6470.671533046592,15,SA-22-Z-C,2019
4.997406992187501,18,SA-22-Z-C,2019
34.88041262500002,25,SA-22-Z-C,2019
837.8110009687417,33,SA-22-Z-C,2019
16172.751436795905,3,SA-22-X-C,2019
3.2166449609375,4,SA-22-X-C,2019
283.8804684531258,12,SA-22-X-C,2019
110.80197343749984,15,SA-22-X-C,2019
17.960367210937502,25,SA-22-X-C,2019
1825.4696699922063,33,SA-22-X-C,2019
9281.516877429203,3,SA-22-X-D,2019
10.367144890625,4,SA-22-X-D,2019
2545.89782537491,12,SA-22-X-D,2019
2240.9794878125185,15,SA-22-X-D,2019
129.66112516406312,18,SA-22-X-D,2019
421.2067902656251,25,SA-22-X-D,2019
3801.8761864841563,33,SA-22-X-D,2019
7648.019900554591,3,SA-23-V-C,2019
0.08935678125,4,SA-23-V-C,2019
71.41172632812508,12,SA-23-V-C,2019
10421.356082257222,15,SA-23-V-C,2019
23.056406039062495,18,SA-23-V-C,2019
142.1920968750003,25,SA-23-V-C,2019
127.6120028125001,33,SA-23-V-C,2019
9838.20499396807,3,SA-23-Y-A,2019
0.17859431250000002,4,SA-23-Y-A,2019
39.65020572656245,12,SA-23-Y-A,2019
7804.483392007838,15,SA-23-Y-A,2019
596.6830346328134,18,SA-23-Y-A,2019
47.42178438281246,25,SA-23-Y-A,2019
95.65184135156254,33,SA-23-Y-A,2019
11719.613110531775,3,SA-23-Y-C,2019
0.35690760156249995,4,SA-23-Y-C,2019
13.47604538281251,12,SA-23-Y-C,2019
5495.234201015712,15,SA-23-Y-C,2019
1076.5286301562508,18,SA-23-Y-C,2019
72.11648701562507,25,SA-23-Y-C,2019
25.97270524218749,33,SA-23-Y-C,2019
12844.2703297578,3,SA-22-Z-D,2019
1.6954871875,4,SA-22-Z-D,2019
24.275043226562513,12,SA-22-Z-D,2019
5373.124040781066,15,SA-22-Z-D,2019
127.53474053125021,18,SA-22-Z-D,2019
5.619721906249999,25,SA-22-Z-D,2019
58.72317977343751,33,SA-22-Z-D,2019
11367.724352353878,3,SA-22-Z-B,2019
4.108652664062499,4,SA-22-Z-B,2019
550.4270708593715,12,SA-22-Z-B,2019
4885.97878160119,15,SA-22-Z-B,2019
1017.8555866875183,18,SA-22-Z-B,2019
38.84802732031252,25,SA-22-Z-B,2019
502.93457491405724,33,SA-22-Z-B,2019
8990.138488625073,3,SB-22-X-A,2019
1.1584592421875,4,SB-22-X-A,2019
12.122173398437498,12,SB-22-X-A,2019
7903.84317542958,15,SB-22-X-A,2019
0.802057109375,18,SB-22-X-A,2019
8.202586921875007,25,SB-22-X-A,2019
1468.1304816406218,33,SB-22-X-A,2019
7839.518120656136,3,SB-22-X-B,2019
0.6237733046875,4,SB-22-X-B,2019
21.474834390624988,12,SB-22-X-B,2019
9309.761171445232,15,SB-22-X-B,2019
302.4700017265645,18,SB-22-X-B,2019
27.177906125000025,25,SB-22-X-B,2019
905.8364703125012,33,SB-22-X-B,2019
9160.241915203487,3,SB-22-X-C,2019
8.094819187499997,4,SB-22-X-C,2019
10.676184226562498,12,SB-22-X-C,2019
9089.93161843832,15,SB-22-X-C,2019
1.6018748046875002,18,SB-22-X-C,2019
54.260667148437534,25,SB-22-X-C,2019
32.73814945312499,33,SB-22-X-C,2019
4389.899185844322,3,SB-22-X-D,2019
450.558172187496,4,SB-22-X-D,2019
123.4703264062501,12,SB-22-X-D,2019
12680.883596567435,15,SB-22-X-D,2019
11.216356164062498,18,SB-22-X-D,2019
103.34525761718753,25,SB-22-X-D,2019
591.6667246484436,33,SB-22-X-D,2019
6485.32959237583,3,SB-23-V-C,2019
2618.2661275235073,4,SB-23-V-C,2019
71.99722168749999,12,SB-23-V-C,2019
8727.281816868071,15,SB-23-V-C,2019
23.50929045312501,18,SB-23-V-C,2019
204.3329158046871,25,SB-23-V-C,2019
117.90666730468756,33,SB-23-V-C,2019
7447.51221669526,3,SB-23-V-A,2019
3.2961883124999996,4,SB-23-V-A,2019
5.7047707421875,12,SB-23-V-A,2019
8864.451754616846,15,SB-23-V-A,2019
1592.0084641249987,18,SB-23-V-A,2019
42.68330847656252,25,SB-23-V-A,2019
12.6566709140625,33,SB-23-V-A,2019
3153.281071257808,3,SB-23-Y-A,2019
10069.479855609996,4,SB-23-Y-A,2019
1405.430713046858,12,SB-23-Y-A,2019
3038.6691817968685,15,SB-23-Y-A,2019
93.85727972656281,18,SB-23-Y-A,2019
54.637535085937316,25,SB-23-Y-A,2019
187.94263186718763,33,SB-23-Y-A,2019
2939.2558303124906,3,SB-22-Z-D,2019
2844.2358435623073,4,SB-22-Z-D,2019
784.6031542343595,12,SB-22-Z-D,2019
11322.997829289123,15,SB-22-Z-D,2019
94.12460182031249,18,SB-22-Z-D,2019
107.03081476562491,25,SB-22-Z-D,2019
233.77336657031256,33,SB-22-Z-D,2019
2458.38045389062,3,SC-22-X-B,2019
5442.777068765936,4,SC-22-X-B,2019
1000.9770495312432,12,SC-22-X-B,2019
8132.871483756719,15,SC-22-X-B,2019
663.0982223671759,18,SC-22-X-B,2019
89.95479785937505,25,SC-22-X-B,2019
229.37406428906326,33,SC-22-X-B,2019
3310.5034785077796,3,SB-22-Z-B,2019
613.9631847968699,4,SB-22-Z-B,2019
179.65972823437434,12,SB-22-Z-B,2019
13832.840988571314,15,SB-22-Z-B,2019
56.663275015625146,18,SB-22-Z-B,2019
22.392379460937484,25,SB-22-Z-B,2019
283.7010082890629,33,SB-22-Z-B,2019
8713.679660782078,3,SB-22-Z-A,2019
265.7860281406253,4,SB-22-Z-A,2019
85.75194617187502,12,SB-22-Z-A,2019
9032.94442972626,15,SB-22-Z-A,2019
11.367544226562496,18,SB-22-Z-A,2019
204.8755492890632,25,SB-22-Z-A,2019
8.175297335937502,33,SB-22-Z-A,2019
4757.175234984221,3,SB-22-Z-C,2019
1138.8384356328054,4,SB-22-Z-C,2019
469.67987510937627,12,SB-22-Z-C,2019
11793.27182046012,15,SB-22-Z-C,2019
23.484677117187516,18,SB-22-Z-C,2019
83.4024348046875,25,SB-22-Z-C,2019
9.3074672734375,33,SB-22-Z-C,2019
3864.039911968722,3,SC-22-X-A,2019
2641.441909484364,4,SC-22-X-A,2019
526.7242866171863,12,SC-22-X-A,2019
10375.795682898257,15,SC-22-X-A,2019
349.29168908593977,18,SC-22-X-A,2019
36.91075303125004,25,SC-22-X-A,2019
115.49827903906342,33,SC-22-X-A,2019
16548.834652869322,3,SB-22-Y-D,2019
758.7460678437452,4,SB-22-Y-D,2019
562.6874879609348,12,SB-22-Y-D,2019
408.1071937265548,15,SB-22-Y-D,2019
1.5951778984374998,18,SB-22-Y-D,2019
13.388241695312502,25,SB-22-Y-D,2019
66.08062089843749,33,SB-22-Y-D,2019
13089.713185430277,3,SC-22-V-B,2019
744.832862296879,4,SC-22-V-B,2019
1078.6586304531136,12,SC-22-V-B,2019
3155.0299865548022,15,SC-22-V-B,2019
65.30622260156237,18,SC-22-V-B,2019
8.5886092421875,25,SC-22-V-B,2019
124.1902857890628,33,SC-22-V-B,2019
18001.92997139273,3,SC-22-V-A,2019
85.0526978437499,4,SC-22-V-A,2019
16.101658585937496,12,SC-22-V-A,2019
11.7597820703125,15,SC-22-V-A,2019
0.8846469843749999,18,SC-22-V-A,2019
159.87780356250022,33,SC-22-V-A,2019
17869.91048869621,3,SB-22-Y-C,2019
15.422943203125001,4,SB-22-Y-C,2019
64.36692636718755,12,SB-22-Y-C,2019
210.9900759375007,15,SB-22-Y-C,2019
0.35423882812499996,18,SB-22-Y-C,2019
207.69883914062504,33,SB-22-Y-C,2019
6679.370518117628,3,SB-22-Y-B,2019
182.75007217968738,4,SB-22-Y-B,2019
44.93562157031255,12,SB-22-Y-B,2019
11037.007702631936,15,SB-22-Y-B,2019
0.7993972500000001,18,SB-22-Y-B,2019
131.97398678906222,25,SB-22-Y-B,2019
280.83413427343817,33,SB-22-Y-B,2019
14580.57147631397,3,SB-22-Y-A,2019
36.69718526562504,4,SB-22-Y-A,2019
129.41400964843766,12,SB-22-Y-A,2019
3549.4036269453245,15,SB-22-Y-A,2019
61.85146060156251,33,SB-22-Y-A,2019
15387.381269487647,3,SB-22-V-D,2019
154.90721347656321,4,SB-22-V-D,2019
3.9153433906250004,12,SB-22-V-D,2019
2825.9430893048534,15,SB-22-V-D,2019
0.0889224453125,18,SB-22-V-D,2019
11.562634874999999,25,SB-22-V-D,2019
6.9421036796874995,33,SB-22-V-D,2019
17310.343605364385,3,SB-22-V-C,2019
4.1811367109375,4,SB-22-V-C,2019
117.67326113281243,12,SB-22-V-C,2019
698.4877559062589,15,SB-22-V-C,2019
0.17790830468750002,25,SB-22-V-C,2019
259.87690924218793,33,SB-22-V-C,2019
11991.457493578702,3,SC-21-X-D,2019
386.2928585468729,4,SC-21-X-D,2019
824.7438378203054,12,SC-21-X-D,2019
4574.811584656532,15,SC-21-X-D,2019
362.86409531249524,18,SC-21-X-D,2019
25.369252250000038,25,SC-21-X-D,2019
25.30190308593749,33,SC-21-X-D,2019
17171.730758758673,3,SC-22-V-C,2019
297.8991400078116,4,SC-22-V-C,2019
140.98557518749982,12,SC-22-V-C,2019
421.7230402187473,15,SC-22-V-C,2019
89.60048292968777,18,SC-22-V-C,2019
79.60067864062498,33,SC-22-V-C,2019
13654.80274643759,3,SC-22-Y-A,2019
160.95418032812503,4,SC-22-Y-A,2019
42.74285496875001,12,SC-22-Y-A,2019
3635.317008492226,15,SC-22-Y-A,2019
498.11353034375156,18,SC-22-Y-A,2019
1.3178145546875002,25,SC-22-Y-A,2019
160.565322203125,33,SC-22-Y-A,2019
7246.2355957354,3,SC-21-Z-B,2019
9.060449859374998,4,SC-21-Z-B,2019
43.78750322656251,12,SC-21-Z-B,2019
9234.912660603806,15,SC-21-Z-B,2019
1383.6384890078473,18,SC-21-Z-B,2019
174.24664134374987,25,SC-21-Z-B,2019
43.896755656249944,33,SC-21-Z-B,2019
15353.347810678975,3,SC-22-Y-C,2019
203.84922542187456,4,SC-22-Y-C,2019
106.02135830468772,12,SC-22-Y-C,2019
583.5928769531239,15,SC-22-Y-C,2019
1320.7427573359525,18,SC-22-Y-C,2019
366.8940375156244,33,SC-22-Y-C,2019
11352.58230982772,3,SC-21-Z-D,2019
0.5267761718749999,4,SC-21-Z-D,2019
82.34694222656219,12,SC-21-Z-D,2019
2578.9875563828464,15,SC-21-Z-D,2019
3888.914161234418,18,SC-21-Z-D,2019
40.99720898437499,25,SC-21-Z-D,2019
135.35882126562512,33,SC-21-Z-D,2019
11078.727621662649,3,SD-21-X-B,2019
46.53776475000006,4,SD-21-X-B,2019
29.284722546874967,12,SD-21-X-B,2019
1918.26762495307,15,SD-21-X-B,2019
4884.102310929705,18,SD-21-X-B,2019
9.87293681250001,25,SD-21-X-B,2019
46.99245089062494,33,SD-21-X-B,2019
6412.448699882927,3,SD-21-X-D,2019
3513.9559293202665,4,SD-21-X-D,2019
87.94727148437492,12,SD-21-X-D,2019
1939.8777224219048,15,SD-21-X-D,2019
5638.138633125046,18,SD-21-X-D,2019
22.098687679687508,25,SD-21-X-D,2019
20.43941903125002,33,SD-21-X-D,2019
14609.270330874442,3,SD-22-V-A,2019
1015.5655903750064,4,SD-22-V-A,2019
176.86228690625086,12,SD-22-V-A,2019
385.90577112500057,15,SD-22-V-A,2019
1138.1756749218785,18,SD-22-V-A,2019
368.7914171796853,33,SD-22-V-A,2019
4509.346759538885,3,SD-22-V-C,2019
4528.845076398434,4,SD-22-V-C,2019
340.2598424296863,12,SD-22-V-C,2019
4249.833891382762,15,SD-22-V-C,2019
3830.9671059528673,18,SD-22-V-C,2019
4.175767874999999,25,SD-22-V-C,2019
69.00564296874998,33,SD-22-V-C,2019
5854.651339658085,3,SC-22-Y-B,2019
1027.1347891250225,4,SC-22-Y-B,2019
197.7462578671886,12,SC-22-Y-B,2019
8076.974063486466,15,SC-22-Y-B,2019
1779.296166835987,18,SC-22-Y-B,2019
24.093509531249993,25,SC-22-Y-B,2019
29.288248249999985,33,SC-22-Y-B,2019
5728.446156452806,3,SC-22-Y-D,2019
2300.9071776718242,4,SC-22-Y-D,2019
290.2840133515614,12,SC-22-Y-D,2019
4811.224976648424,15,SC-22-Y-D,2019
2545.832005734427,18,SC-22-Y-D,2019
6.485664703124999,25,SC-22-Y-D,2019
36.971509101562404,33,SC-22-Y-D,2019
5190.530960828048,3,SD-22-V-B,2019
2329.934753117056,4,SD-22-V-B,2019
431.49817689843707,12,SD-22-V-B,2019
3676.5167874919907,15,SD-22-V-B,2019
4136.235844281187,18,SD-22-V-B,2019
15.362895656249993,25,SD-22-V-B,2019
128.30054988281262,33,SD-22-V-B,2019
1766.1089531953655,3,SD-22-V-D,2019
5770.040803601465,4,SD-22-V-D,2019
480.7961401328127,12,SD-22-V-D,2019
3247.1586413827445,15,SD-22-V-D,2019
2364.083916476405,18,SD-22-V-D,2019
26.68752937500001,25,SD-22-V-D,2019
78.40094280468738,33,SD-22-V-D,2019
4553.576001249934,3,SC-22-Z-A,2019
3395.0826917891236,4,SC-22-Z-A,2019
518.2473605703155,12,SC-22-Z-A,2019
2315.713241312544,15,SC-22-Z-A,2019
989.6396955937365,18,SC-22-Z-A,2019
21.627613437499996,25,SC-22-Z-A,2019
338.31845147656367,33,SC-22-Z-A,2019
6158.1435240629735,3,SC-22-X-C,2019
2252.110147257832,4,SC-22-X-C,2019
356.0005567109376,12,SC-22-X-C,2019
6879.642562040053,15,SC-22-X-C,2019
1361.285724093746,18,SC-22-X-C,2019
21.879025359375,25,SC-22-X-C,2019
281.0245504765621,33,SC-22-X-C,2019
10088.736386547409,3,SC-22-V-D,2019
505.16638459374985,4,SC-22-V-D,2019
210.53597934375182,12,SC-22-V-D,2019
7076.068466218752,15,SC-22-V-D,2019
194.32417344531166,18,SC-22-V-D,2019
144.40732321874978,33,SC-22-V-D,2019
1943.8398295781917,3,SC-22-X-D,2019
8714.059471289638,4,SC-22-X-D,2019
968.1430730703081,12,SC-22-X-D,2019
5103.896724375585,15,SC-22-X-D,2019
825.158666828104,18,SC-22-X-D,2019
66.14441099218752,25,SC-22-X-D,2019
158.86381164062522,33,SC-22-X-D,2019
2972.850573898388,3,SE-21-V-B,2019
3138.3521791093963,4,SE-21-V-B,2019
4214.0364315860415,12,SE-21-V-B,2019
3695.5115745078424,15,SE-21-V-B,2019
62.835467484375044,18,SE-21-V-B,2019
38.779433234374906,25,SE-21-V-B,2019
455.2686912109377,33,SE-21-V-B,2019
485.2457801484371,3,SE-21-V-A,2019
820.8720621953433,4,SE-21-V-A,2019
307.058038375004,12,SE-21-V-A,2019
3425.2873676093614,15,SE-21-V-A,2019
27.508175617187522,18,SE-21-V-A,2019
27.93350512500004,33,SE-21-V-A,2019
2073.423165890662,3,SD-21-Y-C,2019
3407.767694406423,4,SD-21-Y-C,2019
350.4885414843735,12,SD-21-Y-C,2019
11306.663742818446,15,SD-21-Y-C,2019
259.03593658593763,18,SD-21-Y-C,2019
33.41072896093755,25,SD-21-Y-C,2019
60.14614917187502,33,SD-21-Y-C,2019
4440.22491421892,3,SD-21-Y-D,2019
1880.6047711562987,4,SD-21-Y-D,2019
432.7428646640632,12,SD-21-Y-D,2019
10201.499612445834,15,SD-21-Y-D,2019
356.6634539375003,18,SD-21-Y-D,2019
46.317644140624985,25,SD-21-Y-D,2019
131.15183512500033,33,SD-21-Y-D,2019
28.8945891171875,3,SE-20-X-B,2019
93.46193514843664,4,SE-20-X-B,2019
5.244827328125,12,SE-20-X-B,2019
457.91135819531314,15,SE-20-X-B,2019
0.17197005468749998,18,SE-20-X-B,2019
2.3207446953125,33,SE-20-X-B,2019
499.57817957812205,3,SD-20-Z-D,2019
1026.5794038203119,4,SD-20-Z-D,2019
45.040146890625024,12,SD-20-Z-D,2019
1688.9981995156654,15,SD-20-Z-D,2019
7.588146999999999,18,SD-20-Z-D,2019
85.69332533593756,33,SD-20-Z-D,2019
1488.6673180390353,3,SD-20-Z-B,2019
273.4306765156233,4,SD-20-Z-B,2019
468.9427559843766,12,SD-20-Z-B,2019
1669.5597578437398,15,SD-20-Z-B,2019
309.2664035703127,18,SD-20-Z-B,2019
54.425380015624995,33,SD-20-Z-B,2019
3842.9670189142785,3,SD-21-Y-A,2019
4523.592947953132,4,SD-21-Y-A,2019
5651.350145500619,12,SD-21-Y-A,2019
2988.2344697345443,15,SD-21-Y-A,2019
727.9401020625081,18,SD-21-Y-A,2019
53.431048640625036,25,SD-21-Y-A,2019
36.34209680468744,33,SD-21-Y-A,2019
3000.8690710157753,3,SD-21-Y-B,2019
2607.7692477577807,4,SD-21-Y-B,2019
3129.7442713671935,12,SD-21-Y-B,2019
4773.02421119491,15,SD-21-Y-B,2019
3912.1713462578887,18,SD-21-Y-B,2019
66.51255079687512,25,SD-21-Y-B,2019
50.89438430468747,33,SD-21-Y-B,2019
5783.962454398138,3,SD-21-V-D,2019
2604.295035773427,4,SD-21-V-D,2019
2149.031703281289,12,SD-21-V-D,2019
1170.572775843712,15,SD-21-V-D,2019
6113.178388577828,18,SD-21-V-D,2019
35.39279667187504,25,SD-21-V-D,2019
8.704837875000003,33,SD-21-V-D,2019
7320.9202447575335,3,SD-21-X-C,2019
964.4915575312453,4,SD-21-X-C,2019
111.49106757031237,12,SD-21-X-C,2019
1561.700292828178,15,SD-21-X-C,2019
7716.181249241543,18,SD-21-X-C,2019
87.70074256249967,25,SD-21-X-C,2019
32.63568993749999,33,SD-21-X-C,2019
3856.722243687615,3,SD-21-Z-A,2019
6539.460019632428,4,SD-21-Z-A,2019
106.17768004687403,12,SD-21-Z-A,2019
3844.819150617359,15,SD-21-Z-A,2019
2755.805896523337,18,SD-21-Z-A,2019
82.38789884374995,25,SD-21-Z-A,2019
274.24696668749704,33,SD-21-Z-A,2019
2898.248698851614,3,SD-21-Z-C,2019
8732.091158672552,4,SD-21-Z-C,2019
238.381651343749,12,SD-21-Z-C,2019
4783.986506437612,15,SD-21-Z-C,2019
143.63013132031216,18,SD-21-Z-C,2019
361.9559488593733,25,SD-21-Z-C,2019
169.67276668750026,33,SD-21-Z-C,2019
6247.764906851084,3,SD-21-X-A,2019
390.74085244531307,4,SD-21-X-A,2019
44.24819344531247,12,SD-21-X-A,2019
1398.8023326719062,15,SD-21-X-A,2019
9754.238084280661,18,SD-21-X-A,2019
78.66358367968743,25,SD-21-X-A,2019
86.70346446093751,33,SD-21-X-A,2019
11357.130316983521,3,SD-21-V-B,2019
1222.2430876484384,4,SD-21-V-B,2019
164.09818207031267,12,SD-21-V-B,2019
2702.453783374842,15,SD-21-V-B,2019
2501.042289070223,18,SD-21-V-B,2019
17.817941179687487,25,SD-21-V-B,2019
34.773769906249996,33,SD-21-V-B,2019
9962.235571491281,3,SC-21-Y-D,2019
19.543019445312503,12,SC-21-Y-D,2019
6656.169012944923,15,SC-21-Y-D,2019
1291.2464954453364,18,SC-21-Y-D,2019
16.48840042968752,25,SC-21-Y-D,2019
133.94368557812507,33,SC-21-Y-D,2019
9208.46490185034,3,SC-21-Z-C,2019
53.31184832031253,4,SC-21-Z-C,2019
139.9475959218745,12,SC-21-Z-C,2019
2805.9073188905677,15,SC-21-Z-C,2019
5655.022339445116,18,SC-21-Z-C,2019
59.53067710156255,25,SC-21-Z-C,2019
181.55189508593799,33,SC-21-Z-C,2019
8986.601467040255,3,SC-21-Z-A,2019
30.572403789062502,4,SC-21-Z-A,2019
508.5266799531256,12,SC-21-Z-A,2019
7917.327345885747,15,SC-21-Z-A,2019
544.0696551250031,18,SC-21-Z-A,2019
5.541939960937501,25,SC-21-Z-A,2019
176.73503904687541,33,SC-21-Z-A,2019
11190.912220281043,3,SC-21-X-C,2019
9.886014749999989,4,SC-21-X-C,2019
102.87926950000005,12,SC-21-X-C,2019
6386.482083594469,15,SC-21-X-C,2019
239.53094422656193,18,SC-21-X-C,2019
31.45715127343744,25,SC-21-X-C,2019
264.7971462265604,33,SC-21-X-C,2019
11455.960484438112,3,SC-21-Y-B,2019
15.381068578124996,4,SC-21-Y-B,2019
337.76325136719197,12,SC-21-Y-B,2019
6135.158145298616,15,SC-21-Y-B,2019
8.3529203984375,18,SC-21-Y-B,2019
2.287644421875,25,SC-21-Y-B,2019
184.21888979687517,33,SC-21-Y-B,2019
13874.326474898897,3,SC-21-Y-C,2019
80.07670440625022,4,SC-21-Y-C,2019
43.3459522499999,12,SC-21-Y-C,2019
4059.4355436952223,15,SC-21-Y-C,2019
25.413083570312487,18,SC-21-Y-C,2019
20.342197976562524,25,SC-21-Y-C,2019
9.291290117187504,33,SC-21-Y-C,2019
12976.576615759375,3,SC-21-Y-A,2019
6.8601965390625,4,SC-21-Y-A,2019
175.4249128593749,12,SC-21-Y-A,2019
4947.907790259061,15,SC-21-Y-A,2019
33.1258715546875,18,SC-21-Y-A,2019
9.769872226562486,25,SC-21-Y-A,2019
22.52191592968747,33,SC-21-Y-A,2019
16106.545930430466,3,SC-20-Z-B,2019
3.515351328125,4,SC-20-Z-B,2019
29.110315109374994,12,SC-20-Z-B,2019
1956.9515676015474,15,SC-20-Z-B,2019
2.3747832578125005,18,SC-20-Z-B,2019
40.44929457812497,33,SC-20-Z-B,2019
10829.9266976076,3,SC-20-Z-D,2019
136.71304986718772,4,SC-20-Z-D,2019
532.4188747734363,12,SC-20-Z-D,2019
6442.810411296467,15,SC-20-Z-D,2019
18.7498223203125,18,SC-20-Z-D,2019
50.74541726562496,25,SC-20-Z-D,2019
54.42377403125003,33,SC-20-Z-D,2019
9584.154976710244,3,SD-20-X-B,2019
646.0743240859354,4,SD-20-X-B,2019
522.5267505624981,12,SD-20-X-B,2019
6034.373235273313,15,SD-20-X-B,2019
1051.7102652109422,18,SD-20-X-B,2019
82.73682712500012,25,SD-20-X-B,2019
79.7348659609378,33,SD-20-X-B,2019
5649.261393562297,3,SD-20-X-D,2019
1251.620783343723,4,SD-20-X-D,2019
297.1825933593753,12,SD-20-X-D,2019
4243.929995890378,15,SD-20-X-D,2019
1438.7939162734735,18,SD-20-X-D,2019
20.119561226562467,25,SD-20-X-D,2019
77.47347380468749,33,SD-20-X-D,2019
9649.712816241421,3,SD-21-V-A,2019
7352.255171085531,4,SD-21-V-A,2019
151.2832091406249,12,SD-21-V-A,2019
328.944657414062,15,SD-21-V-A,2019
493.3585816249964,18,SD-21-V-A,2019
37.275640210937475,25,SD-21-V-A,2019
21.233876062500016,33,SD-21-V-A,2019
6015.867316351635,3,SD-21-V-C,2019
4476.934951132797,4,SD-21-V-C,2019
958.1202845156095,12,SD-21-V-C,2019
1170.8039814531337,15,SD-21-V-C,2019
5113.2688463745635,18,SD-21-V-C,2019
55.922680624999934,25,SD-21-V-C,2019
18.630578109374987,33,SD-21-V-C,2019
1270.2376934687077,3,SD-20-X-C,2019
1774.5895973438166,4,SD-20-X-C,2019
577.8671067187513,12,SD-20-X-C,2019
126.46208617968571,15,SD-20-X-C,2019
7.486995273437498,18,SD-20-X-C,2019
144.84119500000145,33,SD-20-X-C,2019
4853.166819585863,3,SD-20-V-B,2019
2.2712989140625,4,SD-20-V-B,2019
966.656999734372,12,SD-20-V-B,2019
3465.863020140564,15,SD-20-V-B,2019
3.4115486171875014,18,SD-20-V-B,2019
14.426243289062493,25,SD-20-V-B,2019
161.5709036406252,33,SD-20-V-B,2019
10952.557948484384,3,SD-20-X-A,2019
168.10373835937492,4,SD-20-X-A,2019
1895.2094038828025,12,SD-20-X-A,2019
4483.020553999927,15,SD-20-X-A,2019
120.44577529687537,18,SD-20-X-A,2019
3.8477426171875,25,SD-20-X-A,2019
61.68510710156246,33,SD-20-X-A,2019
4894.536964335734,3,SC-20-Z-C,2019
1.6661341406249999,4,SC-20-Z-C,2019
450.2539828359344,12,SC-20-Z-C,2019
12511.340152827433,15,SC-20-Z-C,2019
141.6372643124998,18,SC-20-Z-C,2019
61.16191834374996,25,SC-20-Z-C,2019
50.14407546874996,33,SC-20-Z-C,2019
5393.200537064922,3,SC-20-Z-A,2019
0.7038348359375,4,SC-20-Z-A,2019
57.22948527343772,12,SC-20-Z-A,2019
12565.279607892482,15,SC-20-Z-A,2019
2.8156691250000008,18,SC-20-Z-A,2019
75.30726303906245,25,SC-20-Z-A,2019
77.65077789843754,33,SC-20-Z-A,2019
10083.836247907022,3,SC-20-Y-B,2019
5.008218499999999,4,SC-20-Y-B,2019
137.90491674218725,12,SC-20-Y-B,2019
7858.573805453999,15,SC-20-Y-B,2019
8.626396515625002,18,SC-20-Y-B,2019
26.13781502343745,25,SC-20-Y-B,2019
51.13251085156231,33,SC-20-Y-B,2019
14859.163121756832,3,SC-20-Y-D,2019
34.45317279687508,4,SC-20-Y-D,2019
1080.6853831562748,12,SC-20-Y-D,2019
2081.0677089999663,15,SC-20-Y-D,2019
32.495044859374964,18,SC-20-Y-D,2019
2.977275625,25,SC-20-Y-D,2019
20.074309749999998,33,SC-20-Y-D,2019
495.1629237734311,3,SD-20-V-A,2019
0.26239867968749997,4,SD-20-V-A,2019
124.35595863281307,12,SD-20-V-A,2019
30.523474039062464,15,SD-20-V-A,2019
61.74061538281237,33,SD-20-V-A,2019
8177.368930694809,3,SC-20-Y-C,2019
8.068880531249999,4,SC-20-Y-C,2019
326.36617864843515,12,SC-20-Y-C,2019
132.7986150781249,15,SC-20-Y-C,2019
171.34007011718745,33,SC-20-Y-C,2019
6352.79582357119,3,SC-20-Y-A,2019
6.8549653046875,4,SC-20-Y-A,2019
103.25447313281214,12,SC-20-Y-A,2019
3586.6758979529104,15,SC-20-Y-A,2019
20.830744156250006,25,SC-20-Y-A,2019
100.33360588281252,33,SC-20-Y-A,2019
10399.118429247528,3,SB-23-V-D,2020
2577.154815500153,4,SB-23-V-D,2020
357.86050137501144,12,SB-23-V-D,2020
4425.316196961604,15,SB-23-V-D,2020
118.39573579687477,18,SB-23-V-D,2020
132.65799196875008,25,SB-23-V-D,2020
2.7596703671875,33,SB-23-V-D,2020
9740.592969296802,3,SB-23-X-A,2020
1936.9041436953707,4,SB-23-X-A,2020
214.42043919531264,12,SB-23-X-A,2020
5610.542089195386,15,SB-23-X-A,2020
1.8710988828125,18,SB-23-X-A,2020
127.82113207812517,25,SB-23-X-A,2020
57.507880390625,33,SB-23-X-A,2020
7485.877206820372,3,SB-23-V-B,2020
4.276310578124999,4,SB-23-V-B,2020
6.59895325,12,SB-23-V-B,2020
10207.788915765606,15,SB-23-V-B,2020
407.3810438906263,18,SB-23-V-B,2020
42.246527874999984,25,SB-23-V-B,2020
24.784281609375,33,SB-23-V-B,2020
7220.0163675164085,3,SA-23-Y-D,2020
8.655107562499998,4,SA-23-Y-D,2020
255.45071761718842,12,SA-23-Y-D,2020
10278.431718962838,15,SA-23-Y-D,2020
4.193685273437501,18,SA-23-Y-D,2020
67.36725833593763,25,SA-23-Y-D,2020
534.7315165390662,33,SA-23-Y-D,2020
9597.963407017098,3,SA-23-Z-C,2020
1992.4479590155818,4,SA-23-Z-C,2020
569.9800004843721,12,SA-23-Z-C,2020
3672.928877406141,15,SA-23-Z-C,2020
57.47704070312504,18,SA-23-Z-C,2020
69.87480266406257,25,SA-23-Z-C,2020
839.6672562812603,33,SA-23-Z-C,2020
3966.3957881170936,3,SA-23-Z-B,2020
1894.2967125311707,4,SA-23-Z-B,2020
617.8295032734395,12,SA-23-Z-B,2020
28.930590046874997,15,SA-23-Z-B,2020
1209.3432651718824,25,SA-23-Z-B,2020
414.563976195305,33,SA-23-Z-B,2020
2065.985381023413,3,SA-23-X-C,2020
35.83590145312494,4,SA-23-X-C,2020
0.26811839062500004,12,SA-23-X-C,2020
33.595603507812505,15,SA-23-X-C,2020
2.8592143749999996,18,SA-23-X-C,2020
27.25638040624999,25,SA-23-X-C,2020
264.1525529374991,33,SA-23-X-C,2020
7232.011266038705,3,SA-23-Z-A,2020
677.5813312968796,4,SA-23-Z-A,2020
772.969495796872,12,SA-23-Z-A,2020
1281.782550820309,15,SA-23-Z-A,2020
11.3418884296875,18,SA-23-Z-A,2020
415.55940110937365,25,SA-23-Z-A,2020
2849.7293370938432,33,SA-23-Z-A,2020
8764.296685469333,3,SA-23-Y-B,2020
13.131422593750004,4,SA-23-Y-B,2020
310.8362809999985,12,SA-23-Y-B,2020
8947.065624335639,15,SA-23-Y-B,2020
14.294185601562484,18,SA-23-Y-B,2020
44.92761857031253,25,SA-23-Y-B,2020
331.11168164062536,33,SA-23-Y-B,2020
9338.573338116737,3,SA-23-V-D,2020
72.20421901562491,4,SA-23-V-D,2020
102.86924349218744,12,SA-23-V-D,2020
3985.5931021170054,15,SA-23-V-D,2020
42.62185240625001,18,SA-23-V-D,2020
46.91938413281241,25,SA-23-V-D,2020
717.107467867182,33,SA-23-V-D,2020
141.8550244062497,3,SA-23-V-B,2020
2.5922061093750006,12,SA-23-V-B,2020
13.676106890624975,15,SA-23-V-B,2020
2.860379367187499,25,SA-23-V-B,2020
30.659333117187565,33,SA-23-V-B,2020
960.6685994374922,3,NB-22-Y-D,2020
9.451544484375,4,NB-22-Y-D,2020
551.8606677890605,12,NB-22-Y-D,2020
157.38970665625035,15,NB-22-Y-D,2020
284.84761268749946,33,NB-22-Y-D,2020
9668.99433834558,3,NA-22-V-B,2020
9.366732960937501,4,NA-22-V-B,2020
2064.293416328086,12,NA-22-V-B,2020
291.07051642968656,15,NA-22-V-B,2020
0.2677565078125,18,NA-22-V-B,2020
290.51125427343663,33,NA-22-V-B,2020
0.17855575,3,NA-22-X-A,2020
0.53566703125,33,NA-22-X-A,2020
1191.9147977499645,3,NA-22-X-C,2020
6.521116476562498,4,NA-22-X-C,2020
1342.2708641484433,12,NA-22-X-C,2020
24.38492946093749,15,NA-22-X-C,2020
2.0544995625,18,NA-22-X-C,2020
3.930588382812498,25,NA-22-X-C,2020
361.0957157578096,33,NA-22-X-C,2020
3971.9930272421207,3,NA-22-Z-A,2020
26.54177059375001,4,NA-22-Z-A,2020
7374.1298385857035,12,NA-22-Z-A,2020
31.725762414062515,15,NA-22-Z-A,2020
54.42756730468767,18,NA-22-Z-A,2020
2.144815515625001,25,NA-22-Z-A,2020
989.3405463437512,33,NA-22-Z-A,2020
3479.7104647109763,3,SA-23-V-A,2020
0.089390671875,4,SA-23-V-A,2020
200.14018579687476,12,SA-23-V-A,2020
1247.0427159609594,15,SA-23-V-A,2020
4.558721453125,18,SA-23-V-A,2020
64.7185644999999,25,SA-23-V-A,2020
567.8039432031276,33,SA-23-V-A,2020
19.935637882812493,3,NA-22-Z-D,2020
0.715179875,4,NA-22-Z-D,2020
79.92135327343766,12,NA-22-Z-D,2020
138.3868999453123,33,NA-22-Z-D,2020
1521.3201039844066,3,SA-22-X-B,2020
70.97676191406232,4,SA-22-X-B,2020
8739.018312031514,12,SA-22-X-B,2020
341.2805928203126,15,SA-22-X-B,2020
2.6816849453125005,18,SA-22-X-B,2020
27.53180835156251,25,SA-22-X-B,2020
2650.0935526563244,33,SA-22-X-B,2020
5162.468514468905,3,NA-22-Z-C,2020
82.5998440234375,4,NA-22-Z-C,2020
4013.465842179845,12,NA-22-Z-C,2020
456.97835985156314,15,NA-22-Z-C,2020
125.24142359374933,18,NA-22-Z-C,2020
1.3408661718750003,25,NA-22-Z-C,2020
4145.787624085968,33,NA-22-Z-C,2020
12928.585998537797,3,SA-22-X-A,2020
93.23965328125004,4,SA-22-X-A,2020
2077.2029978593596,12,SA-22-X-A,2020
63.914489882812546,15,SA-22-X-A,2020
1.3409537187500002,18,SA-22-X-A,2020
2.3242254296875,25,SA-22-X-A,2020
3238.444424155952,33,SA-22-X-A,2020
14513.213249540726,3,NA-22-Y-D,2020
18.951283179687536,4,NA-22-Y-D,2020
2374.3066794765564,12,NA-22-Y-D,2020
465.2072501953165,15,NA-22-Y-D,2020
28.338152218750043,18,NA-22-Y-D,2020
114.24673257812577,25,NA-22-Y-D,2020
208.10311870312523,33,NA-22-Y-D,2020
14690.122632231056,3,SA-22-V-B,2020
22.527658531250008,4,SA-22-V-B,2020
1271.6407690546378,12,SA-22-V-B,2020
261.02245556250114,15,SA-22-V-B,2020
1.1620497734375002,18,SA-22-V-B,2020
43.357239765624776,25,SA-22-V-B,2020
1953.1571525703039,33,SA-22-V-B,2020
17639.257690449092,3,SA-22-V-A,2020
0.089395234375,4,SA-22-V-A,2020
39.95794848437502,12,SA-22-V-A,2020
136.1373261328127,15,SA-22-V-A,2020
5.005766375,18,SA-22-V-A,2020
9.028199656249999,25,SA-22-V-A,2020
127.20696701562474,33,SA-22-V-A,2020
18395.309354752033,3,NA-22-Y-C,2020
2.145499671875,12,NA-22-Y-C,2020
1.0727108593749999,15,NA-22-Y-C,2020
0.715111015625,18,NA-22-Y-C,2020
73.5712498515624,33,NA-22-Y-C,2020
17784.656204000945,3,NA-22-Y-B,2020
0.446893828125,4,NA-22-Y-B,2020
619.1351175624895,12,NA-22-Y-B,2020
28.422153835937458,15,NA-22-Y-B,2020
2.94948165625,18,NA-22-Y-B,2020
3.485975570312499,25,NA-22-Y-B,2020
26.992318429687472,33,NA-22-Y-B,2020
18427.389532649715,3,NA-22-Y-A,2020
7.7756813906249995,12,NA-22-Y-A,2020
1.2510644218749998,15,NA-22-Y-A,2020
0.9830324843750001,18,NA-22-Y-A,2020
29.94009718749999,33,NA-22-Y-A,2020
17956.516515923042,3,NA-22-V-D,2020
224.954189289062,12,NA-22-V-D,2020
11.967758765625002,15,NA-22-V-D,2020
1.071811734375,18,NA-22-V-D,2020
5.538271921874999,25,NA-22-V-D,2020
27.326572968749975,33,NA-22-V-D,2020
5558.250792898278,3,NA-22-V-C,2020
0.44659905468750005,12,NA-22-V-C,2020
0.17867334375,18,NA-22-V-C,2020
12.504222773437496,33,NA-22-V-C,2020
18336.33002679234,3,NA-21-Z-B,2020
1.9660101171875,4,NA-21-Z-B,2020
71.31191378906229,12,NA-21-Z-B,2020
1.5192179062500004,15,NA-21-Z-B,2020
2.4131345859374993,18,NA-21-Z-B,2020
20.018537218750005,33,NA-21-Z-B,2020
6775.123038226524,3,NA-21-X-D,2020
22.24238437499997,12,NA-21-X-D,2020
3.3944967109374997,15,NA-21-X-D,2020
0.17868264843749998,33,NA-21-X-D,2020
18377.34279878122,3,NA-21-Z-D,2020
1.4302660078125,4,NA-21-Z-D,2020
25.655736187500008,12,NA-21-Z-D,2020
2.5029823984375,15,NA-21-Z-D,2020
0.2681916171875,18,NA-21-Z-D,2020
32.35972206250005,33,NA-21-Z-D,2020
18300.205252645635,3,SA-21-X-B,2020
1.2514926249999998,4,SA-21-X-B,2020
107.26424246875038,12,SA-21-X-B,2020
26.011787265624992,15,SA-21-X-B,2020
0.17878922656250001,18,SA-21-X-B,2020
3.2179737265624997,33,SA-21-X-B,2020
18296.798352357044,3,SA-21-X-A,2020
1.16216384375,4,SA-21-X-A,2020
21.901992828125014,12,SA-21-X-A,2020
1.3409108437500001,15,SA-21-X-A,2020
151.16352537499958,33,SA-21-X-A,2020
17825.976135331795,3,NA-21-Z-C,2020
25.745099937499987,4,NA-21-Z-C,2020
499.6057473046831,12,NA-21-Z-C,2020
4.112121734374999,15,NA-21-Z-C,2020
115.14001824218703,33,NA-21-Z-C,2020
13194.200114117622,3,NA-21-Z-A,2020
15.638128289062498,4,NA-21-Z-A,2020
3929.2557475077206,12,NA-21-Z-A,2020
6.7914779609375,15,NA-21-Z-A,2020
17.248745335937503,33,NA-21-Z-A,2020
2026.7598056328538,3,NA-21-X-C,2020
1.8760513515625,4,NA-21-X-C,2020
881.2252361875118,12,NA-21-X-C,2020
6.699845320312496,15,NA-21-X-C,2020
0.44666474999999994,33,NA-21-X-C,2020
13258.24032129826,3,NA-21-Y-B,2020
0.35747637499999996,12,NA-21-Y-B,2020
1.7874563984374998,15,NA-21-Y-B,2020
18.411981320312496,33,NA-21-Y-B,2020
19.834327499999983,3,NA-21-V-D,2020
18409.791093543336,3,NA-21-Y-D,2020
3.486406249999999,12,NA-21-Y-D,2020
1.4302893359375,15,NA-21-Y-D,2020
24.941300531250015,33,NA-21-Y-D,2020
18313.786917152775,3,SA-21-V-B,2020
0.5363471171874999,4,SA-21-V-B,2020
22.16899442187498,12,SA-21-V-B,2020
9.475354000000003,15,SA-21-V-B,2020
93.68147696093766,33,SA-21-V-B,2020
18328.448893309378,3,SA-21-V-A,2020
15.106917249999997,12,SA-21-V-A,2020
2.1453372890624998,15,SA-21-V-A,2020
10.369417804687492,25,SA-21-V-A,2020
116.74336050781248,33,SA-21-V-A,2020
17557.564781439185,3,NA-21-Y-C,2020
5.452686210937499,4,NA-21-Y-C,2020
7.687301687499999,12,NA-21-Y-C,2020
821.0343813046642,15,NA-21-Y-C,2020
6.435856523437503,25,NA-21-Y-C,2020
74.46014296093784,33,NA-21-Y-C,2020
9508.752484170665,3,NA-21-Y-A,2020
0.6254431875,4,NA-21-Y-A,2020
110.07976532031196,12,NA-21-Y-A,2020
147.7475386796871,15,NA-21-Y-A,2020
7.329205992187502,33,NA-21-Y-A,2020
17771.416370168066,3,SA-20-X-B,2020
363.2195073750013,12,SA-20-X-B,2020
43.89374900000003,15,SA-20-X-B,2020
0.8939750000000001,18,SA-20-X-B,2020
48.538764671875015,25,SA-20-X-B,2020
179.50447703906133,33,SA-20-X-B,2020
14820.899725227371,3,NA-20-Z-D,2020
2.2346447499999997,4,NA-20-Z-D,2020
1813.225379335922,12,NA-20-Z-D,2020
1274.7934038515998,15,NA-20-Z-D,2020
0.625771296875,18,NA-20-Z-D,2020
7.7767172109375,25,NA-20-Z-D,2020
473.24990598437813,33,NA-20-Z-D,2020
13339.75663786643,3,NA-20-Z-B,2020
5.183356601562502,4,NA-20-Z-B,2020
2923.8873080154904,12,NA-20-Z-B,2020
1742.3690551015427,15,NA-20-Z-B,2020
0.1787411640625,18,NA-20-Z-B,2020
9.651411078125001,25,NA-20-Z-B,2020
409.3154491406248,33,NA-20-Z-B,2020
10092.906408641436,3,NA-20-X-D,2020
3.572385921875,4,NA-20-X-D,2020
4582.887876366936,12,NA-20-X-D,2020
3124.3263264452253,15,NA-20-X-D,2020
154.03071585156425,18,NA-20-X-D,2020
119.83301782031288,25,NA-20-X-D,2020
266.22280742968763,33,NA-20-X-D,2020
505.36981528124727,3,NA-21-V-C,2020
3.39368909375,4,NA-21-V-C,2020
910.3268017031027,12,NA-21-V-C,2020
45.99556949218739,15,NA-21-V-C,2020
10.89435296875,33,NA-21-V-C,2020
29.168766343750058,3,NA-21-V-A,2020
12.938596640624999,4,NA-21-V-A,2020
2605.9031160233476,12,NA-21-V-A,2020
31.500670578125018,15,NA-21-V-A,2020
10.618404187500001,18,NA-21-V-A,2020
6.246041859374998,25,NA-21-V-A,2020
40.511350203125026,33,NA-21-V-A,2020
1612.4120604609525,3,NA-20-X-B,2020
8.563218390625,4,NA-20-X-B,2020
15892.656715407835,12,NA-20-X-B,2020
359.4129878750032,15,NA-20-X-B,2020
215.48216555468863,18,NA-20-X-B,2020
304.2368010390678,33,NA-20-X-B,2020
2595.405409773478,3,NB-20-Z-D,2020
36.10856360156251,4,NB-20-Z-D,2020
10943.380277156708,12,NB-20-Z-D,2020
70.1610025859374,15,NB-20-Z-D,2020
2.674513609375,18,NB-20-Z-D,2020
3.2086375078125005,25,NB-20-Z-D,2020
21.483311554687486,33,NB-20-Z-D,2020
219.34826724999675,3,NB-21-Y-C,2020
5.3498329687499995,4,NB-21-Y-C,2020
1542.0220433828554,12,NB-21-Y-C,2020
21.757793687499998,15,NB-21-Y-C,2020
1.6942951093749996,18,NB-21-Y-C,2020
15.6917836953125,33,NB-21-Y-C,2020
1593.033309617245,3,NB-20-Z-B,2020
0.8905676171875001,4,NB-20-Z-B,2020
89.59232557812511,12,NB-20-Z-B,2020
2.582510890625,15,NB-20-Z-B,2020
7.746999382812498,33,NB-20-Z-B,2020
24.66968249218752,3,NB-21-Y-A,2020
0.6234099375,33,NB-21-Y-A,2020
2421.0131858747636,3,NB-20-Z-C,2020
0.4458504296875,12,NB-20-Z-C,2020
1.6942640546875,15,NB-20-Z-C,2020
1.0701479453125,33,NB-20-Z-C,2020
640.6591715937725,3,NB-20-Y-D,2020
3.3889230546875,15,NB-20-Y-D,2020
0.089176828125,33,NB-20-Y-D,2020
591.4807118671845,3,NB-20-Y-C,2020
2.4079285859375,15,NB-20-Y-C,2020
0.4458816953125,33,NB-20-Y-C,2020
171.78266916406324,3,NA-20-V-A,2020
1.15949853125,15,NA-20-V-A,2020
0.624332625,33,NA-20-V-A,2020
370.4885252109346,3,NA-19-X-D,2020
4.3777476718749995,12,NA-19-X-D,2020
0.8040876484375001,33,NA-19-X-D,2020
9522.545548258076,3,NA-20-V-D,2020
0.0893140078125,4,NA-20-V-D,2020
30.360930304687486,12,NA-20-V-D,2020
17.323781132812492,15,NA-20-V-D,2020
0.0893148984375,18,NA-20-V-D,2020
1.6074224687500003,33,NA-20-V-D,2020
14027.722599453042,3,NA-20-V-B,2020
4.3729477812500015,12,NA-20-V-B,2020
16.414499867187505,15,NA-20-V-B,2020
4.01495728125,25,NA-20-V-B,2020
47.11106317187495,33,NA-20-V-B,2020
16390.62675732621,3,NA-20-X-A,2020
8.207911085937502,4,NA-20-X-A,2020
506.8563951953139,12,NA-20-X-A,2020
457.8984894843788,15,NA-20-X-A,2020
0.0892294765625,18,NA-20-X-A,2020
113.88396285937509,33,NA-20-X-A,2020
17145.04087142546,3,NA-20-X-C,2020
6.250547796875001,12,NA-20-X-C,2020
1264.9162943593863,15,NA-20-X-C,2020
0.3572922734375,18,NA-20-X-C,2020
39.826719578124965,33,NA-20-X-C,2020
15645.43321460743,3,NA-20-Y-B,2020
0.17875896875000002,4,NA-20-Y-B,2020
67.65917397656247,12,NA-20-Y-B,2020
18.589206578124998,15,NA-20-Y-B,2020
38.25384695312496,33,NA-20-Y-B,2020
16874.916428524743,3,NA-20-Z-A,2020
1.1618369609375,4,NA-20-Z-A,2020
1350.4927159686956,12,NA-20-Z-A,2020
51.82942722656242,15,NA-20-Z-A,2020
0.7149141484375001,18,NA-20-Z-A,2020
186.70479607031322,33,NA-20-Z-A,2020
12761.490725069532,3,NA-20-Z-C,2020
0.8045478906250001,4,NA-20-Z-C,2020
4244.7927820707555,12,NA-20-Z-C,2020
4.558792734375001,15,NA-20-Z-C,2020
0.17877277343749998,18,NA-20-Z-C,2020
1.6091273593750002,25,NA-20-Z-C,2020
1383.4827321875016,33,NA-20-Z-C,2020
16151.487196831726,3,SA-20-X-A,2020
0.178784,4,SA-20-X-A,2020
991.8208820155897,12,SA-20-X-A,2020
46.12487200781247,15,SA-20-X-A,2020
2.0558550390625006,25,SA-20-X-A,2020
1128.6455367890521,33,SA-20-X-A,2020
15448.351336226071,3,SA-20-V-B,2020
0.268187953125,4,SA-20-V-B,2020
1471.952827445249,12,SA-20-V-B,2020
7.2407781484375,15,SA-20-V-B,2020
1481.7090869765582,33,SA-20-V-B,2020
15559.000901413054,3,NA-20-Y-D,2020
0.9833366171875,4,NA-20-Y-D,2020
2729.8379339530393,12,NA-20-Y-D,2020
11.799532507812504,15,NA-20-Y-D,2020
156.97813717968756,33,NA-20-Y-D,2020
17226.93272859023,3,SA-20-V-A,2020
0.7151216484375,4,SA-20-V-A,2020
314.47985751562675,12,SA-20-V-A,2020
20.82905829687502,15,SA-20-V-A,2020
2.2348807109375,25,SA-20-V-A,2020
805.8030677968668,33,SA-20-V-A,2020
17307.826140603687,3,NA-20-Y-C,2020
50.41788620312499,12,NA-20-Y-C,2020
5.989358343749997,15,NA-20-Y-C,2020
22.169530562500007,33,NA-20-Y-C,2020
2021.6895126642687,3,NA-20-Y-A,2020
4.468932468749998,12,NA-20-Y-A,2020
2.32387765625,15,NA-20-Y-A,2020
3.396356507812499,33,NA-20-Y-A,2020
5380.7345526884,3,NA-19-Z-B,2020
9.025740101562501,12,NA-19-Z-B,2020
3.038436984375,15,NA-19-Z-B,2020
58.988043703125,33,NA-19-Z-B,2020
16722.682013404614,3,NA-19-Z-D,2020
0.178791078125,4,NA-19-Z-D,2020
134.89344010937484,12,NA-19-Z-D,2020
10.816691742187498,15,NA-19-Z-D,2020
298.0335451484368,33,NA-19-Z-D,2020
17910.69667504498,3,SA-19-X-B,2020
0.089390875,4,SA-19-X-B,2020
73.74874696093742,12,SA-19-X-B,2020
23.332609234375035,15,SA-19-X-B,2020
6.257811312500001,25,SA-19-X-B,2020
458.4205209687493,33,SA-19-X-B,2020
18322.007925629154,3,SA-19-X-A,2020
0.2681888984375,4,SA-19-X-A,2020
26.282087523437507,12,SA-19-X-A,2020
0.3575898359375,15,SA-19-X-A,2020
90.7332977812508,33,SA-19-X-A,2020
17947.532615299864,3,NA-19-Z-C,2020
4.559059890624999,4,NA-19-Z-C,2020
188.70774656249853,12,NA-19-Z-C,2020
4.648586593750001,15,NA-19-Z-C,2020
294.2010813125018,33,NA-19-Z-C,2020
15282.396107181303,3,NA-19-Z-A,2020
30.205643179687495,12,NA-19-Z-A,2020
6.881692070312503,15,NA-19-Z-A,2020
97.14505775000016,33,NA-19-Z-A,2020
9219.388067608155,3,SA-19-V-B,2020
6.4364503671875,12,SA-19-V-B,2020
2.1454270859375004,15,SA-19-V-B,2020
15.911277421875004,33,SA-19-V-B,2020
8777.438594874748,3,NA-19-Y-D,2020
4.648404718749999,12,NA-19-Y-D,2020
31.556575390624978,15,NA-19-Y-D,2020
108.7014539921874,33,NA-19-Y-D,2020
7003.040631899612,3,NA-19-Y-B,2020
8.579057164062501,12,NA-19-Y-B,2020
18.498808859374993,15,NA-19-Y-B,2020
54.15926814843758,33,NA-19-Y-B,2020
231.21482853906303,3,NA-19-X-C,2020
0.357376796875,12,NA-19-X-C,2020
0.1786878984375,33,NA-19-X-C,2020
198.93183693749805,3,SC-19-Y-D,2020
0.35118725,15,SC-19-Y-D,2020
0.79012859375,33,SC-19-Y-D,2020
1404.641283156254,3,SC-19-Y-A,2020
0.8797398359375002,12,SC-19-Y-A,2020
0.7912295312500001,33,SC-19-Y-A,2020
16136.17319953124,3,SC-19-Y-B,2020
0.0878698828125,4,SC-19-Y-B,2020
23.396613687499986,12,SC-19-Y-B,2020
1336.118924640643,15,SC-19-Y-B,2020
1.6684821953124997,25,SC-19-Y-B,2020
40.523665390625006,33,SC-19-Y-B,2020
17956.25826914143,3,SC-19-V-D,2020
20.11440854687499,12,SC-19-V-D,2020
186.19345553125004,15,SC-19-V-D,2020
63.466345749999945,33,SC-19-V-D,2020
9595.49034944881,3,SC-19-Z-A,2020
6.599188421874999,12,SC-19-Z-A,2020
5494.675544524894,15,SC-19-Z-A,2020
43.13651092187476,25,SC-19-Z-A,2020
34.21159539843747,33,SC-19-Z-A,2020
11917.421796227092,3,SC-19-X-C,2020
29.728365039062506,12,SC-19-X-C,2020
6080.671037578271,15,SC-19-X-C,2020
83.00082412500005,25,SC-19-X-C,2020
83.19316890625001,33,SC-19-X-C,2020
133.9590886406253,3,SC-19-Z-C,2020
0.438975046875,12,SC-19-Z-C,2020
315.66167560155975,15,SC-19-Z-C,2020
8.9547616484375,25,SC-19-Z-C,2020
6.409017132812495,33,SC-19-Z-C,2020
550.1345685859453,3,SC-19-Z-B,2020
1.2324309375,12,SC-19-Z-B,2020
1836.9090082578762,15,SC-19-Z-B,2020
9.154819398437493,25,SC-19-Z-B,2020
10.827260398437499,33,SC-19-Z-B,2020
10944.604383399888,3,SC-19-X-D,2020
0.0882628125,4,SC-19-X-D,2020
7.233167609375,12,SC-19-X-D,2020
5970.77282210194,15,SC-19-X-D,2020
6.433857867187498,25,SC-19-X-D,2020
40.21132251562503,33,SC-19-X-D,2020
15810.888308677384,3,SC-19-X-B,2020
0.1767835390625,4,SC-19-X-B,2020
72.95575082031223,12,SC-19-X-B,2020
2287.4931956485043,15,SC-19-X-B,2020
5.391311710937501,25,SC-19-X-B,2020
98.96647830468736,33,SC-19-X-B,2020
17696.047686305974,3,SC-19-X-A,2020
14.40316628124999,12,SC-19-X-A,2020
458.28970381249917,15,SC-19-X-A,2020
74.32001228906286,33,SC-19-X-A,2020
17012.870342444916,3,SC-19-V-B,2020
14.3298545234375,12,SC-19-V-B,2020
1193.1356985703087,15,SC-19-V-B,2020
11.326362640625,25,SC-19-V-B,2020
44.2095705234375,33,SC-19-V-B,2020
18267.75175885401,3,SB-19-Z-C,2020
4.5219664609375005,12,SB-19-Z-C,2020
5.940116273437495,15,SB-19-Z-C,2020
57.817146414062684,33,SB-19-Z-C,2020
18019.74231531278,3,SB-19-Y-D,2020
22.427293375000005,12,SB-19-Y-D,2020
225.6719765390645,15,SB-19-Y-D,2020
2.393952570312501,25,SB-19-Y-D,2020
98.77392320312492,33,SB-19-Y-D,2020
17946.313632735073,3,SB-19-Z-D,2020
0.8861691796875,4,SB-19-Z-D,2020
71.16000218750007,12,SB-19-Z-D,2020
142.4893832343737,15,SB-19-Z-D,2020
2.4810928828125,25,SB-19-Z-D,2020
205.67918078124893,33,SB-19-Z-D,2020
18050.67243161497,3,SB-19-Z-A,2020
46.83289296874999,12,SB-19-Z-A,2020
29.50054381250003,15,SB-19-Z-A,2020
197.97329476562365,33,SB-19-Z-A,2020
18304.74314464126,3,SB-19-Z-B,2020
0.710614171875,12,SB-19-Z-B,2020
2.6633147968750004,15,SB-19-Z-B,2020
49.820685164062496,33,SB-19-Z-B,2020
18193.72897606353,3,SB-19-X-C,2020
25.17651400781247,12,SB-19-X-C,2020
4.359991671875002,15,SB-19-X-C,2020
134.45760734375017,33,SB-19-X-C,2020
18175.47071016243,3,SB-19-X-D,2020
38.818574078125025,12,SB-19-X-D,2020
14.514322445312477,15,SB-19-X-D,2020
161.93696997656326,33,SB-19-X-D,2020
18202.120134972407,3,SB-19-X-A,2020
1.247982421875,12,SB-19-X-A,2020
0.3566098515625,15,SB-19-X-A,2020
181.29655882031255,33,SB-19-X-A,2020
18094.143983859387,3,SB-19-X-B,2020
0.1781830078125,4,SB-19-X-B,2020
50.35108309375001,12,SB-19-X-B,2020
65.5699241406252,15,SB-19-X-B,2020
4.275973046874998,25,SB-19-X-B,2020
203.5687239609377,33,SB-19-X-B,2020
17902.700410173977,3,SB-19-Y-B,2020
68.11500876562508,12,SB-19-Y-B,2020
166.51794821875018,15,SB-19-Y-B,2020
6.039110382812503,25,SB-19-Y-B,2020
214.56528123437536,33,SB-19-Y-B,2020
18325.94114000448,3,SB-19-V-D,2020
2.581058703125,12,SB-19-V-D,2020
0.5337688125,15,SB-19-V-D,2020
61.68460914062496,33,SB-19-V-D,2020
15939.454079273764,3,SB-19-V-B,2020
0.0891526015625,4,SB-19-V-B,2020
115.9944143593742,12,SB-19-V-B,2020
81.93661740624982,15,SB-19-V-B,2020
18.990074859374992,25,SB-19-V-B,2020
484.2683977890612,33,SB-19-V-B,2020
17987.56480634606,3,SB-19-Y-C,2020
0.0887397578125,4,SB-19-Y-C,2020
23.138035070312498,12,SB-19-Y-C,2020
270.60645192187576,15,SB-19-Y-C,2020
2.5734646015625002,25,SB-19-Y-C,2020
85.03796330468748,33,SB-19-Y-C,2020
18146.114498671548,3,SB-19-Y-A,2020
30.185612546875,12,SB-19-Y-A,2020
86.816396320313,15,SB-19-Y-A,2020
94.82125124218697,33,SB-19-Y-A,2020
18311.164206983896,3,SB-19-V-C,2020
3.203613656249999,12,SB-19-V-C,2020
1.8677925000000002,15,SB-19-V-C,2020
74.50496351562488,33,SB-19-V-C,2020
11187.719201594959,3,SB-19-V-A,2020
1.9615769453124998,12,SB-19-V-A,2020
4.1006270859375,15,SB-19-V-A,2020
168.99999007812517,33,SB-19-V-A,2020
15942.617675856809,3,SB-18-Z-B,2020
4.087380984375,12,SB-18-Z-B,2020
7.369349140625001,15,SB-18-Z-B,2020
11.465561234374997,33,SB-18-Z-B,2020
11592.647470279626,3,SB-18-X-D,2020
8.899642421875004,12,SB-18-X-D,2020
1.4239162578124995,15,SB-18-X-D,2020
59.631793164062536,33,SB-18-X-D,2020
1397.1748488906337,3,SB-18-X-B,2020
0.6235206093750001,12,SB-18-X-B,2020
0.26726300000000003,15,SB-18-X-B,2020
36.79396774218749,33,SB-18-X-B,2020
16362.910662164863,3,SB-18-Z-D,2020
26.68090518750001,12,SB-18-Z-D,2020
1817.9080437656098,15,SB-18-Z-D,2020
41.389349531250055,25,SB-18-Z-D,2020
87.14202735156236,33,SB-18-Z-D,2020
15535.548149460277,3,SC-18-X-B,2020
28.482534125000008,12,SC-18-X-B,2020
467.0219888906179,15,SC-18-X-B,2020
4.0669608359375005,25,SC-18-X-B,2020
46.968915468749955,33,SC-18-X-B,2020
16772.633620016793,3,SC-19-V-A,2020
38.82188873437491,12,SC-19-V-A,2020
1371.1995278047061,15,SC-19-V-A,2020
7.081339179687494,25,SC-19-V-A,2020
86.13545296875,33,SC-19-V-A,2020
15629.761441664685,3,SC-19-V-C,2020
35.200636351562494,12,SC-19-V-C,2020
150.8637243906252,15,SC-19-V-C,2020
45.97173813281253,33,SC-19-V-C,2020
7079.663239438682,3,SC-18-X-D,2020
14.123941375,12,SC-18-X-D,2020
101.35790689843748,15,SC-18-X-D,2020
12.182278578125,33,SC-18-X-D,2020
369.1305649765637,3,SC-18-X-A,2020
3697.1348673982284,3,SB-18-Z-C,2020
1.0639920078125,12,SB-18-Z-C,2020
10.81671837499999,15,SB-18-Z-C,2020
0.5320453671875,33,SB-18-Z-C,2020
721.9838516250032,3,SB-18-Z-A,2020
0.5328116640625,12,SB-18-Z-A,2020
5474.633176530962,3,SA-19-V-D,2020
0.8042962265624999,12,SA-19-V-D,2020
0.8936962343749999,15,SA-19-V-D,2020
164.16063163281254,33,SA-19-V-D,2020
7551.457559905735,3,SA-19-Y-B,2020
5.000004109374999,12,SA-19-Y-B,2020
3.571379453124999,15,SA-19-Y-B,2020
147.95722322656212,33,SA-19-Y-B,2020
9451.27305282051,3,SA-19-Y-D,2020
0.0892716875,4,SA-19-Y-D,2020
81.46204857812509,12,SA-19-Y-D,2020
41.758330789062526,15,SA-19-Y-D,2020
332.8067801796863,33,SA-19-Y-D,2020
17988.5850099953,3,SA-19-Z-A,2020
48.304078703124944,12,SA-19-Z-A,2020
24.108070578125,15,SA-19-Z-A,2020
1.6072019843749996,25,SA-19-Z-A,2020
360.6520109921908,33,SA-19-Z-A,2020
17393.0824519122,3,SA-19-Z-C,2020
170.75108225781273,12,SA-19-Z-C,2020
119.42612356250025,15,SA-19-Z-C,2020
7.318987023437496,25,SA-19-Z-C,2020
716.2887327187535,33,SA-19-Z-C,2020
17890.261656463634,3,SA-19-Z-D,2020
111.44809439062458,12,SA-19-Z-D,2020
43.726214367187524,15,SA-19-Z-D,2020
1.5170404062499998,25,SA-19-Z-D,2020
382.84470097656185,33,SA-19-Z-D,2020
16635.36132731224,3,SA-19-Z-B,2020
0.0893363046875,4,SA-19-Z-B,2020
314.55074507031213,12,SA-19-Z-B,2020
179.41238819531262,15,SA-19-Z-B,2020
7.501754218749997,25,SA-19-Z-B,2020
1264.5505032421756,33,SA-19-Z-B,2020
17670.10598758473,3,SA-19-X-D,2020
0.178745125,4,SA-19-X-D,2020
143.77586670312527,12,SA-19-X-D,2020
6.433342007812499,15,SA-19-X-D,2020
0.6254544140624999,25,SA-19-X-D,2020
641.8415613359374,33,SA-19-X-D,2020
17904.547570626495,3,SA-19-X-C,2020
7.9539797031249995,12,SA-19-X-C,2020
0.3574362109375,15,SA-19-X-C,2020
521.3254136796816,33,SA-19-X-C,2020
17775.99377065819,3,SA-20-V-C,2020
0.1787651953125,4,SA-20-V-C,2020
196.2246808203116,12,SA-20-V-C,2020
4.5569482421875005,15,SA-20-V-C,2020
1.3402793906250001,25,SA-20-V-C,2020
446.14986076562457,33,SA-20-V-C,2020
16046.86918840801,3,SA-20-Y-A,2020
403.53350218749637,12,SA-20-Y-A,2020
170.40791242968757,15,SA-20-Y-A,2020
1.5177556250000002,25,SA-20-Y-A,2020
1668.0311246406027,33,SA-20-Y-A,2020
18386.921957406415,3,SA-20-Y-B,2020
23.92971651562502,12,SA-20-Y-B,2020
0.44648891406249996,15,SA-20-Y-B,2020
42.32570321093749,33,SA-20-Y-B,2020
18131.548599928155,3,SA-20-V-D,2020
182.15935897656334,12,SA-20-V-D,2020
0.3574928203125,15,SA-20-V-D,2020
151.12875049218744,33,SA-20-V-D,2020
15712.395599649664,3,SA-20-X-C,2020
201.25385690625075,12,SA-20-X-C,2020
35.12514067187504,15,SA-20-X-C,2020
0.089382453125,25,SA-20-X-C,2020
2445.185179726599,33,SA-20-X-C,2020
16888.1599324372,3,SA-20-X-D,2020
229.60406454687663,12,SA-20-X-D,2020
196.4219639531251,15,SA-20-X-D,2020
39.759389695312436,18,SA-20-X-D,2020
1.0722701796875,25,SA-20-X-D,2020
1075.3246973125013,33,SA-20-X-D,2020
18304.58247097849,3,SA-20-Z-A,2020
27.05478162499999,12,SA-20-Z-A,2020
7.857381937500001,15,SA-20-Z-A,2020
113.86141696874972,33,SA-20-Z-A,2020
16350.483060197708,3,SA-20-Z-B,2020
11.7890906796875,12,SA-20-Z-B,2020
235.57424767968695,15,SA-20-Z-B,2020
4.2883246484375,18,SA-20-Z-B,2020
35.80512207812504,25,SA-20-Z-B,2020
1772.9015063984905,33,SA-20-Z-B,2020
15872.997398047617,3,SA-20-Y-D,2020
0.35700146875000005,4,SA-20-Y-D,2020
680.7428062734376,12,SA-20-Y-D,2020
40.05731787500004,15,SA-20-Y-D,2020
1728.1015681250242,33,SA-20-Y-D,2020
16016.876562887288,3,SA-20-Z-C,2020
268.6308365000048,12,SA-20-Z-C,2020
154.2655173828133,15,SA-20-Z-C,2020
6.1552576328125,25,SA-20-Z-C,2020
1935.4263684921232,33,SA-20-Z-C,2020
12672.809620156479,3,SA-20-Z-D,2020
0.2675993203125,4,SA-20-Z-D,2020
498.510817054688,12,SA-20-Z-D,2020
1668.89864153904,15,SA-20-Z-D,2020
0.9816088750000002,18,SA-20-Z-D,2020
153.98360568750027,25,SA-20-Z-D,2020
3301.7344117736793,33,SA-20-Z-D,2020
16552.265993066005,3,SB-20-X-A,2020
0.089181171875,4,SB-20-X-A,2020
219.44111056249938,12,SB-20-X-A,2020
22.11043637500002,15,SB-20-X-A,2020
1589.2480089140445,33,SB-20-X-A,2020
17379.523388883266,3,SB-20-X-B,2020
1.9608409296875,4,SB-20-X-B,2020
407.744520632814,12,SB-20-X-B,2020
28.69713539843749,15,SB-20-X-B,2020
533.048797062504,33,SB-20-X-B,2020
16985.677119749722,3,SB-20-V-B,2020
88.16700553906244,12,SB-20-V-B,2020
41.55236569531241,15,SB-20-V-B,2020
9.185039351562509,25,SB-20-V-B,2020
1286.1071823125071,33,SB-20-V-B,2020
18319.33080773795,3,SB-20-V-A,2020
5.6158104453125,12,SB-20-V-A,2020
7.3095425078125,15,SB-20-V-A,2020
52.765125374999954,33,SB-20-V-A,2020
17164.086400491633,3,SA-20-Y-C,2020
0.1784885078125,4,SA-20-Y-C,2020
201.14606914843722,12,SA-20-Y-C,2020
180.35842749218708,15,SA-20-Y-C,2020
9.014252375,25,SA-20-Y-C,2020
809.7753367656233,33,SA-20-Y-C,2020
18072.392406930958,3,SB-20-V-C,2020
115.44155358593689,12,SB-20-V-C,2020
7.2928051015624975,15,SB-20-V-C,2020
162.59632346874938,33,SB-20-V-C,2020
17288.960213545797,3,SB-20-V-D,2020
0.711966765625,4,SB-20-V-D,2020
377.2531271406259,12,SB-20-V-D,2020
46.00669810937478,15,SB-20-V-D,2020
1.9575209843749997,25,SB-20-V-D,2020
675.8510501171854,33,SB-20-V-D,2020
18072.49375846722,3,SB-20-Y-A,2020
42.21222934375003,12,SB-20-Y-A,2020
4.3544068515625,15,SB-20-Y-A,2020
204.58725411718777,33,SB-20-Y-A,2020
17882.327863156872,3,SB-20-Y-B,2020
0.26625828125,4,SB-20-Y-B,2020
113.01482134375009,12,SB-20-Y-B,2020
146.94178171875018,15,SB-20-Y-B,2020
2.6651652421874994,25,SB-20-Y-B,2020
205.88300450781236,33,SB-20-Y-B,2020
16946.98672774924,3,SB-20-Y-D,2020
102.78380740625073,4,SB-20-Y-D,2020
742.2154646796787,12,SB-20-Y-D,2020
473.0343994609371,15,SB-20-Y-D,2020
9.396990859375,25,SB-20-Y-D,2020
64.37288464843753,33,SB-20-Y-D,2020
17444.91211178349,3,SB-20-Y-C,2020
3.7205406874999993,4,SB-20-Y-C,2020
346.9164679375033,12,SB-20-Y-C,2020
179.20591606249977,15,SB-20-Y-C,2020
6.297644070312503,25,SB-20-Y-C,2020
340.7013674062482,33,SB-20-Y-C,2020
17347.361665185606,3,SC-20-V-A,2020
4.776072140625,4,SC-20-V-A,2020
793.9063344765511,12,SC-20-V-A,2020
41.09733110156247,15,SC-20-V-A,2020
0.17681536718750002,18,SC-20-V-A,2020
55.65380393749993,33,SC-20-V-A,2020
10865.975703656617,3,SC-20-V-C,2020
7.319112593749995,4,SC-20-V-C,2020
128.16943912499949,12,SC-20-V-C,2020
4888.57611216412,15,SC-20-V-C,2020
10.32724603906249,18,SC-20-V-C,2020
28.84227797656252,25,SC-20-V-C,2020
343.2940167343757,33,SC-20-V-C,2020
8506.23930116529,3,SC-20-V-D,2020
1.5889535625,4,SC-20-V-D,2020
99.076154765625,12,SC-20-V-D,2020
8976.476911718994,15,SC-20-V-D,2020
241.16258899999994,18,SC-20-V-D,2020
87.79155724999985,25,SC-20-V-D,2020
313.78524448437605,33,SC-20-V-D,2020
13655.704092828382,3,SC-20-V-B,2020
6.550129109375,4,SC-20-V-B,2020
530.4323015468775,12,SC-20-V-B,2020
3075.6813228438177,15,SC-20-V-B,2020
23.070685812500002,18,SC-20-V-B,2020
121.16994666406194,25,SC-20-V-B,2020
809.491676703128,33,SC-20-V-B,2020
17173.070675475694,3,SB-20-Z-A,2020
3.2872951328125,4,SB-20-Z-A,2020
297.3191616093765,12,SB-20-Z-A,2020
221.025819945313,15,SB-20-Z-A,2020
611.7148101874948,33,SB-20-Z-A,2020
16908.24570476776,3,SB-20-Z-C,2020
4.697002156249999,4,SB-20-Z-C,2020
324.4627534921877,12,SB-20-Z-C,2020
765.83686217188,15,SB-20-Z-C,2020
3.0998059687500006,25,SB-20-Z-C,2020
353.71270674999903,33,SB-20-Z-C,2020
14253.081437673272,3,SC-20-X-A,2020
15.747077890625004,4,SC-20-X-A,2020
2813.4094616719667,12,SC-20-X-A,2020
1039.8873561797002,15,SC-20-X-A,2020
0.7074828124999999,18,SC-20-X-A,2020
151.18050052343776,33,SC-20-X-A,2020
9834.744323031833,3,SC-20-X-C,2020
0.17652625781249998,4,SC-20-X-C,2020
20.916772234375024,12,SC-20-X-C,2020
7985.390681492487,15,SC-20-X-C,2020
265.721678468747,18,SC-20-X-C,2020
27.51739124999998,25,SC-20-X-C,2020
92.1825692656249,33,SC-20-X-C,2020
15762.511349610653,3,SC-20-X-D,2020
48.7462897421875,4,SC-20-X-D,2020
88.83199998437475,12,SC-20-X-D,2020
2233.761397734369,15,SC-20-X-D,2020
1.6770927968749998,18,SC-20-X-D,2020
3.2658274453125005,25,SC-20-X-D,2020
53.984900390625015,33,SC-20-X-D,2020
16800.431856991072,3,SC-20-X-B,2020
25.102836679687492,4,SC-20-X-B,2020
949.0198897656276,12,SC-20-X-B,2020
370.9427923671889,15,SC-20-X-B,2020
1.5025475390624998,18,SC-20-X-B,2020
93.49752546093752,33,SC-20-X-B,2020
16722.447832148813,3,SB-20-Z-D,2020
1.8617197265624998,4,SB-20-Z-D,2020
133.95343384375022,12,SB-20-Z-D,2020
1329.9994857734353,15,SB-20-Z-D,2020
147.14779753124978,33,SB-20-Z-D,2020
17513.51062428283,3,SB-20-Z-B,2020
3.9968252031250002,4,SB-20-Z-B,2020
223.40914053906238,12,SB-20-Z-B,2020
411.35321682812497,15,SB-20-Z-B,2020
170.6666133671876,33,SB-20-Z-B,2020
17783.705010355072,3,SB-20-X-C,2020
0.1779206484375,4,SB-20-X-C,2020
185.6464629843748,12,SB-20-X-C,2020
31.400371109375023,15,SB-20-X-C,2020
381.984467523437,33,SB-20-X-C,2020
17002.464202036215,3,SB-20-X-D,2020
0.3558987734375,4,SB-20-X-D,2020
363.41564517187464,12,SB-20-X-D,2020
224.44292765624988,15,SB-20-X-D,2020
11.479822250000002,25,SB-20-X-D,2020
737.5015735781221,33,SB-20-X-D,2020
17997.0950889939,3,SB-21-V-C,2020
0.0890419765625,4,SB-21-V-C,2020
19.84838,12,SB-21-V-C,2020
105.57992207812458,15,SB-21-V-C,2020
268.1281436093749,33,SB-21-V-C,2020
16923.709701378582,3,SB-21-V-A,2020
4.5456671328125005,4,SB-21-V-A,2020
199.3874891328124,12,SB-21-V-A,2020
215.46653892187564,15,SB-21-V-A,2020
5.0811885078125005,25,SB-21-V-A,2020
1043.1552687343758,33,SB-21-V-A,2020
18091.364143517887,3,SB-21-V-B,2020
0.6237590078125,4,SB-21-V-B,2020
49.9270446015625,12,SB-21-V-B,2020
9.0039174921875,15,SB-21-V-B,2020
4.721275312499998,25,SB-21-V-B,2020
229.3811461328124,33,SB-21-V-B,2020
17777.452701074257,3,SB-21-V-D,2020
5.516707492187502,12,SB-21-V-D,2020
155.23181387499915,15,SB-21-V-D,2020
70.21837594531247,25,SB-21-V-D,2020
349.3034907031224,33,SB-21-V-D,2020
17206.762338065342,3,SB-21-Y-A,2020
3.285231046875,4,SB-21-Y-A,2020
64.56289275000012,12,SB-21-Y-A,2020
1037.3978549375006,15,SB-21-Y-A,2020
45.92944197656245,33,SB-21-Y-A,2020
17115.291345129357,3,SB-21-Y-B,2020
12.340356734374996,4,SB-21-Y-B,2020
304.41664842968817,12,SB-21-Y-B,2020
422.1412855000007,15,SB-21-Y-B,2020
37.86513316406246,25,SB-21-Y-B,2020
431.85906876562456,33,SB-21-Y-B,2020
16875.60706929856,3,SB-21-Y-C,2020
3.013801687500001,4,SB-21-Y-C,2020
41.219441429687485,12,SB-21-Y-C,2020
1426.0244176249394,15,SB-21-Y-C,2020
4.524288218750002,25,SB-21-Y-C,2020
18.53171560156249,33,SB-21-Y-C,2020
12938.268684906658,3,SC-21-V-C,2020
0.352747625,4,SC-21-V-C,2020
17.723630921875,12,SC-21-V-C,2020
5142.981712141038,15,SC-21-V-C,2020
1.7628349453125003,18,SC-21-V-C,2020
16.13659387499997,25,SC-21-V-C,2020
109.5120363671876,33,SC-21-V-C,2020
18204.6148581804,3,SC-21-V-A,2020
0.2654490859375,4,SC-21-V-A,2020
9.374219890625001,12,SC-21-V-A,2020
6.631153492187497,15,SC-21-V-A,2020
54.809228999999945,33,SC-21-V-A,2020
17541.77429478238,3,SC-21-V-B,2020
4.601855328125,4,SC-21-V-B,2020
304.7997518828125,12,SC-21-V-B,2020
111.73096729687495,15,SC-21-V-B,2020
0.971957203125,18,SC-21-V-B,2020
278.8278067500013,33,SC-21-V-B,2020
12100.293961648762,3,SC-21-V-D,2020
3.084588851562499,4,SC-21-V-D,2020
40.30986439843754,12,SC-21-V-D,2020
5827.11185955484,15,SC-21-V-D,2020
8.98716568750001,18,SC-21-V-D,2020
13.661112484375016,25,SC-21-V-D,2020
200.47833852343766,33,SC-21-V-D,2020
16897.38618171205,3,SB-21-Y-D,2020
16.672068874999994,4,SB-21-Y-D,2020
976.6338366406226,12,SB-21-Y-D,2020
102.50979602343747,15,SB-21-Y-D,2020
33.972346703125,25,SB-21-Y-D,2020
302.2059844140623,33,SB-21-Y-D,2020
16344.194327175193,3,SB-21-Z-A,2020
0.26658785937499996,4,SB-21-Z-A,2020
15.015273992187486,12,SB-21-Z-A,2020
1757.4615636484184,15,SB-21-Z-A,2020
1.7765372109375002,18,SB-21-Z-A,2020
151.80182372656196,25,SB-21-Z-A,2020
87.42164516406231,33,SB-21-Z-A,2020
16999.508611165536,3,SB-21-Z-C,2020
5.668849570312499,4,SB-21-Z-C,2020
46.4203341250001,12,SB-21-Z-C,2020
1183.4413212656102,15,SB-21-Z-C,2020
1.4192811875,18,SB-21-Z-C,2020
119.60135124999996,25,SB-21-Z-C,2020
12.9497124375,33,SB-21-Z-C,2020
17109.165762345896,3,SC-21-X-A,2020
94.55232657812508,4,SC-21-X-A,2020
864.8821869062674,12,SC-21-X-A,2020
199.13903775781304,15,SC-21-X-A,2020
1.7683797890624997,18,SC-21-X-A,2020
4.6832329999999995,33,SC-21-X-A,2020
14108.36626357146,3,SC-21-X-B,2020
290.9868247109406,4,SC-21-X-B,2020
508.97648103124214,12,SC-21-X-B,2020
3220.733892937471,15,SC-21-X-B,2020
94.71093687500002,18,SC-21-X-B,2020
6.1045787499999955,25,SC-21-X-B,2020
12.651250179687496,33,SC-21-X-B,2020
14784.44758661827,3,SB-21-Z-D,2020
3.7197766562499988,4,SB-21-Z-D,2020
24.820079882812497,12,SB-21-Z-D,2020
3400.4131336717137,15,SB-21-Z-D,2020
54.877653992187476,18,SB-21-Z-D,2020
11.802524796874998,25,SB-21-Z-D,2020
55.950232382812516,33,SB-21-Z-D,2020
15480.110344853547,3,SB-21-Z-B,2020
5.9524626640625,12,SB-21-Z-B,2020
2755.0402766328675,15,SB-21-Z-B,2020
3.3740830546875,18,SB-21-Z-B,2020
80.50199595312492,33,SB-21-Z-B,2020
17527.227570722538,3,SB-21-X-C,2020
10.416275445312495,12,SB-21-X-C,2020
519.6643083281259,15,SB-21-X-C,2020
0.178089046875,18,SB-21-X-C,2020
78.37555605468745,25,SB-21-X-C,2020
254.87877706249915,33,SB-21-X-C,2020
18214.887019172653,3,SB-21-X-D,2020
0.178081734375,4,SB-21-X-D,2020
5.695585031249999,12,SB-21-X-D,2020
28.743201835937498,15,SB-21-X-D,2020
0.1780226875,18,SB-21-X-D,2020
108.04117862500013,33,SB-21-X-D,2020
14534.087464766679,3,SB-21-X-A,2020
41.18548589843748,12,SB-21-X-A,2020
3202.5661948515485,15,SB-21-X-A,2020
2.1396266562499995,18,SB-21-X-A,2020
30.84627335937501,25,SB-21-X-A,2020
607.262825578123,33,SB-21-X-A,2020
16020.695432042081,3,SB-21-X-B,2020
11.406840359375002,12,SB-21-X-B,2020
2180.4889345233432,15,SB-21-X-B,2020
3.299334554687499,18,SB-21-X-B,2020
6.331320632812504,25,SB-21-X-B,2020
162.7994239531256,33,SB-21-X-B,2020
17503.427744429067,3,SA-21-Z-C,2020
0.1784900390625,4,SA-21-Z-C,2020
54.07979514062517,12,SA-21-Z-C,2020
636.8918836093774,15,SA-21-Z-C,2020
0.5355348203125,18,SA-21-Z-C,2020
241.37894285156304,33,SA-21-Z-C,2020
14557.121043975567,3,SA-21-Z-D,2020
0.1785166015625,4,SA-21-Z-D,2020
17.578949585937483,12,SA-21-Z-D,2020
2834.7909850156725,15,SA-21-Z-D,2020
60.69759725781279,18,SA-21-Z-D,2020
2.8544550078125,25,SA-21-Z-D,2020
929.2721634999953,33,SA-21-Z-D,2020
8159.462045961286,3,SA-21-Z-B,2020
0.7146278359375,4,SA-21-Z-B,2020
785.5792625234556,12,SA-21-Z-B,2020
1951.38203313285,15,SA-21-Z-B,2020
571.3331913671858,18,SA-21-Z-B,2020
70.64992062499998,25,SA-21-Z-B,2020
6386.281062390776,33,SA-21-Z-B,2020
11467.045952078379,3,SA-21-Z-A,2020
0.9825813359375,4,SA-21-Z-A,2020
975.891424828144,12,SA-21-Z-A,2020
1244.5610938593663,15,SA-21-Z-A,2020
11.077030664062493,18,SA-21-Z-A,2020
49.57087451562508,25,SA-21-Z-A,2020
4131.281699945137,33,SA-21-Z-A,2020
14691.63316684166,3,SA-21-Y-D,2020
0.1783918203125,4,SA-21-Y-D,2020
756.4120567734445,12,SA-21-Y-D,2020
546.4745646718715,15,SA-21-Y-D,2020
22.58313253125,25,SA-21-Y-D,2020
2290.063678406247,33,SA-21-Y-D,2020
12497.86682683565,3,SA-21-Y-B,2020
0.35730524218750004,4,SA-21-Y-B,2020
1186.8010227890877,12,SA-21-Y-B,2020
797.6602746406166,15,SA-21-Y-B,2020
2.7685573828125,18,SA-21-Y-B,2020
16.788191320312503,25,SA-21-Y-B,2020
3447.7174604136053,33,SA-21-Y-B,2020
11257.461573810979,3,SA-21-Y-C,2020
3.3009439687499995,4,SA-21-Y-C,2020
1071.6902753827885,12,SA-21-Y-C,2020
2070.6108527499573,15,SA-21-Y-C,2020
144.70365364843772,25,SA-21-Y-C,2020
3586.6924722579847,33,SA-21-Y-C,2020
17707.01010400272,3,SA-21-Y-A,2020
72.78618185156236,12,SA-21-Y-A,2020
385.1621045156228,15,SA-21-Y-A,2020
0.089332875,18,SA-21-Y-A,2020
16.875635187499995,25,SA-21-Y-A,2020
267.5928274921866,33,SA-21-Y-A,2020
18222.484681751983,3,SA-21-V-D,2020
0.2680696953125,4,SA-21-V-D,2020
27.253546015624984,12,SA-21-V-D,2020
27.345573031249984,15,SA-21-V-D,2020
156.8325297265622,33,SA-21-V-D,2020
16237.011891072347,3,SA-21-V-C,2020
102.59626768750041,12,SA-21-V-C,2020
25.822885828124996,15,SA-21-V-C,2020
0.268103203125,18,SA-21-V-C,2020
3.395409640625,25,SA-21-V-C,2020
2097.440504164067,33,SA-21-V-C,2020
13746.132619352793,3,SA-21-X-C,2020
1.4296715156250002,4,SA-21-X-C,2020
676.4319275234338,12,SA-21-X-C,2020
1772.9603964062321,15,SA-21-X-C,2020
2.7698755078125004,18,SA-21-X-C,2020
90.78820367968768,25,SA-21-X-C,2020
2027.3453389140382,33,SA-21-X-C,2020
11688.217856960846,3,SA-21-X-D,2020
0.3575267578125,4,SA-21-X-D,2020
1088.992696210938,12,SA-21-X-D,2020
4702.80389146058,15,SA-21-X-D,2020
7.5947627499999975,18,SA-21-X-D,2020
17.601333390625015,25,SA-21-X-D,2020
695.6669479140421,33,SA-21-X-D,2020
11514.959738976342,3,SA-22-V-C,2020
4.2001875625,4,SA-22-V-C,2020
2158.975539218741,12,SA-22-V-C,2020
2177.062296812591,15,SA-22-V-C,2020
11.527672906249999,18,SA-22-V-C,2020
5.987239312500002,25,SA-22-V-C,2020
1908.341018937481,33,SA-22-V-C,2020
17256.482791000948,3,SB-22-V-A,2020
0.178291953125,4,SB-22-V-A,2020
37.70447825,12,SB-22-V-A,2020
649.7845964531338,15,SB-22-V-A,2020
473.93771345312547,33,SB-22-V-A,2020
12706.464903930017,3,SA-22-Y-C,2020
63.24707974218724,12,SA-22-Y-C,2020
5471.247664726679,15,SA-22-Y-C,2020
6.960844117187502,18,SA-22-Y-C,2020
16.596251750000018,25,SA-22-Y-C,2020
175.45650988281224,33,SA-22-Y-C,2020
16068.4658725242,3,SA-22-Y-A,2020
392.64543724999965,12,SA-22-Y-A,2020
1064.201213812505,15,SA-22-Y-A,2020
10.001574179687497,18,SA-22-Y-A,2020
0.5360201015625,25,SA-22-Y-A,2020
870.7791963515763,33,SA-22-Y-A,2020
13895.641489352347,3,SA-22-V-D,2020
0.2681115234375,4,SA-22-V-D,2020
891.7022467265647,12,SA-22-V-D,2020
909.0321598671972,15,SA-22-V-D,2020
1.16182021875,18,SA-22-V-D,2020
5.004257562499999,25,SA-22-V-D,2020
2463.548350945347,33,SA-22-V-D,2020
14765.629412095286,3,SA-22-Y-B,2020
72.51862560156259,12,SA-22-Y-B,2020
2334.2394987734556,15,SA-22-Y-B,2020
1.250175203125,18,SA-22-Y-B,2020
3.0360776718749984,25,SA-22-Y-B,2020
1271.6771714687418,33,SA-22-Y-B,2020
9787.201915008378,3,SA-22-Y-D,2020
207.59357803124897,12,SA-22-Y-D,2020
7513.370188915507,15,SA-22-Y-D,2020
0.44632107812499994,18,SA-22-Y-D,2020
38.381456484375065,25,SA-22-Y-D,2020
892.9797945703004,33,SA-22-Y-D,2020
18138.01829943379,3,SB-22-V-B,2020
0.97986796875,4,SB-22-V-B,2020
5.4354515234375,12,SB-22-V-B,2020
253.2417233203126,15,SB-22-V-B,2020
20.412528867187508,33,SB-22-V-B,2020
15714.303686899842,3,SA-22-Z-A,2020
2.3224207109375,4,SA-22-Z-A,2020
939.7428588125163,12,SA-22-Z-A,2020
1193.396631445314,15,SA-22-Z-A,2020
1.9645860078124997,18,SA-22-Z-A,2020
14.290924429687493,25,SA-22-Z-A,2020
550.0902801093742,33,SA-22-Z-A,2020
10548.522537000397,3,SA-22-Z-C,2020
1.0704451796875,4,SA-22-Z-C,2020
47.66029367968761,12,SA-22-Z-C,2020
6931.566861624675,15,SA-22-Z-C,2020
4.551013718749999,18,SA-22-Z-C,2020
34.791209273437524,25,SA-22-Z-C,2020
836.1167700546798,33,SA-22-Z-C,2020
16167.476736084944,3,SA-22-X-C,2020
3.2166788828125,4,SA-22-X-C,2020
281.6466938515632,12,SA-22-X-C,2020
110.35770190624984,15,SA-22-X-C,2020
0.5361334843750001,18,SA-22-X-C,2020
18.407157101562497,25,SA-22-X-C,2020
1831.5459364765818,33,SA-22-X-C,2020
9239.35173349167,3,SA-22-X-D,2020
13.048650687499995,4,SA-22-X-D,2020
2554.5687705233513,12,SA-22-X-D,2020
2263.480675851585,15,SA-22-X-D,2020
134.66630286718816,18,SA-22-X-D,2020
423.35162530468733,25,SA-22-X-D,2020
3803.573750327905,33,SA-22-X-D,2020
7511.647056328048,3,SA-23-V-C,2020
0.1787135625,4,SA-23-V-C,2020
64.26195737500008,12,SA-23-V-C,2020
10560.409711741617,15,SA-23-V-C,2020
22.609605304687495,18,SA-23-V-C,2020
143.89023139062533,25,SA-23-V-C,2020
130.74029594531257,33,SA-23-V-C,2020
9834.452015264795,3,SA-23-Y-A,2020
0.0893152578125,4,SA-23-Y-A,2020
38.57845899999998,12,SA-23-Y-A,2020
7785.731858999829,15,SA-23-Y-A,2020
617.2226429375012,18,SA-23-Y-A,2020
47.68954349999996,25,SA-23-Y-A,2020
98.59923638281265,33,SA-23-Y-A,2020
11679.024349203744,3,SA-23-Y-C,2020
0.44609419531250005,4,SA-23-Y-C,2020
14.903524531250014,12,SA-23-Y-C,2020
5484.327262484532,15,SA-23-Y-C,2020
1122.2240093203125,18,SA-23-Y-C,2020
72.91976871093759,25,SA-23-Y-C,2020
29.72075896874995,33,SA-23-Y-C,2020
12906.135744445308,3,SA-22-Z-D,2020
2.141613507812499,4,SA-22-Z-D,2020
25.79151712500003,12,SA-22-Z-D,2020
5295.640725796677,15,SA-22-Z-D,2020
140.20869499218782,18,SA-22-Z-D,2020
5.530519367187499,25,SA-22-Z-D,2020
59.6151998515625,33,SA-22-Z-D,2020
11211.387718392574,3,SA-22-Z-B,2020
4.465900703124999,4,SA-22-Z-B,2020
553.3741305156217,12,SA-22-Z-B,2020
5022.308581382355,15,SA-22-Z-B,2020
1029.6447360468962,18,SA-22-Z-B,2020
39.02667650781251,25,SA-22-Z-B,2020
508.5625299453079,33,SA-22-Z-B,2020
8598.525643500046,3,SB-22-X-A,2020
0.8020280703125,4,SB-22-X-A,2020
11.676443765624997,12,SB-22-X-A,2020
8297.774149218498,15,SB-22-X-A,2020
1.8716277421874998,18,SB-22-X-A,2020
8.113464671875006,25,SB-22-X-A,2020
1465.4557839687448,33,SB-22-X-A,2020
7558.639252234414,3,SB-22-X-B,2020
0.623651890625,4,SB-22-X-B,2020
22.278291593749998,12,SB-22-X-B,2020
9569.958979132618,15,SB-22-X-B,2020
333.3992118203156,18,SB-22-X-B,2020
27.266936070312525,25,SB-22-X-B,2020
894.8741589843788,33,SB-22-X-B,2020
9015.284446890953,3,SB-22-X-C,2020
8.361986406249999,4,SB-22-X-C,2020
8.808445804687496,12,SB-22-X-C,2020
9231.597066243015,15,SB-22-X-C,2020
1.6020191250000002,18,SB-22-X-C,2020
55.239039968750035,25,SB-22-X-C,2020
36.56325859375001,33,SB-22-X-C,2020
4377.4756126176935,3,SB-22-X-D,2020
448.60208599999623,4,SB-22-X-D,2020
136.19904891406293,12,SB-22-X-D,2020
12686.005701161326,15,SB-22-X-D,2020
5.6974061171875015,18,SB-22-X-D,2020
105.57014278125001,25,SB-22-X-D,2020
590.6884455000062,33,SB-22-X-D,2020
6293.207446360133,3,SB-23-V-C,2020
2540.6152198203727,4,SB-23-V-C,2020
71.997933484375,12,SB-23-V-C,2020
8900.948007532097,15,SB-23-V-C,2020
33.83856428125001,18,SB-23-V-C,2020
205.9341055078121,25,SB-23-V-C,2020
117.55087182031255,33,SB-23-V-C,2020
7201.138386890548,3,SB-23-V-A,2020
2.0490475859375006,4,SB-23-V-A,2020
6.507394757812499,12,SB-23-V-A,2020
8968.306026468399,15,SB-23-V-A,2020
1727.5742756249829,18,SB-23-V-A,2020
43.48526818750002,25,SB-23-V-A,2020
20.144467835937498,33,SB-23-V-A,2020
3242.6442760781056,3,SB-23-Y-A,2020
9751.364002680224,4,SB-23-Y-A,2020
1397.260138335921,12,SB-23-Y-A,2020
3164.9141087578096,15,SB-23-Y-A,2020
110.72981067187548,18,SB-23-Y-A,2020
57.83560210937479,25,SB-23-Y-A,2020
187.2329346562502,33,SB-23-Y-A,2020
3209.983981562372,3,SB-22-Z-D,2020
2823.4915581795,4,SB-22-Z-D,2020
779.0219871171696,12,SB-22-Z-D,2020
11056.16007868047,15,SB-22-Z-D,2020
97.31984365625007,18,SB-22-Z-D,2020
110.13484016406242,25,SB-22-Z-D,2020
232.53295506250004,33,SB-22-Z-D,2020
2608.002048437522,3,SC-22-X-B,2020
5338.966748383127,4,SC-22-X-B,2020
939.9717803437445,12,SC-22-X-B,2020
8075.652033709825,15,SC-22-X-B,2020
717.1975994140536,18,SC-22-X-B,2020
101.98069284374975,25,SC-22-X-B,2020
223.97918120312602,33,SC-22-X-B,2020
3631.6693583906076,3,SB-22-Z-B,2020
618.0536871249963,4,SB-22-Z-B,2020
196.63106792187452,12,SB-22-Z-B,2020
13495.594413999956,15,SB-22-Z-B,2020
53.28770646093768,18,SB-22-Z-B,2020
23.19208585156249,25,SB-22-Z-B,2020
276.7678734140627,33,SB-22-Z-B,2020
8822.321552266418,3,SB-22-Z-A,2020
268.00922189843783,4,SB-22-Z-A,2020
82.73031506250001,12,SB-22-Z-A,2020
8917.371039710692,15,SB-22-Z-A,2020
12.787620367187499,18,SB-22-Z-A,2020
206.6529645234382,25,SB-22-Z-A,2020
12.8854425390625,33,SB-22-Z-A,2020
4907.156583663794,3,SB-22-Z-C,2020
1120.7598028671832,4,SB-22-Z-C,2020
456.12207674218945,12,SB-22-Z-C,2020
11656.051405757187,15,SB-22-Z-C,2020
26.498094335937513,18,SB-22-Z-C,2020
84.9976085546875,25,SB-22-Z-C,2020
10.4604851328125,33,SB-22-Z-C,2020
4020.4536791328314,3,SC-22-X-A,2020
2605.717323406264,4,SC-22-X-A,2020
507.97484461718676,12,SC-22-X-A,2020
10189.133371593587,15,SC-22-X-A,2020
422.2491131171885,18,SC-22-X-A,2020
40.35892233593748,25,SC-22-X-A,2020
113.20111310156321,33,SC-22-X-A,2020
16530.02197375999,3,SB-22-Y-D,2020
759.3693746015555,4,SB-22-Y-D,2020
557.014303124997,12,SB-22-Y-D,2020
429.0445477109303,15,SB-22-Y-D,2020
1.4180928593750002,18,SB-22-Y-D,2020
13.033278734375001,25,SB-22-Y-D,2020
69.09469364062498,33,SB-22-Y-D,2020
13021.976111789983,3,SC-22-V-B,2020
749.3401352187552,4,SC-22-V-B,2020
1076.1841186640504,12,SC-22-V-B,2020
3205.88686714071,15,SC-22-V-B,2020
78.82672507812522,18,SC-22-V-B,2020
8.7656924375,25,SC-22-V-B,2020
125.25181356250033,33,SC-22-V-B,2020
17996.975337814594,3,SC-22-V-A,2020
83.8154288437499,4,SC-22-V-A,2020
14.863313898437498,12,SC-22-V-A,2020
17.686559976562503,15,SC-22-V-A,2020
0.6192746484375,18,SC-22-V-A,2020
161.64664525781274,33,SC-22-V-A,2020
17835.668714860272,3,SB-22-Y-C,2020
16.308825960937504,4,SB-22-Y-C,2020
64.18958367968753,12,SB-22-Y-C,2020
240.6221493906262,15,SB-22-Y-C,2020
0.265684359375,18,SB-22-Y-C,2020
211.59990234375007,33,SB-22-Y-C,2020
6575.038334586379,3,SB-22-Y-B,2020
185.94752526562485,4,SB-22-Y-B,2020
43.33692266406255,12,SB-22-Y-B,2020
11135.389204975649,15,SB-22-Y-B,2020
3.2870791328124995,18,SB-22-Y-B,2020
133.12807718749974,25,SB-22-Y-B,2020
281.63307563281325,33,SB-22-Y-B,2020
14038.189403360513,3,SB-22-Y-A,2020
36.25230316406255,4,SB-22-Y-A,2020
117.59178978125011,12,SB-22-Y-A,2020
4100.409513374928,15,SB-22-Y-A,2020
1.599697203125,18,SB-22-Y-A,2020
63.895051890625005,33,SB-22-Y-A,2020
15225.102192433611,3,SB-22-V-D,2020
151.88285573437568,4,SB-22-V-D,2020
3.0255273359375,12,SB-22-V-D,2020
2988.6667769142487,15,SB-22-V-D,2020
1.8677306796875,18,SB-22-V-D,2020
11.6515901484375,25,SB-22-V-D,2020
8.543903414062502,33,SB-22-V-D,2020
17209.032534068072,3,SB-22-V-C,2020
2.4909073671875004,4,SB-22-V-C,2020
113.31428341406243,12,SB-22-V-C,2020
804.5134654843994,15,SB-22-V-C,2020
0.1779348828125,18,SB-22-V-C,2020
0.17790830468750002,25,SB-22-V-C,2020
261.0335431406255,33,SB-22-V-C,2020
11931.501827360164,3,SC-21-X-D,2020
398.1112707968727,4,SC-21-X-D,2020
830.3930872343687,12,SC-21-X-D,2020
4567.86212878153,15,SC-21-X-D,2020
412.56665528124574,18,SC-21-X-D,2020
25.192979828125033,25,SC-21-X-D,2020
25.918586765624973,33,SC-21-X-D,2020
17063.250076149467,3,SC-22-V-C,2020
294.11070203124905,4,SC-22-V-C,2020
140.89675488281247,12,SC-22-V-C,2020
524.122750101559,15,SC-22-V-C,2020
99.64548955468774,18,SC-22-V-C,2020
81.27607417968748,33,SC-22-V-C,2020
13547.929198429803,3,SC-22-Y-A,2020
151.195556421875,4,SC-22-Y-A,2020
34.388312031249974,12,SC-22-Y-A,2020
3661.206902773467,15,SC-22-Y-A,2020
586.3117518437539,18,SC-22-Y-A,2020
1.4056691171875002,25,SC-22-Y-A,2020
167.9501542578125,33,SC-22-Y-A,2020
7197.492267727598,3,SC-21-Z-B,2020
10.204261976562497,4,SC-21-Z-B,2020
42.466533171875014,12,SC-21-Z-B,2020
9144.69704321302,15,SC-21-Z-B,2020
1516.2626408906644,18,SC-21-Z-B,2020
178.38273403906234,25,SC-21-Z-B,2020
46.712614679687476,33,SC-21-Z-B,2020
15185.46377730365,3,SC-22-Y-C,2020
146.95929746875007,4,SC-22-Y-C,2020
98.84140937499996,12,SC-22-Y-C,2020
738.7515563671811,15,SC-22-Y-C,2020
1363.8839531718975,18,SC-22-Y-C,2020
377.49592673437456,33,SC-22-Y-C,2020
11158.56796415611,3,SC-21-Z-D,2020
0.5267761718749999,4,SC-21-Z-D,2020
80.59058744531222,12,SC-21-Z-D,2020
2596.531194734469,15,SC-21-Z-D,2020
4061.702774906264,18,SC-21-Z-D,2020
41.3475126328125,25,SC-21-Z-D,2020
140.44696604687468,33,SC-21-Z-D,2020
10925.53546796806,3,SD-21-X-B,2020
45.92710912500007,4,SD-21-X-B,2020
24.914266749999975,12,SD-21-X-B,2020
1958.3469616327682,15,SD-21-X-B,2020
4995.993184374988,18,SD-21-X-B,2020
10.484273750000007,25,SD-21-X-B,2020
52.32260261718748,33,SD-21-X-B,2020
6420.8381040939885,3,SD-21-X-D,2020
3402.3527101952996,4,SD-21-X-D,2020
99.86737867968746,12,SD-21-X-D,2020
1967.9414157109663,15,SD-21-X-D,2020
5695.81558321103,18,SD-21-X-D,2020
22.622174328125002,25,SD-21-X-D,2020
20.87455341406252,33,SD-21-X-D,2020
14519.398130304386,3,SD-22-V-A,2020
982.5229800156293,4,SD-22-V-A,2020
168.03220510937547,12,SD-22-V-A,2020
482.3388499140623,15,SD-22-V-A,2020
1154.7780838671947,18,SD-22-V-A,2020
372.28232629687267,33,SD-22-V-A,2020
4480.774630452956,3,SD-22-V-C,2020
4475.299400382793,4,SD-22-V-C,2020
339.56337119531105,12,SD-22-V-C,2020
4145.398644124939,15,SD-22-V-C,2020
4010.5630147653337,18,SD-22-V-C,2020
4.783999374999999,25,SD-22-V-C,2020
69.78985499218749,33,SD-22-V-C,2020
5884.056604283144,3,SC-22-Y-B,2020
972.9846936093936,4,SC-22-Y-B,2020
188.07309131250094,12,SC-22-Y-B,2020
7945.189300392654,15,SC-22-Y-B,2020
1937.2366628438515,18,SC-22-Y-B,2020
24.533064398437496,25,SC-22-Y-B,2020
33.50893328124995,33,SC-22-Y-B,2020
5588.609596062146,3,SC-22-Y-D,2020
2264.4707759062167,4,SC-22-Y-D,2020
264.43434534374927,12,SC-22-Y-D,2020
4907.655925984289,15,SC-22-Y-D,2020
2616.3043107031795,18,SC-22-Y-D,2020
8.326922789062495,25,SC-22-Y-D,2020
60.18500595312486,33,SC-22-Y-D,2020
5157.399218093768,3,SD-22-V-B,2020
2252.1022933826944,4,SD-22-V-B,2020
423.62025156249933,12,SD-22-V-B,2020
3656.4191866013985,15,SD-22-V-B,2020
4243.387597257787,18,SD-22-V-B,2020
16.409771843749994,25,SD-22-V-B,2020
133.98893830468757,33,SD-22-V-B,2020
1791.9482857188061,3,SD-22-V-D,2020
5708.88237824231,4,SD-22-V-D,2020
485.49422855468805,12,SD-22-V-D,2020
3138.4626837968167,15,SD-22-V-D,2020
2472.2758603592333,18,SD-22-V-D,2020
27.822464101562524,25,SD-22-V-D,2020
77.61777181249984,33,SD-22-V-D,2020
4624.430389593668,3,SC-22-Z-A,2020
3269.832705992289,4,SC-22-Z-A,2020
542.6817516562533,12,SC-22-Z-A,2020
2282.352950210983,15,SC-22-Z-A,2020
1052.2451996249813,18,SC-22-Z-A,2020
69.90991775781248,25,SC-22-Z-A,2020
288.98138056250065,33,SC-22-Z-A,2020
6249.3475072269575,3,SC-22-X-C,2020
2184.448106007829,4,SC-22-X-C,2020
360.85182717187513,12,SC-22-X-C,2020
6705.903029969737,15,SC-22-X-C,2020
1505.1316653593833,18,SC-22-X-C,2020
74.35578169531259,25,SC-22-X-C,2020
230.31325346874996,33,SC-22-X-C,2020
10123.246304539947,3,SC-22-V-D,2020
491.68033932031057,4,SC-22-V-D,2020
206.65386562500157,12,SC-22-V-D,2020
7019.670065843561,15,SC-22-V-D,2020
231.11057397656188,18,SC-22-V-D,2020
146.43648595312493,33,SC-22-V-D,2020
1979.216383023492,3,SC-22-X-D,2020
8563.317315055237,4,SC-22-X-D,2020
921.2093860703001,12,SC-22-X-D,2020
5145.457327774102,15,SC-22-X-D,2020
896.7763028359205,18,SC-22-X-D,2020
71.34819509375004,25,SC-22-X-D,2020
158.33442556250031,33,SC-22-X-D,2020
2996.072901203054,3,SE-21-V-B,2020
3065.463875390642,4,SE-21-V-B,2020
5296.210325023398,12,SE-21-V-B,2020
3692.4405110468974,15,SE-21-V-B,2020
66.87536067187506,18,SE-21-V-B,2020
39.467321765624924,25,SE-21-V-B,2020
408.434851515625,33,SE-21-V-B,2020
472.35108813281136,3,SE-21-V-A,2020
779.6040606015896,4,SE-21-V-A,2020
317.61763174219107,12,SE-21-V-A,2020
3478.4251413359743,15,SE-21-V-A,2020
33.267011515624965,18,SE-21-V-A,2020
23.20672863281254,33,SE-21-V-A,2020
2194.3999783437866,3,SD-21-Y-C,2020
3278.5898398751815,4,SD-21-Y-C,2020
339.55483500781185,12,SD-21-Y-C,2020
11275.833395287254,15,SD-21-Y-C,2020
296.76195708593775,18,SD-21-Y-C,2020
35.31157475781254,25,SD-21-Y-C,2020
54.101518773437604,33,SD-21-Y-C,2020
4541.79994064079,3,SD-21-Y-D,2020
1831.0737671094264,4,SD-21-Y-D,2020
421.3829297031257,12,SD-21-Y-D,2020
10119.279350625582,15,SD-21-Y-D,2020
362.1825656640628,18,SD-21-Y-D,2020
49.941626195312494,25,SD-21-Y-D,2020
125.0306707812502,33,SD-21-Y-D,2020
32.50583747656251,3,SE-20-X-B,2020
90.4531836562491,4,SE-20-X-B,2020
4.556867906249999,12,SE-20-X-B,2020
457.2229408203131,15,SE-20-X-B,2020
1.6333459296875,18,SE-20-X-B,2020
2.0631605,33,SE-20-X-B,2020
524.9448139062495,3,SD-20-Z-D,2020
925.8568133671874,4,SD-20-Z-D,2020
45.728876078125026,12,SD-20-Z-D,2020
1759.9610333906705,15,SD-20-Z-D,2020
13.877467414062503,18,SD-20-Z-D,2020
80.08937709374999,33,SD-20-Z-D,2020
1484.4762193905956,3,SD-20-Z-B,2020
251.93932927343604,4,SD-20-Z-B,2020
466.34564360937645,12,SD-20-Z-B,2020
1676.5273717812513,15,SD-20-Z-B,2020
338.81133856250085,18,SD-20-Z-B,2020
44.54368955468748,33,SD-20-Z-B,2020
3749.2933102658294,3,SD-21-Y-A,2020
4511.453961921951,4,SD-21-Y-A,2020
5607.1478208677345,12,SD-21-Y-A,2020
3047.3537650391804,15,SD-21-Y-A,2020
804.4425643203137,18,SD-21-Y-A,2020
58.71571188281259,25,SD-21-Y-A,2020
32.79823699999996,33,SD-21-Y-A,2020
2993.945655914207,3,SD-21-Y-B,2020
2594.78375407029,4,SD-21-Y-B,2020
3108.9948786015766,12,SD-21-Y-B,2020
4749.918623538594,15,SD-21-Y-B,2020
3989.7958305078782,18,SD-21-Y-B,2020
69.28290712500018,25,SD-21-Y-B,2020
50.289053859374945,33,SD-21-Y-B,2020
5754.795451015456,3,SD-21-V-D,2020
2570.912039101542,4,SD-21-V-D,2020
2104.09179378911,12,SD-21-V-D,2020
1134.7978069999663,15,SD-21-V-D,2020
6248.258472843458,18,SD-21-V-D,2020
50.443218,25,SD-21-V-D,2020
8.443717953125002,33,SD-21-V-D,2020
7294.016670851281,3,SD-21-X-C,2020
929.1793981640577,4,SD-21-X-C,2020
108.97730530468733,12,SD-21-X-C,2020
1526.6371238516085,15,SD-21-X-C,2020
7843.616509109015,18,SD-21-X-C,2020
93.36104135156215,25,SD-21-X-C,2020
33.592800179687494,33,SD-21-X-C,2020
3880.78550327356,3,SD-21-Z-A,2020
6422.727543187201,4,SD-21-Z-A,2020
108.17266963281166,12,SD-21-Z-A,2020
3843.8288079533,15,SD-21-Z-A,2020
2837.097135124881,18,SD-21-Z-A,2020
93.82848114843756,25,SD-21-Z-A,2020
266.80523174999695,33,SD-21-Z-A,2020
2949.72604473444,3,SD-21-Z-C,2020
8508.886601844386,4,SD-21-Z-C,2020
235.72020157812426,12,SD-21-Z-C,2020
4859.733363640854,15,SD-21-Z-C,2020
166.15405687499938,18,SD-21-Z-C,2020
370.14345453906185,25,SD-21-Z-C,2020
166.99328071093774,33,SD-21-Z-C,2020
6227.804548515115,3,SD-21-X-A,2020
372.4148601328125,4,SD-21-X-A,2020
44.247497734374974,12,SD-21-X-A,2020
1367.3089942812799,15,SD-21-X-A,2020
9814.241326999329,18,SD-21-X-A,2020
87.74309695312486,25,SD-21-X-A,2020
85.48065941406252,33,SD-21-X-A,2020
11334.956388882058,3,SD-21-V-B,2020
1203.558641320312,4,SD-21-V-B,2020
161.82734776562518,12,SD-21-V-B,2020
2678.0822007811053,15,SD-21-V-B,2020
2568.368710523357,18,SD-21-V-B,2020
18.688456132812483,25,SD-21-V-B,2020
36.43416655468749,33,SD-21-V-B,2020
10004.282658756825,3,SC-21-Y-D,2020
19.6306792890625,12,SC-21-Y-D,2020
6463.000273171831,15,SC-21-Y-D,2020
1436.407743804706,18,SC-21-Y-D,2020
16.48841082031252,25,SC-21-Y-D,2020
139.81641949218766,33,SC-21-Y-D,2020
9312.256585248995,3,SC-21-Z-C,2020
57.61478205468755,4,SC-21-Z-C,2020
134.06668027343736,12,SC-21-Z-C,2020
2576.848983742214,15,SC-21-Z-C,2020
5774.416614585723,18,SC-21-Z-C,2020
60.493817257812545,25,SC-21-Z-C,2020
187.6014712656252,33,SC-21-Z-C,2020
8957.610313282525,3,SC-21-Z-A,2020
40.76252762499996,4,SC-21-Z-A,2020
506.4153912500002,12,SC-21-Z-A,2020
7833.814745143546,15,SC-21-Z-A,2020
646.5595945390655,18,SC-21-Z-A,2020
5.366061351562501,25,SC-21-Z-A,2020
178.31832447656274,33,SC-21-Z-A,2020
11051.295297265506,3,SC-21-X-C,2020
9.268554476562498,4,SC-21-X-C,2020
99.35091446093747,12,SC-21-X-C,2020
6468.370620086646,15,SC-21-X-C,2020
288.0853873437493,18,SC-21-X-C,2020
31.89772213281244,25,SC-21-X-C,2020
277.67629856249704,33,SC-21-X-C,2020
11434.928431313205,3,SC-21-Y-B,2020
15.644313015624991,4,SC-21-Y-B,2020
324.9235884140658,12,SC-21-Y-B,2020
6164.285599025156,15,SC-21-Y-B,2020
8.702052984375003,18,SC-21-Y-B,2020
2.287644421875,25,SC-21-Y-B,2020
188.43869117187504,33,SC-21-Y-B,2020
13798.146042273582,3,SC-21-Y-C,2020
80.07662564843773,4,SC-21-Y-C,2020
40.89110710937494,12,SC-21-Y-C,2020
4134.564501820237,15,SC-21-Y-C,2020
27.9547939140625,18,SC-21-Y-C,2020
20.42987978906253,25,SC-21-Y-C,2020
10.168296359375002,33,SC-21-Y-C,2020
12891.68837187647,3,SC-21-Y-A,2020
6.156727812499998,4,SC-21-Y-A,2020
173.57771531250012,12,SC-21-Y-A,2020
5029.456675282558,15,SC-21-Y-A,2020
37.43195344531251,18,SC-21-Y-A,2020
9.945928960937485,25,SC-21-Y-A,2020
23.92980243749997,33,SC-21-Y-A,2020
16060.048221032117,3,SC-20-Z-B,2020
5.274676593750001,4,SC-20-Z-B,2020
27.966640554687483,12,SC-20-Z-B,2020
2001.5150023124993,15,SC-20-Z-B,2020
1.5826771171875,18,SC-20-Z-B,2020
42.384349851562455,33,SC-20-Z-B,2020
10654.949040662734,3,SC-20-Z-D,2020
121.20990390625019,4,SC-20-Z-D,2020
531.9816675859361,12,SC-20-Z-D,2020
6630.13779933564,15,SC-20-Z-D,2020
23.918791156249995,18,SC-20-Z-D,2020
51.09605432812495,25,SC-20-Z-D,2020
50.91936057031255,33,SC-20-Z-D,2020
9496.446010249216,3,SD-20-X-B,2020
629.2314032968734,4,SD-20-X-B,2020
517.4619261093732,12,SD-20-X-B,2020
6102.1908905702385,15,SD-20-X-B,2020
1087.7504444453152,18,SD-20-X-B,2020
88.05921517968765,25,SD-20-X-B,2020
77.63983533593772,33,SD-20-X-B,2020
5604.874126320157,3,SD-20-X-D,2020
1177.1357274765398,4,SD-20-X-D,2020
290.3142222343759,12,SD-20-X-D,2020
4274.575518765373,15,SD-20-X-D,2020
1535.3719098828615,18,SD-20-X-D,2020
20.119458164062465,25,SD-20-X-D,2020
74.77322881249997,33,SD-20-X-D,2020
9666.075471960174,3,SD-21-V-A,2020
7318.864063358986,4,SD-21-V-A,2020
153.55427408593738,12,SD-21-V-A,2020
330.6117740390623,15,SD-21-V-A,2020
499.7245144218721,18,SD-21-V-A,2020
45.04437329687498,25,SD-21-V-A,2020
21.67138732031252,33,SD-21-V-A,2020
5990.516168148582,3,SD-21-V-C,2020
4444.3121741172845,4,SD-21-V-C,2020
919.8875089687364,12,SD-21-V-C,2020
1145.4750492890616,15,SD-21-V-C,2020
5206.834502663721,18,SD-21-V-C,2020
62.52994632031242,25,SD-21-V-C,2020
18.45687302343749,33,SD-21-V-C,2020
1263.6225646405778,3,SD-20-X-C,2020
1742.6361387735083,4,SD-20-X-C,2020
595.2939253828097,12,SD-20-X-C,2020
136.6477746874993,15,SD-20-X-C,2020
4.439050554687501,18,SD-20-X-C,2020
122.88771285937416,33,SD-20-X-C,2020
4747.0231002420815,3,SD-20-V-B,2020
3.2322372421875,4,SD-20-V-B,2020
974.7705684218798,12,SD-20-V-B,2020
3583.9810187109133,15,SD-20-V-B,2020
3.2366249609375015,18,SD-20-V-B,2020
14.513595796874991,25,SD-20-V-B,2020
137.98955429687493,33,SD-20-V-B,2020
10898.030859586226,3,SD-20-X-A,2020
171.15946367968743,4,SD-20-X-A,2020
1905.1466761796755,12,SD-20-X-A,2020
4510.3095109842925,15,SD-20-X-A,2020
141.49010135937522,18,SD-20-X-A,2020
3.9351928671875003,25,SD-20-X-A,2020
55.75779577343751,33,SD-20-X-A,2020
4814.900900390423,3,SC-20-Z-C,2020
3.0692329531249993,4,SC-20-Z-C,2020
454.1991835312477,12,SC-20-Z-C,2020
12562.943472069728,15,SC-20-Z-C,2020
163.70775610937505,18,SC-20-Z-C,2020
61.59970457812497,25,SC-20-Z-C,2020
50.40750617968746,33,SC-20-Z-C,2020
5325.539179018115,3,SC-20-Z-A,2020
0.967268546875,4,SC-20-Z-A,2020
58.37181775000025,12,SC-20-Z-A,2020
12628.983011087828,15,SC-20-Z-A,2020
4.663971242187501,18,SC-20-Z-A,2020
75.74641703906241,25,SC-20-Z-A,2020
77.73985300781247,33,SC-20-Z-A,2020
9845.794422828763,3,SC-20-Y-B,2020
3.426574046874999,4,SC-20-Y-B,2020
129.6390519609373,12,SC-20-Y-B,2020
8100.564169602979,15,SC-20-Y-B,2020
8.715084718750003,18,SC-20-Y-B,2020
26.40160611718746,25,SC-20-Y-B,2020
56.50303028906237,33,SC-20-Y-B,2020
14788.328005491105,3,SC-20-Y-D,2020
34.10258667187508,4,SC-20-Y-D,2020
1088.7509941172118,12,SC-20-Y-D,2020
2143.5786671718292,15,SC-20-Y-D,2020
34.331017140624894,18,SC-20-Y-D,2020
2.977275625,25,SC-20-Y-D,2020
18.496769617187503,33,SC-20-Y-D,2020
479.24617677343673,3,SD-20-V-A,2020
0.1748711328125,4,SD-20-V-A,2020
120.59466283593815,12,SD-20-V-A,2020
51.42583865625009,15,SD-20-V-A,2020
58.24253482031242,33,SD-20-V-A,2020
8146.103954436999,3,SC-20-Y-C,2020
7.7177748046875,4,SC-20-Y-C,2020
324.7870492812477,12,SC-20-Y-C,2020
174.40445534375,15,SC-20-Y-C,2020
162.4043939765623,33,SC-20-Y-C,2020
6253.622051360295,3,SC-20-Y-A,2020
6.503628515625001,4,SC-20-Y-A,2020
96.31289235156216,12,SC-20-Y-A,2020
3690.1545052107263,15,SC-20-Y-A,2020
21.09433433593751,25,SC-20-Y-A,2020
102.88210025000001,33,SC-20-Y-A,2020
10399.118429247528,3,SB-23-V-D,2021
2577.154815500153,4,SB-23-V-D,2021
357.86050137501144,12,SB-23-V-D,2021
4425.316196961604,15,SB-23-V-D,2021
118.39573579687477,18,SB-23-V-D,2021
132.65799196875008,25,SB-23-V-D,2021
2.7596703671875,33,SB-23-V-D,2021
9740.592969296802,3,SB-23-X-A,2021
1936.9041436953707,4,SB-23-X-A,2021
214.42043919531264,12,SB-23-X-A,2021
5610.542089195386,15,SB-23-X-A,2021
1.8710988828125,18,SB-23-X-A,2021
127.82113207812517,25,SB-23-X-A,2021
57.507880390625,33,SB-23-X-A,2021
7485.877206820372,3,SB-23-V-B,2021
4.276310578124999,4,SB-23-V-B,2021
6.59895325,12,SB-23-V-B,2021
10207.788915765606,15,SB-23-V-B,2021
407.3810438906263,18,SB-23-V-B,2021
42.246527874999984,25,SB-23-V-B,2021
24.784281609375,33,SB-23-V-B,2021
7220.0163675164085,3,SA-23-Y-D,2021
8.655107562499998,4,SA-23-Y-D,2021
255.45071761718842,12,SA-23-Y-D,2021
10278.431718962838,15,SA-23-Y-D,2021
4.193685273437501,18,SA-23-Y-D,2021
67.36725833593763,25,SA-23-Y-D,2021
534.7315165390662,33,SA-23-Y-D,2021
9597.963407017098,3,SA-23-Z-C,2021
1992.4479590155818,4,SA-23-Z-C,2021
569.9800004843721,12,SA-23-Z-C,2021
3672.928877406141,15,SA-23-Z-C,2021
57.47704070312504,18,SA-23-Z-C,2021
69.87480266406257,25,SA-23-Z-C,2021
839.6672562812603,33,SA-23-Z-C,2021
3966.3957881170936,3,SA-23-Z-B,2021
1894.2967125311707,4,SA-23-Z-B,2021
617.8295032734395,12,SA-23-Z-B,2021
28.930590046874997,15,SA-23-Z-B,2021
1209.3432651718824,25,SA-23-Z-B,2021
414.563976195305,33,SA-23-Z-B,2021
2065.985381023413,3,SA-23-X-C,2021
35.83590145312494,4,SA-23-X-C,2021
0.26811839062500004,12,SA-23-X-C,2021
33.595603507812505,15,SA-23-X-C,2021
2.8592143749999996,18,SA-23-X-C,2021
27.25638040624999,25,SA-23-X-C,2021
264.1525529374991,33,SA-23-X-C,2021
7232.011266038705,3,SA-23-Z-A,2021
677.5813312968796,4,SA-23-Z-A,2021
772.969495796872,12,SA-23-Z-A,2021
1281.782550820309,15,SA-23-Z-A,2021
11.3418884296875,18,SA-23-Z-A,2021
415.55940110937365,25,SA-23-Z-A,2021
2849.7293370938432,33,SA-23-Z-A,2021
8764.296685469333,3,SA-23-Y-B,2021
13.131422593750004,4,SA-23-Y-B,2021
310.8362809999985,12,SA-23-Y-B,2021
8947.065624335639,15,SA-23-Y-B,2021
14.294185601562484,18,SA-23-Y-B,2021
44.92761857031253,25,SA-23-Y-B,2021
331.11168164062536,33,SA-23-Y-B,2021
9338.573338116737,3,SA-23-V-D,2021
72.20421901562491,4,SA-23-V-D,2021
102.86924349218744,12,SA-23-V-D,2021
3985.5931021170054,15,SA-23-V-D,2021
42.62185240625001,18,SA-23-V-D,2021
46.91938413281241,25,SA-23-V-D,2021
717.107467867182,33,SA-23-V-D,2021
141.8550244062497,3,SA-23-V-B,2021
2.5922061093750006,12,SA-23-V-B,2021
13.676106890624975,15,SA-23-V-B,2021
2.860379367187499,25,SA-23-V-B,2021
30.659333117187565,33,SA-23-V-B,2021
960.6685994374922,3,NB-22-Y-D,2021
9.451544484375,4,NB-22-Y-D,2021
551.8606677890605,12,NB-22-Y-D,2021
157.38970665625035,15,NB-22-Y-D,2021
284.84761268749946,33,NB-22-Y-D,2021
9668.99433834558,3,NA-22-V-B,2021
9.366732960937501,4,NA-22-V-B,2021
2064.293416328086,12,NA-22-V-B,2021
291.07051642968656,15,NA-22-V-B,2021
0.2677565078125,18,NA-22-V-B,2021
290.51125427343663,33,NA-22-V-B,2021
0.17855575,3,NA-22-X-A,2021
0.53566703125,33,NA-22-X-A,2021
1191.9147977499645,3,NA-22-X-C,2021
6.521116476562498,4,NA-22-X-C,2021
1342.2708641484433,12,NA-22-X-C,2021
24.38492946093749,15,NA-22-X-C,2021
2.0544995625,18,NA-22-X-C,2021
3.930588382812498,25,NA-22-X-C,2021
361.0957157578096,33,NA-22-X-C,2021
3971.9930272421207,3,NA-22-Z-A,2021
26.54177059375001,4,NA-22-Z-A,2021
7374.1298385857035,12,NA-22-Z-A,2021
31.725762414062515,15,NA-22-Z-A,2021
54.42756730468767,18,NA-22-Z-A,2021
2.144815515625001,25,NA-22-Z-A,2021
989.3405463437512,33,NA-22-Z-A,2021
3479.7104647109763,3,SA-23-V-A,2021
0.089390671875,4,SA-23-V-A,2021
200.14018579687476,12,SA-23-V-A,2021
1247.0427159609594,15,SA-23-V-A,2021
4.558721453125,18,SA-23-V-A,2021
64.7185644999999,25,SA-23-V-A,2021
567.8039432031276,33,SA-23-V-A,2021
19.935637882812493,3,NA-22-Z-D,2021
0.715179875,4,NA-22-Z-D,2021
79.92135327343766,12,NA-22-Z-D,2021
138.3868999453123,33,NA-22-Z-D,2021
1521.3201039844066,3,SA-22-X-B,2021
70.97676191406232,4,SA-22-X-B,2021
8739.018312031514,12,SA-22-X-B,2021
341.2805928203126,15,SA-22-X-B,2021
2.6816849453125005,18,SA-22-X-B,2021
27.53180835156251,25,SA-22-X-B,2021
2650.0935526563244,33,SA-22-X-B,2021
5162.468514468905,3,NA-22-Z-C,2021
82.5998440234375,4,NA-22-Z-C,2021
4013.465842179845,12,NA-22-Z-C,2021
456.97835985156314,15,NA-22-Z-C,2021
125.24142359374933,18,NA-22-Z-C,2021
1.3408661718750003,25,NA-22-Z-C,2021
4145.787624085968,33,NA-22-Z-C,2021
12928.585998537797,3,SA-22-X-A,2021
93.23965328125004,4,SA-22-X-A,2021
2077.2029978593596,12,SA-22-X-A,2021
63.914489882812546,15,SA-22-X-A,2021
1.3409537187500002,18,SA-22-X-A,2021
2.3242254296875,25,SA-22-X-A,2021
3238.444424155952,33,SA-22-X-A,2021
14513.213249540726,3,NA-22-Y-D,2021
18.951283179687536,4,NA-22-Y-D,2021
2374.3066794765564,12,NA-22-Y-D,2021
465.2072501953165,15,NA-22-Y-D,2021
28.338152218750043,18,NA-22-Y-D,2021
114.24673257812577,25,NA-22-Y-D,2021
208.10311870312523,33,NA-22-Y-D,2021
14690.122632231056,3,SA-22-V-B,2021
22.527658531250008,4,SA-22-V-B,2021
1271.6407690546378,12,SA-22-V-B,2021
261.02245556250114,15,SA-22-V-B,2021
1.1620497734375002,18,SA-22-V-B,2021
43.357239765624776,25,SA-22-V-B,2021
1953.1571525703039,33,SA-22-V-B,2021
17639.257690449092,3,SA-22-V-A,2021
0.089395234375,4,SA-22-V-A,2021
39.95794848437502,12,SA-22-V-A,2021
136.1373261328127,15,SA-22-V-A,2021
5.005766375,18,SA-22-V-A,2021
9.028199656249999,25,SA-22-V-A,2021
127.20696701562474,33,SA-22-V-A,2021
18395.309354752033,3,NA-22-Y-C,2021
2.145499671875,12,NA-22-Y-C,2021
1.0727108593749999,15,NA-22-Y-C,2021
0.715111015625,18,NA-22-Y-C,2021
73.5712498515624,33,NA-22-Y-C,2021
17784.656204000945,3,NA-22-Y-B,2021
0.446893828125,4,NA-22-Y-B,2021
619.1351175624895,12,NA-22-Y-B,2021
28.422153835937458,15,NA-22-Y-B,2021
2.94948165625,18,NA-22-Y-B,2021
3.485975570312499,25,NA-22-Y-B,2021
26.992318429687472,33,NA-22-Y-B,2021
18427.389532649715,3,NA-22-Y-A,2021
7.7756813906249995,12,NA-22-Y-A,2021
1.2510644218749998,15,NA-22-Y-A,2021
0.9830324843750001,18,NA-22-Y-A,2021
29.94009718749999,33,NA-22-Y-A,2021
17956.516515923042,3,NA-22-V-D,2021
224.954189289062,12,NA-22-V-D,2021
11.967758765625002,15,NA-22-V-D,2021
1.071811734375,18,NA-22-V-D,2021
5.538271921874999,25,NA-22-V-D,2021
27.326572968749975,33,NA-22-V-D,2021
5558.250792898278,3,NA-22-V-C,2021
0.44659905468750005,12,NA-22-V-C,2021
0.17867334375,18,NA-22-V-C,2021
12.504222773437496,33,NA-22-V-C,2021
18336.33002679234,3,NA-21-Z-B,2021
1.9660101171875,4,NA-21-Z-B,2021
71.31191378906229,12,NA-21-Z-B,2021
1.5192179062500004,15,NA-21-Z-B,2021
2.4131345859374993,18,NA-21-Z-B,2021
20.018537218750005,33,NA-21-Z-B,2021
6775.123038226524,3,NA-21-X-D,2021
22.24238437499997,12,NA-21-X-D,2021
3.3944967109374997,15,NA-21-X-D,2021
0.17868264843749998,33,NA-21-X-D,2021
18377.34279878122,3,NA-21-Z-D,2021
1.4302660078125,4,NA-21-Z-D,2021
25.655736187500008,12,NA-21-Z-D,2021
2.5029823984375,15,NA-21-Z-D,2021
0.2681916171875,18,NA-21-Z-D,2021
32.35972206250005,33,NA-21-Z-D,2021
18300.205252645635,3,SA-21-X-B,2021
1.2514926249999998,4,SA-21-X-B,2021
107.26424246875038,12,SA-21-X-B,2021
26.011787265624992,15,SA-21-X-B,2021
0.17878922656250001,18,SA-21-X-B,2021
3.2179737265624997,33,SA-21-X-B,2021
18296.798352357044,3,SA-21-X-A,2021
1.16216384375,4,SA-21-X-A,2021
21.901992828125014,12,SA-21-X-A,2021
1.3409108437500001,15,SA-21-X-A,2021
151.16352537499958,33,SA-21-X-A,2021
17825.976135331795,3,NA-21-Z-C,2021
25.745099937499987,4,NA-21-Z-C,2021
499.6057473046831,12,NA-21-Z-C,2021
4.112121734374999,15,NA-21-Z-C,2021
115.14001824218703,33,NA-21-Z-C,2021
13194.200114117622,3,NA-21-Z-A,2021
15.638128289062498,4,NA-21-Z-A,2021
3929.2557475077206,12,NA-21-Z-A,2021
6.7914779609375,15,NA-21-Z-A,2021
17.248745335937503,33,NA-21-Z-A,2021
2026.7598056328538,3,NA-21-X-C,2021
1.8760513515625,4,NA-21-X-C,2021
881.2252361875118,12,NA-21-X-C,2021
6.699845320312496,15,NA-21-X-C,2021
0.44666474999999994,33,NA-21-X-C,2021
13258.24032129826,3,NA-21-Y-B,2021
0.35747637499999996,12,NA-21-Y-B,2021
1.7874563984374998,15,NA-21-Y-B,2021
18.411981320312496,33,NA-21-Y-B,2021
19.834327499999983,3,NA-21-V-D,2021
18409.791093543336,3,NA-21-Y-D,2021
3.486406249999999,12,NA-21-Y-D,2021
1.4302893359375,15,NA-21-Y-D,2021
24.941300531250015,33,NA-21-Y-D,2021
18313.786917152775,3,SA-21-V-B,2021
0.5363471171874999,4,SA-21-V-B,2021
22.16899442187498,12,SA-21-V-B,2021
9.475354000000003,15,SA-21-V-B,2021
93.68147696093766,33,SA-21-V-B,2021
18328.448893309378,3,SA-21-V-A,2021
15.106917249999997,12,SA-21-V-A,2021
2.1453372890624998,15,SA-21-V-A,2021
10.369417804687492,25,SA-21-V-A,2021
116.74336050781248,33,SA-21-V-A,2021
17557.564781439185,3,NA-21-Y-C,2021
5.452686210937499,4,NA-21-Y-C,2021
7.687301687499999,12,NA-21-Y-C,2021
821.0343813046642,15,NA-21-Y-C,2021
6.435856523437503,25,NA-21-Y-C,2021
74.46014296093784,33,NA-21-Y-C,2021
9508.752484170665,3,NA-21-Y-A,2021
0.6254431875,4,NA-21-Y-A,2021
110.07976532031196,12,NA-21-Y-A,2021
147.7475386796871,15,NA-21-Y-A,2021
7.329205992187502,33,NA-21-Y-A,2021
17771.416370168066,3,SA-20-X-B,2021
363.2195073750013,12,SA-20-X-B,2021
43.89374900000003,15,SA-20-X-B,2021
0.8939750000000001,18,SA-20-X-B,2021
48.538764671875015,25,SA-20-X-B,2021
179.50447703906133,33,SA-20-X-B,2021
14820.899725227371,3,NA-20-Z-D,2021
2.2346447499999997,4,NA-20-Z-D,2021
1813.225379335922,12,NA-20-Z-D,2021
1274.7934038515998,15,NA-20-Z-D,2021
0.625771296875,18,NA-20-Z-D,2021
7.7767172109375,25,NA-20-Z-D,2021
473.24990598437813,33,NA-20-Z-D,2021
13339.75663786643,3,NA-20-Z-B,2021
5.183356601562502,4,NA-20-Z-B,2021
2923.8873080154904,12,NA-20-Z-B,2021
1742.3690551015427,15,NA-20-Z-B,2021
0.1787411640625,18,NA-20-Z-B,2021
9.651411078125001,25,NA-20-Z-B,2021
409.3154491406248,33,NA-20-Z-B,2021
10092.906408641436,3,NA-20-X-D,2021
3.572385921875,4,NA-20-X-D,2021
4582.887876366936,12,NA-20-X-D,2021
3124.3263264452253,15,NA-20-X-D,2021
154.03071585156425,18,NA-20-X-D,2021
119.83301782031288,25,NA-20-X-D,2021
266.22280742968763,33,NA-20-X-D,2021
505.36981528124727,3,NA-21-V-C,2021
3.39368909375,4,NA-21-V-C,2021
910.3268017031027,12,NA-21-V-C,2021
45.99556949218739,15,NA-21-V-C,2021
10.89435296875,33,NA-21-V-C,2021
29.168766343750058,3,NA-21-V-A,2021
12.938596640624999,4,NA-21-V-A,2021
2605.9031160233476,12,NA-21-V-A,2021
31.500670578125018,15,NA-21-V-A,2021
10.618404187500001,18,NA-21-V-A,2021
6.246041859374998,25,NA-21-V-A,2021
40.511350203125026,33,NA-21-V-A,2021
1612.4120604609525,3,NA-20-X-B,2021
8.563218390625,4,NA-20-X-B,2021
15892.656715407835,12,NA-20-X-B,2021
359.4129878750032,15,NA-20-X-B,2021
215.48216555468863,18,NA-20-X-B,2021
304.2368010390678,33,NA-20-X-B,2021
2595.405409773478,3,NB-20-Z-D,2021
36.10856360156251,4,NB-20-Z-D,2021
10943.380277156708,12,NB-20-Z-D,2021
70.1610025859374,15,NB-20-Z-D,2021
2.674513609375,18,NB-20-Z-D,2021
3.2086375078125005,25,NB-20-Z-D,2021
21.483311554687486,33,NB-20-Z-D,2021
219.34826724999675,3,NB-21-Y-C,2021
5.3498329687499995,4,NB-21-Y-C,2021
1542.0220433828554,12,NB-21-Y-C,2021
21.757793687499998,15,NB-21-Y-C,2021
1.6942951093749996,18,NB-21-Y-C,2021
15.6917836953125,33,NB-21-Y-C,2021
1593.033309617245,3,NB-20-Z-B,2021
0.8905676171875001,4,NB-20-Z-B,2021
89.59232557812511,12,NB-20-Z-B,2021
2.582510890625,15,NB-20-Z-B,2021
7.746999382812498,33,NB-20-Z-B,2021
24.66968249218752,3,NB-21-Y-A,2021
0.6234099375,33,NB-21-Y-A,2021
2421.0131858747636,3,NB-20-Z-C,2021
0.4458504296875,12,NB-20-Z-C,2021
1.6942640546875,15,NB-20-Z-C,2021
1.0701479453125,33,NB-20-Z-C,2021
640.6591715937725,3,NB-20-Y-D,2021
3.3889230546875,15,NB-20-Y-D,2021
0.089176828125,33,NB-20-Y-D,2021
591.4807118671845,3,NB-20-Y-C,2021
2.4079285859375,15,NB-20-Y-C,2021
0.4458816953125,33,NB-20-Y-C,2021
171.78266916406324,3,NA-20-V-A,2021
1.15949853125,15,NA-20-V-A,2021
0.624332625,33,NA-20-V-A,2021
370.4885252109346,3,NA-19-X-D,2021
4.3777476718749995,12,NA-19-X-D,2021
0.8040876484375001,33,NA-19-X-D,2021
9522.545548258076,3,NA-20-V-D,2021
0.0893140078125,4,NA-20-V-D,2021
30.360930304687486,12,NA-20-V-D,2021
17.323781132812492,15,NA-20-V-D,2021
0.0893148984375,18,NA-20-V-D,2021
1.6074224687500003,33,NA-20-V-D,2021
14027.722599453042,3,NA-20-V-B,2021
4.3729477812500015,12,NA-20-V-B,2021
16.414499867187505,15,NA-20-V-B,2021
4.01495728125,25,NA-20-V-B,2021
47.11106317187495,33,NA-20-V-B,2021
16390.62675732621,3,NA-20-X-A,2021
8.207911085937502,4,NA-20-X-A,2021
506.8563951953139,12,NA-20-X-A,2021
457.8984894843788,15,NA-20-X-A,2021
0.0892294765625,18,NA-20-X-A,2021
113.88396285937509,33,NA-20-X-A,2021
17145.04087142546,3,NA-20-X-C,2021
6.250547796875001,12,NA-20-X-C,2021
1264.9162943593863,15,NA-20-X-C,2021
0.3572922734375,18,NA-20-X-C,2021
39.826719578124965,33,NA-20-X-C,2021
15645.43321460743,3,NA-20-Y-B,2021
0.17875896875000002,4,NA-20-Y-B,2021
67.65917397656247,12,NA-20-Y-B,2021
18.589206578124998,15,NA-20-Y-B,2021
38.25384695312496,33,NA-20-Y-B,2021
16874.916428524743,3,NA-20-Z-A,2021
1.1618369609375,4,NA-20-Z-A,2021
1350.4927159686956,12,NA-20-Z-A,2021
51.82942722656242,15,NA-20-Z-A,2021
0.7149141484375001,18,NA-20-Z-A,2021
186.70479607031322,33,NA-20-Z-A,2021
12761.490725069532,3,NA-20-Z-C,2021
0.8045478906250001,4,NA-20-Z-C,2021
4244.7927820707555,12,NA-20-Z-C,2021
4.558792734375001,15,NA-20-Z-C,2021
0.17877277343749998,18,NA-20-Z-C,2021
1.6091273593750002,25,NA-20-Z-C,2021
1383.4827321875016,33,NA-20-Z-C,2021
16151.487196831726,3,SA-20-X-A,2021
0.178784,4,SA-20-X-A,2021
991.8208820155897,12,SA-20-X-A,2021
46.12487200781247,15,SA-20-X-A,2021
2.0558550390625006,25,SA-20-X-A,2021
1128.6455367890521,33,SA-20-X-A,2021
15448.351336226071,3,SA-20-V-B,2021
0.268187953125,4,SA-20-V-B,2021
1471.952827445249,12,SA-20-V-B,2021
7.2407781484375,15,SA-20-V-B,2021
1481.7090869765582,33,SA-20-V-B,2021
15559.000901413054,3,NA-20-Y-D,2021
0.9833366171875,4,NA-20-Y-D,2021
2729.8379339530393,12,NA-20-Y-D,2021
11.799532507812504,15,NA-20-Y-D,2021
156.97813717968756,33,NA-20-Y-D,2021
17226.93272859023,3,SA-20-V-A,2021
0.7151216484375,4,SA-20-V-A,2021
314.47985751562675,12,SA-20-V-A,2021
20.82905829687502,15,SA-20-V-A,2021
2.2348807109375,25,SA-20-V-A,2021
805.8030677968668,33,SA-20-V-A,2021
17307.826140603687,3,NA-20-Y-C,2021
50.41788620312499,12,NA-20-Y-C,2021
5.989358343749997,15,NA-20-Y-C,2021
22.169530562500007,33,NA-20-Y-C,2021
2021.6895126642687,3,NA-20-Y-A,2021
4.468932468749998,12,NA-20-Y-A,2021
2.32387765625,15,NA-20-Y-A,2021
3.396356507812499,33,NA-20-Y-A,2021
5380.7345526884,3,NA-19-Z-B,2021
9.025740101562501,12,NA-19-Z-B,2021
3.038436984375,15,NA-19-Z-B,2021
58.988043703125,33,NA-19-Z-B,2021
16722.682013404614,3,NA-19-Z-D,2021
0.178791078125,4,NA-19-Z-D,2021
134.89344010937484,12,NA-19-Z-D,2021
10.816691742187498,15,NA-19-Z-D,2021
298.0335451484368,33,NA-19-Z-D,2021
17910.69667504498,3,SA-19-X-B,2021
0.089390875,4,SA-19-X-B,2021
73.74874696093742,12,SA-19-X-B,2021
23.332609234375035,15,SA-19-X-B,2021
6.257811312500001,25,SA-19-X-B,2021
458.4205209687493,33,SA-19-X-B,2021
18322.007925629154,3,SA-19-X-A,2021
0.2681888984375,4,SA-19-X-A,2021
26.282087523437507,12,SA-19-X-A,2021
0.3575898359375,15,SA-19-X-A,2021
90.7332977812508,33,SA-19-X-A,2021
17947.532615299864,3,NA-19-Z-C,2021
4.559059890624999,4,NA-19-Z-C,2021
188.70774656249853,12,NA-19-Z-C,2021
4.648586593750001,15,NA-19-Z-C,2021
294.2010813125018,33,NA-19-Z-C,2021
15282.396107181303,3,NA-19-Z-A,2021
30.205643179687495,12,NA-19-Z-A,2021
6.881692070312503,15,NA-19-Z-A,2021
97.14505775000016,33,NA-19-Z-A,2021
9219.388067608155,3,SA-19-V-B,2021
6.4364503671875,12,SA-19-V-B,2021
2.1454270859375004,15,SA-19-V-B,2021
15.911277421875004,33,SA-19-V-B,2021
8777.438594874748,3,NA-19-Y-D,2021
4.648404718749999,12,NA-19-Y-D,2021
31.556575390624978,15,NA-19-Y-D,2021
108.7014539921874,33,NA-19-Y-D,2021
7003.040631899612,3,NA-19-Y-B,2021
8.579057164062501,12,NA-19-Y-B,2021
18.498808859374993,15,NA-19-Y-B,2021
54.15926814843758,33,NA-19-Y-B,2021
231.21482853906303,3,NA-19-X-C,2021
0.357376796875,12,NA-19-X-C,2021
0.1786878984375,33,NA-19-X-C,2021
198.93183693749805,3,SC-19-Y-D,2021
0.35118725,15,SC-19-Y-D,2021
0.79012859375,33,SC-19-Y-D,2021
1404.641283156254,3,SC-19-Y-A,2021
0.8797398359375002,12,SC-19-Y-A,2021
0.7912295312500001,33,SC-19-Y-A,2021
16136.17319953124,3,SC-19-Y-B,2021
0.0878698828125,4,SC-19-Y-B,2021
23.396613687499986,12,SC-19-Y-B,2021
1336.118924640643,15,SC-19-Y-B,2021
1.6684821953124997,25,SC-19-Y-B,2021
40.523665390625006,33,SC-19-Y-B,2021
17956.25826914143,3,SC-19-V-D,2021
20.11440854687499,12,SC-19-V-D,2021
186.19345553125004,15,SC-19-V-D,2021
63.466345749999945,33,SC-19-V-D,2021
9595.49034944881,3,SC-19-Z-A,2021
6.599188421874999,12,SC-19-Z-A,2021
5494.675544524894,15,SC-19-Z-A,2021
43.13651092187476,25,SC-19-Z-A,2021
34.21159539843747,33,SC-19-Z-A,2021
11917.421796227092,3,SC-19-X-C,2021
29.728365039062506,12,SC-19-X-C,2021
6080.671037578271,15,SC-19-X-C,2021
83.00082412500005,25,SC-19-X-C,2021
83.19316890625001,33,SC-19-X-C,2021
133.9590886406253,3,SC-19-Z-C,2021
0.438975046875,12,SC-19-Z-C,2021
315.66167560155975,15,SC-19-Z-C,2021
8.9547616484375,25,SC-19-Z-C,2021
6.409017132812495,33,SC-19-Z-C,2021
550.1345685859453,3,SC-19-Z-B,2021
1.2324309375,12,SC-19-Z-B,2021
1836.9090082578762,15,SC-19-Z-B,2021
9.154819398437493,25,SC-19-Z-B,2021
10.827260398437499,33,SC-19-Z-B,2021
10944.604383399888,3,SC-19-X-D,2021
0.0882628125,4,SC-19-X-D,2021
7.233167609375,12,SC-19-X-D,2021
5970.77282210194,15,SC-19-X-D,2021
6.433857867187498,25,SC-19-X-D,2021
40.21132251562503,33,SC-19-X-D,2021
15810.888308677384,3,SC-19-X-B,2021
0.1767835390625,4,SC-19-X-B,2021
72.95575082031223,12,SC-19-X-B,2021
2287.4931956485043,15,SC-19-X-B,2021
5.391311710937501,25,SC-19-X-B,2021
98.96647830468736,33,SC-19-X-B,2021
17696.047686305974,3,SC-19-X-A,2021
14.40316628124999,12,SC-19-X-A,2021
458.28970381249917,15,SC-19-X-A,2021
74.32001228906286,33,SC-19-X-A,2021
17012.870342444916,3,SC-19-V-B,2021
14.3298545234375,12,SC-19-V-B,2021
1193.1356985703087,15,SC-19-V-B,2021
11.326362640625,25,SC-19-V-B,2021
44.2095705234375,33,SC-19-V-B,2021
18267.75175885401,3,SB-19-Z-C,2021
4.5219664609375005,12,SB-19-Z-C,2021
5.940116273437495,15,SB-19-Z-C,2021
57.817146414062684,33,SB-19-Z-C,2021
18019.74231531278,3,SB-19-Y-D,2021
22.427293375000005,12,SB-19-Y-D,2021
225.6719765390645,15,SB-19-Y-D,2021
2.393952570312501,25,SB-19-Y-D,2021
98.77392320312492,33,SB-19-Y-D,2021
17946.313632735073,3,SB-19-Z-D,2021
0.8861691796875,4,SB-19-Z-D,2021
71.16000218750007,12,SB-19-Z-D,2021
142.4893832343737,15,SB-19-Z-D,2021
2.4810928828125,25,SB-19-Z-D,2021
205.67918078124893,33,SB-19-Z-D,2021
18050.67243161497,3,SB-19-Z-A,2021
46.83289296874999,12,SB-19-Z-A,2021
29.50054381250003,15,SB-19-Z-A,2021
197.97329476562365,33,SB-19-Z-A,2021
18304.74314464126,3,SB-19-Z-B,2021
0.710614171875,12,SB-19-Z-B,2021
2.6633147968750004,15,SB-19-Z-B,2021
49.820685164062496,33,SB-19-Z-B,2021
18193.72897606353,3,SB-19-X-C,2021
25.17651400781247,12,SB-19-X-C,2021
4.359991671875002,15,SB-19-X-C,2021
134.45760734375017,33,SB-19-X-C,2021
18175.47071016243,3,SB-19-X-D,2021
38.818574078125025,12,SB-19-X-D,2021
14.514322445312477,15,SB-19-X-D,2021
161.93696997656326,33,SB-19-X-D,2021
18202.120134972407,3,SB-19-X-A,2021
1.247982421875,12,SB-19-X-A,2021
0.3566098515625,15,SB-19-X-A,2021
181.29655882031255,33,SB-19-X-A,2021
18094.143983859387,3,SB-19-X-B,2021
0.1781830078125,4,SB-19-X-B,2021
50.35108309375001,12,SB-19-X-B,2021
65.5699241406252,15,SB-19-X-B,2021
4.275973046874998,25,SB-19-X-B,2021
203.5687239609377,33,SB-19-X-B,2021
17902.700410173977,3,SB-19-Y-B,2021
68.11500876562508,12,SB-19-Y-B,2021
166.51794821875018,15,SB-19-Y-B,2021
6.039110382812503,25,SB-19-Y-B,2021
214.56528123437536,33,SB-19-Y-B,2021
18325.94114000448,3,SB-19-V-D,2021
2.581058703125,12,SB-19-V-D,2021
0.5337688125,15,SB-19-V-D,2021
61.68460914062496,33,SB-19-V-D,2021
15939.454079273764,3,SB-19-V-B,2021
0.0891526015625,4,SB-19-V-B,2021
115.9944143593742,12,SB-19-V-B,2021
81.93661740624982,15,SB-19-V-B,2021
18.990074859374992,25,SB-19-V-B,2021
484.2683977890612,33,SB-19-V-B,2021
17987.56480634606,3,SB-19-Y-C,2021
0.0887397578125,4,SB-19-Y-C,2021
23.138035070312498,12,SB-19-Y-C,2021
270.60645192187576,15,SB-19-Y-C,2021
2.5734646015625002,25,SB-19-Y-C,2021
85.03796330468748,33,SB-19-Y-C,2021
18146.114498671548,3,SB-19-Y-A,2021
30.185612546875,12,SB-19-Y-A,2021
86.816396320313,15,SB-19-Y-A,2021
94.82125124218697,33,SB-19-Y-A,2021
18311.164206983896,3,SB-19-V-C,2021
3.203613656249999,12,SB-19-V-C,2021
1.8677925000000002,15,SB-19-V-C,2021
74.50496351562488,33,SB-19-V-C,2021
11187.719201594959,3,SB-19-V-A,2021
1.9615769453124998,12,SB-19-V-A,2021
4.1006270859375,15,SB-19-V-A,2021
168.99999007812517,33,SB-19-V-A,2021
15942.617675856809,3,SB-18-Z-B,2021
4.087380984375,12,SB-18-Z-B,2021
7.369349140625001,15,SB-18-Z-B,2021
11.465561234374997,33,SB-18-Z-B,2021
11592.647470279626,3,SB-18-X-D,2021
8.899642421875004,12,SB-18-X-D,2021
1.4239162578124995,15,SB-18-X-D,2021
59.631793164062536,33,SB-18-X-D,2021
1397.1748488906337,3,SB-18-X-B,2021
0.6235206093750001,12,SB-18-X-B,2021
0.26726300000000003,15,SB-18-X-B,2021
36.79396774218749,33,SB-18-X-B,2021
16362.910662164863,3,SB-18-Z-D,2021
26.68090518750001,12,SB-18-Z-D,2021
1817.9080437656098,15,SB-18-Z-D,2021
41.389349531250055,25,SB-18-Z-D,2021
87.14202735156236,33,SB-18-Z-D,2021
15535.548149460277,3,SC-18-X-B,2021
28.482534125000008,12,SC-18-X-B,2021
467.0219888906179,15,SC-18-X-B,2021
4.0669608359375005,25,SC-18-X-B,2021
46.968915468749955,33,SC-18-X-B,2021
16772.633620016793,3,SC-19-V-A,2021
38.82188873437491,12,SC-19-V-A,2021
1371.1995278047061,15,SC-19-V-A,2021
7.081339179687494,25,SC-19-V-A,2021
86.13545296875,33,SC-19-V-A,2021
15629.761441664685,3,SC-19-V-C,2021
35.200636351562494,12,SC-19-V-C,2021
150.8637243906252,15,SC-19-V-C,2021
45.97173813281253,33,SC-19-V-C,2021
7079.663239438682,3,SC-18-X-D,2021
14.123941375,12,SC-18-X-D,2021
101.35790689843748,15,SC-18-X-D,2021
12.182278578125,33,SC-18-X-D,2021
369.1305649765637,3,SC-18-X-A,2021
3697.1348673982284,3,SB-18-Z-C,2021
1.0639920078125,12,SB-18-Z-C,2021
10.81671837499999,15,SB-18-Z-C,2021
0.5320453671875,33,SB-18-Z-C,2021
721.9838516250032,3,SB-18-Z-A,2021
0.5328116640625,12,SB-18-Z-A,2021
5474.633176530962,3,SA-19-V-D,2021
0.8042962265624999,12,SA-19-V-D,2021
0.8936962343749999,15,SA-19-V-D,2021
164.16063163281254,33,SA-19-V-D,2021
7551.457559905735,3,SA-19-Y-B,2021
5.000004109374999,12,SA-19-Y-B,2021
3.571379453124999,15,SA-19-Y-B,2021
147.95722322656212,33,SA-19-Y-B,2021
9451.27305282051,3,SA-19-Y-D,2021
0.0892716875,4,SA-19-Y-D,2021
81.46204857812509,12,SA-19-Y-D,2021
41.758330789062526,15,SA-19-Y-D,2021
332.8067801796863,33,SA-19-Y-D,2021
17988.5850099953,3,SA-19-Z-A,2021
48.304078703124944,12,SA-19-Z-A,2021
24.108070578125,15,SA-19-Z-A,2021
1.6072019843749996,25,SA-19-Z-A,2021
360.6520109921908,33,SA-19-Z-A,2021
17393.0824519122,3,SA-19-Z-C,2021
170.75108225781273,12,SA-19-Z-C,2021
119.42612356250025,15,SA-19-Z-C,2021
7.318987023437496,25,SA-19-Z-C,2021
716.2887327187535,33,SA-19-Z-C,2021
17890.261656463634,3,SA-19-Z-D,2021
111.44809439062458,12,SA-19-Z-D,2021
43.726214367187524,15,SA-19-Z-D,2021
1.5170404062499998,25,SA-19-Z-D,2021
382.84470097656185,33,SA-19-Z-D,2021
16635.36132731224,3,SA-19-Z-B,2021
0.0893363046875,4,SA-19-Z-B,2021
314.55074507031213,12,SA-19-Z-B,2021
179.41238819531262,15,SA-19-Z-B,2021
7.501754218749997,25,SA-19-Z-B,2021
1264.5505032421756,33,SA-19-Z-B,2021
17670.10598758473,3,SA-19-X-D,2021
0.178745125,4,SA-19-X-D,2021
143.77586670312527,12,SA-19-X-D,2021
6.433342007812499,15,SA-19-X-D,2021
0.6254544140624999,25,SA-19-X-D,2021
641.8415613359374,33,SA-19-X-D,2021
17904.547570626495,3,SA-19-X-C,2021
7.9539797031249995,12,SA-19-X-C,2021
0.3574362109375,15,SA-19-X-C,2021
521.3254136796816,33,SA-19-X-C,2021
17775.99377065819,3,SA-20-V-C,2021
0.1787651953125,4,SA-20-V-C,2021
196.2246808203116,12,SA-20-V-C,2021
4.5569482421875005,15,SA-20-V-C,2021
1.3402793906250001,25,SA-20-V-C,2021
446.14986076562457,33,SA-20-V-C,2021
16046.86918840801,3,SA-20-Y-A,2021
403.53350218749637,12,SA-20-Y-A,2021
170.40791242968757,15,SA-20-Y-A,2021
1.5177556250000002,25,SA-20-Y-A,2021
1668.0311246406027,33,SA-20-Y-A,2021
18386.921957406415,3,SA-20-Y-B,2021
23.92971651562502,12,SA-20-Y-B,2021
0.44648891406249996,15,SA-20-Y-B,2021
42.32570321093749,33,SA-20-Y-B,2021
18131.548599928155,3,SA-20-V-D,2021
182.15935897656334,12,SA-20-V-D,2021
0.3574928203125,15,SA-20-V-D,2021
151.12875049218744,33,SA-20-V-D,2021
15712.395599649664,3,SA-20-X-C,2021
201.25385690625075,12,SA-20-X-C,2021
35.12514067187504,15,SA-20-X-C,2021
0.089382453125,25,SA-20-X-C,2021
2445.185179726599,33,SA-20-X-C,2021
16888.1599324372,3,SA-20-X-D,2021
229.60406454687663,12,SA-20-X-D,2021
196.4219639531251,15,SA-20-X-D,2021
39.759389695312436,18,SA-20-X-D,2021
1.0722701796875,25,SA-20-X-D,2021
1075.3246973125013,33,SA-20-X-D,2021
18304.58247097849,3,SA-20-Z-A,2021
27.05478162499999,12,SA-20-Z-A,2021
7.857381937500001,15,SA-20-Z-A,2021
113.86141696874972,33,SA-20-Z-A,2021
16350.483060197708,3,SA-20-Z-B,2021
11.7890906796875,12,SA-20-Z-B,2021
235.57424767968695,15,SA-20-Z-B,2021
4.2883246484375,18,SA-20-Z-B,2021
35.80512207812504,25,SA-20-Z-B,2021
1772.9015063984905,33,SA-20-Z-B,2021
15872.997398047617,3,SA-20-Y-D,2021
0.35700146875000005,4,SA-20-Y-D,2021
680.7428062734376,12,SA-20-Y-D,2021
40.05731787500004,15,SA-20-Y-D,2021
1728.1015681250242,33,SA-20-Y-D,2021
16016.876562887288,3,SA-20-Z-C,2021
268.6308365000048,12,SA-20-Z-C,2021
154.2655173828133,15,SA-20-Z-C,2021
6.1552576328125,25,SA-20-Z-C,2021
1935.4263684921232,33,SA-20-Z-C,2021
12672.809620156479,3,SA-20-Z-D,2021
0.2675993203125,4,SA-20-Z-D,2021
498.510817054688,12,SA-20-Z-D,2021
1668.89864153904,15,SA-20-Z-D,2021
0.9816088750000002,18,SA-20-Z-D,2021
153.98360568750027,25,SA-20-Z-D,2021
3301.7344117736793,33,SA-20-Z-D,2021
16552.265993066005,3,SB-20-X-A,2021
0.089181171875,4,SB-20-X-A,2021
219.44111056249938,12,SB-20-X-A,2021
22.11043637500002,15,SB-20-X-A,2021
1589.2480089140445,33,SB-20-X-A,2021
17379.523388883266,3,SB-20-X-B,2021
1.9608409296875,4,SB-20-X-B,2021
407.744520632814,12,SB-20-X-B,2021
28.69713539843749,15,SB-20-X-B,2021
533.048797062504,33,SB-20-X-B,2021
16985.677119749722,3,SB-20-V-B,2021
88.16700553906244,12,SB-20-V-B,2021
41.55236569531241,15,SB-20-V-B,2021
9.185039351562509,25,SB-20-V-B,2021
1286.1071823125071,33,SB-20-V-B,2021
18319.33080773795,3,SB-20-V-A,2021
5.6158104453125,12,SB-20-V-A,2021
7.3095425078125,15,SB-20-V-A,2021
52.765125374999954,33,SB-20-V-A,2021
17164.086400491633,3,SA-20-Y-C,2021
0.1784885078125,4,SA-20-Y-C,2021
201.14606914843722,12,SA-20-Y-C,2021
180.35842749218708,15,SA-20-Y-C,2021
9.014252375,25,SA-20-Y-C,2021
809.7753367656233,33,SA-20-Y-C,2021
18072.392406930958,3,SB-20-V-C,2021
115.44155358593689,12,SB-20-V-C,2021
7.2928051015624975,15,SB-20-V-C,2021
162.59632346874938,33,SB-20-V-C,2021
17288.960213545797,3,SB-20-V-D,2021
0.711966765625,4,SB-20-V-D,2021
377.2531271406259,12,SB-20-V-D,2021
46.00669810937478,15,SB-20-V-D,2021
1.9575209843749997,25,SB-20-V-D,2021
675.8510501171854,33,SB-20-V-D,2021
18072.49375846722,3,SB-20-Y-A,2021
42.21222934375003,12,SB-20-Y-A,2021
4.3544068515625,15,SB-20-Y-A,2021
204.58725411718777,33,SB-20-Y-A,2021
17882.327863156872,3,SB-20-Y-B,2021
0.26625828125,4,SB-20-Y-B,2021
113.01482134375009,12,SB-20-Y-B,2021
146.94178171875018,15,SB-20-Y-B,2021
2.6651652421874994,25,SB-20-Y-B,2021
205.88300450781236,33,SB-20-Y-B,2021
16946.98672774924,3,SB-20-Y-D,2021
102.78380740625073,4,SB-20-Y-D,2021
742.2154646796787,12,SB-20-Y-D,2021
473.0343994609371,15,SB-20-Y-D,2021
9.396990859375,25,SB-20-Y-D,2021
64.37288464843753,33,SB-20-Y-D,2021
17444.91211178349,3,SB-20-Y-C,2021
3.7205406874999993,4,SB-20-Y-C,2021
346.9164679375033,12,SB-20-Y-C,2021
179.20591606249977,15,SB-20-Y-C,2021
6.297644070312503,25,SB-20-Y-C,2021
340.7013674062482,33,SB-20-Y-C,2021
17347.361665185606,3,SC-20-V-A,2021
4.776072140625,4,SC-20-V-A,2021
793.9063344765511,12,SC-20-V-A,2021
41.09733110156247,15,SC-20-V-A,2021
0.17681536718750002,18,SC-20-V-A,2021
55.65380393749993,33,SC-20-V-A,2021
10865.975703656617,3,SC-20-V-C,2021
7.319112593749995,4,SC-20-V-C,2021
128.16943912499949,12,SC-20-V-C,2021
4888.57611216412,15,SC-20-V-C,2021
10.32724603906249,18,SC-20-V-C,2021
28.84227797656252,25,SC-20-V-C,2021
343.2940167343757,33,SC-20-V-C,2021
8506.23930116529,3,SC-20-V-D,2021
1.5889535625,4,SC-20-V-D,2021
99.076154765625,12,SC-20-V-D,2021
8976.476911718994,15,SC-20-V-D,2021
241.16258899999994,18,SC-20-V-D,2021
87.79155724999985,25,SC-20-V-D,2021
313.78524448437605,33,SC-20-V-D,2021
13655.704092828382,3,SC-20-V-B,2021
6.550129109375,4,SC-20-V-B,2021
530.4323015468775,12,SC-20-V-B,2021
3075.6813228438177,15,SC-20-V-B,2021
23.070685812500002,18,SC-20-V-B,2021
121.16994666406194,25,SC-20-V-B,2021
809.491676703128,33,SC-20-V-B,2021
17173.070675475694,3,SB-20-Z-A,2021
3.2872951328125,4,SB-20-Z-A,2021
297.3191616093765,12,SB-20-Z-A,2021
221.025819945313,15,SB-20-Z-A,2021
611.7148101874948,33,SB-20-Z-A,2021
16908.24570476776,3,SB-20-Z-C,2021
4.697002156249999,4,SB-20-Z-C,2021
324.4627534921877,12,SB-20-Z-C,2021
765.83686217188,15,SB-20-Z-C,2021
3.0998059687500006,25,SB-20-Z-C,2021
353.71270674999903,33,SB-20-Z-C,2021
14253.081437673272,3,SC-20-X-A,2021
15.747077890625004,4,SC-20-X-A,2021
2813.4094616719667,12,SC-20-X-A,2021
1039.8873561797002,15,SC-20-X-A,2021
0.7074828124999999,18,SC-20-X-A,2021
151.18050052343776,33,SC-20-X-A,2021
9834.744323031833,3,SC-20-X-C,2021
0.17652625781249998,4,SC-20-X-C,2021
20.916772234375024,12,SC-20-X-C,2021
7985.390681492487,15,SC-20-X-C,2021
265.721678468747,18,SC-20-X-C,2021
27.51739124999998,25,SC-20-X-C,2021
92.1825692656249,33,SC-20-X-C,2021
15762.511349610653,3,SC-20-X-D,2021
48.7462897421875,4,SC-20-X-D,2021
88.83199998437475,12,SC-20-X-D,2021
2233.761397734369,15,SC-20-X-D,2021
1.6770927968749998,18,SC-20-X-D,2021
3.2658274453125005,25,SC-20-X-D,2021
53.984900390625015,33,SC-20-X-D,2021
16800.431856991072,3,SC-20-X-B,2021
25.102836679687492,4,SC-20-X-B,2021
949.0198897656276,12,SC-20-X-B,2021
370.9427923671889,15,SC-20-X-B,2021
1.5025475390624998,18,SC-20-X-B,2021
93.49752546093752,33,SC-20-X-B,2021
16722.447832148813,3,SB-20-Z-D,2021
1.8617197265624998,4,SB-20-Z-D,2021
133.95343384375022,12,SB-20-Z-D,2021
1329.9994857734353,15,SB-20-Z-D,2021
147.14779753124978,33,SB-20-Z-D,2021
17513.51062428283,3,SB-20-Z-B,2021
3.9968252031250002,4,SB-20-Z-B,2021
223.40914053906238,12,SB-20-Z-B,2021
411.35321682812497,15,SB-20-Z-B,2021
170.6666133671876,33,SB-20-Z-B,2021
17783.705010355072,3,SB-20-X-C,2021
0.1779206484375,4,SB-20-X-C,2021
185.6464629843748,12,SB-20-X-C,2021
31.400371109375023,15,SB-20-X-C,2021
381.984467523437,33,SB-20-X-C,2021
17002.464202136215,3,SB-20-X-D,2021
0.3558987734375,4,SB-20-X-D,2021
363.41564517187464,12,SB-20-X-D,2021
224.44292765624988,15,SB-20-X-D,2021
11.479822250000002,25,SB-20-X-D,2021
737.5015735781221,33,SB-20-X-D,2021
17997.0950889939,3,SB-21-V-C,2021
0.0890419765625,4,SB-21-V-C,2021
19.84838,12,SB-21-V-C,2021
105.57992207812458,15,SB-21-V-C,2021
268.1281436093749,33,SB-21-V-C,2021
16923.709701378582,3,SB-21-V-A,2021
4.5456671328125005,4,SB-21-V-A,2021
199.3874891328124,12,SB-21-V-A,2021
215.46653892187564,15,SB-21-V-A,2021
5.0811885078125005,25,SB-21-V-A,2021
1043.1552687343758,33,SB-21-V-A,2021
18091.364143517887,3,SB-21-V-B,2021
0.6237590078125,4,SB-21-V-B,2021
49.9270446015625,12,SB-21-V-B,2021
9.0039174921875,15,SB-21-V-B,2021
4.721275312499998,25,SB-21-V-B,2021
229.3811461328124,33,SB-21-V-B,2021
17777.452701074257,3,SB-21-V-D,2021
5.516707492187502,12,SB-21-V-D,2021
155.23181387499915,15,SB-21-V-D,2021
70.21837594531247,25,SB-21-V-D,2021
349.3034907031224,33,SB-21-V-D,2021
17206.762338065342,3,SB-21-Y-A,2021
3.285231046875,4,SB-21-Y-A,2021
64.56289275000012,12,SB-21-Y-A,2021
1037.3978549375006,15,SB-21-Y-A,2021
45.92944197656245,33,SB-21-Y-A,2021
17115.291345129357,3,SB-21-Y-B,2021
12.340356734374996,4,SB-21-Y-B,2021
304.41664842968817,12,SB-21-Y-B,2021
422.1412855000007,15,SB-21-Y-B,2021
37.86513316406246,25,SB-21-Y-B,2021
431.85906876562456,33,SB-21-Y-B,2021
16875.60706929856,3,SB-21-Y-C,2021
3.013801687500001,4,SB-21-Y-C,2021
41.219441429687485,12,SB-21-Y-C,2021
1426.0244176249394,15,SB-21-Y-C,2021
4.524288218750002,25,SB-21-Y-C,2021
18.53171560156249,33,SB-21-Y-C,2021
12938.268684906658,3,SC-21-V-C,2021
0.352747625,4,SC-21-V-C,2021
17.723630921875,12,SC-21-V-C,2021
5142.981712141038,15,SC-21-V-C,2021
1.7628349453125003,18,SC-21-V-C,2021
16.13659387499997,25,SC-21-V-C,2021
109.5120363671876,33,SC-21-V-C,2021
18204.6148581804,3,SC-21-V-A,2021
0.2654490859375,4,SC-21-V-A,2021
9.374219890625001,12,SC-21-V-A,2021
6.631153492187497,15,SC-21-V-A,2021
54.809228999999945,33,SC-21-V-A,2021
17541.77429478238,3,SC-21-V-B,2021
4.601855328125,4,SC-21-V-B,2021
304.7997518828125,12,SC-21-V-B,2021
111.73096729687495,15,SC-21-V-B,2021
0.971957203125,18,SC-21-V-B,2021
278.8278067500013,33,SC-21-V-B,2021
12100.293961648762,3,SC-21-V-D,2021
3.084588851562499,4,SC-21-V-D,2021
40.30986439843754,12,SC-21-V-D,2021
5827.11185955484,15,SC-21-V-D,2021
8.98716568750001,18,SC-21-V-D,2021
13.661112484375016,25,SC-21-V-D,2021
200.47833852343766,33,SC-21-V-D,2021
16897.38618171205,3,SB-21-Y-D,2021
16.672068874999994,4,SB-21-Y-D,2021
976.6338366406226,12,SB-21-Y-D,2021
102.50979602343747,15,SB-21-Y-D,2021
33.972346703125,25,SB-21-Y-D,2021
302.2059844140623,33,SB-21-Y-D,2021
16344.194327175193,3,SB-21-Z-A,2021
0.26658785937499996,4,SB-21-Z-A,2021
15.015273992187486,12,SB-21-Z-A,2021
1757.4615636484184,15,SB-21-Z-A,2021
1.7765372109375002,18,SB-21-Z-A,2021
151.80182372656196,25,SB-21-Z-A,2021
87.42164516406231,33,SB-21-Z-A,2021
16999.508611165536,3,SB-21-Z-C,2021
5.668849570312499,4,SB-21-Z-C,2021
46.4203341250001,12,SB-21-Z-C,2021
1183.4413212656102,15,SB-21-Z-C,2021
1.4192811875,18,SB-21-Z-C,2021
119.60135124999996,25,SB-21-Z-C,2021
12.9497124375,33,SB-21-Z-C,2021
17109.165762345896,3,SC-21-X-A,2021
94.55232657812508,4,SC-21-X-A,2021
864.8821869062674,12,SC-21-X-A,2021
199.13903775781304,15,SC-21-X-A,2021
1.7683797890624997,18,SC-21-X-A,2021
4.6832329999999995,33,SC-21-X-A,2021
14108.36626357146,3,SC-21-X-B,2021
290.9868247109406,4,SC-21-X-B,2021
508.97648103124214,12,SC-21-X-B,2021
3220.733892937471,15,SC-21-X-B,2021
94.71093687500002,18,SC-21-X-B,2021
6.1045787499999955,25,SC-21-X-B,2021
12.651250179687496,33,SC-21-X-B,2021
14784.44758661827,3,SB-21-Z-D,2021
3.7197766562499988,4,SB-21-Z-D,2021
24.820079882812497,12,SB-21-Z-D,2021
3400.4131336717137,15,SB-21-Z-D,2021
54.877653992187476,18,SB-21-Z-D,2021
11.802524796874998,25,SB-21-Z-D,2021
55.950232382812516,33,SB-21-Z-D,2021
15480.110344853547,3,SB-21-Z-B,2021
5.9524626640625,12,SB-21-Z-B,2021
2755.0402766328675,15,SB-21-Z-B,2021
3.3740830546875,18,SB-21-Z-B,2021
80.50199595312492,33,SB-21-Z-B,2021
17527.227570722538,3,SB-21-X-C,2021
10.416275445312495,12,SB-21-X-C,2021
519.6643083281259,15,SB-21-X-C,2021
0.178089046875,18,SB-21-X-C,2021
78.37555605468745,25,SB-21-X-C,2021
254.87877706249915,33,SB-21-X-C,2021
18214.887019172653,3,SB-21-X-D,2021
0.178081734375,4,SB-21-X-D,2021
5.695585031249999,12,SB-21-X-D,2021
28.743201835937498,15,SB-21-X-D,2021
0.1780226875,18,SB-21-X-D,2021
108.04117862500013,33,SB-21-X-D,2021
14534.087464766679,3,SB-21-X-A,2021
41.18548589843748,12,SB-21-X-A,2021
3202.5661948515485,15,SB-21-X-A,2021
2.1396266562499995,18,SB-21-X-A,2021
30.84627335937501,25,SB-21-X-A,2021
607.262825578123,33,SB-21-X-A,2021
16020.695432042081,3,SB-21-X-B,2021
11.406840359375002,12,SB-21-X-B,2021
2180.4889345233432,15,SB-21-X-B,2021
3.299334554687499,18,SB-21-X-B,2021
6.331320632812504,25,SB-21-X-B,2021
162.7994239531256,33,SB-21-X-B,2021
17503.427744429067,3,SA-21-Z-C,2021
0.1784900390625,4,SA-21-Z-C,2021
54.07979514062517,12,SA-21-Z-C,2021
636.8918836093774,15,SA-21-Z-C,2021
0.5355348203125,18,SA-21-Z-C,2021
241.37894285156304,33,SA-21-Z-C,2021
14557.121043975567,3,SA-21-Z-D,2021
0.1785166015625,4,SA-21-Z-D,2021
17.578949585937483,12,SA-21-Z-D,2021
2834.7909850156725,15,SA-21-Z-D,2021
60.69759725781279,18,SA-21-Z-D,2021
2.8544550078125,25,SA-21-Z-D,2021
929.2721634999953,33,SA-21-Z-D,2021
8159.462045961286,3,SA-21-Z-B,2021
0.7146278359375,4,SA-21-Z-B,2021
785.5792625234556,12,SA-21-Z-B,2021
1951.38203313285,15,SA-21-Z-B,2021
571.3331913671858,18,SA-21-Z-B,2021
70.64992062499998,25,SA-21-Z-B,2021
6386.281062390776,33,SA-21-Z-B,2021
11467.045952078379,3,SA-21-Z-A,2021
0.9825813359375,4,SA-21-Z-A,2021
975.891424828144,12,SA-21-Z-A,2021
1244.5610938593663,15,SA-21-Z-A,2021
11.077030664062493,18,SA-21-Z-A,2021
49.57087451562508,25,SA-21-Z-A,2021
4131.281699945137,33,SA-21-Z-A,2021
14691.63316684166,3,SA-21-Y-D,2021
0.1783918203125,4,SA-21-Y-D,2021
756.4120567734445,12,SA-21-Y-D,2021
546.4745646718715,15,SA-21-Y-D,2021
22.58313253125,25,SA-21-Y-D,2021
2290.063678406247,33,SA-21-Y-D,2021
12497.86682683565,3,SA-21-Y-B,2021
0.35730524218750004,4,SA-21-Y-B,2021
1186.8010227890877,12,SA-21-Y-B,2021
797.6602746406166,15,SA-21-Y-B,2021
2.7685573828125,18,SA-21-Y-B,2021
16.788191320312503,25,SA-21-Y-B,2021
3447.7174604136053,33,SA-21-Y-B,2021
11257.461573810979,3,SA-21-Y-C,2021
3.3009439687499995,4,SA-21-Y-C,2021
1071.6902753827885,12,SA-21-Y-C,2021
2070.6108527499573,15,SA-21-Y-C,2021
144.70365364843772,25,SA-21-Y-C,2021
3586.6924722579847,33,SA-21-Y-C,2021
17707.01010400272,3,SA-21-Y-A,2021
72.78618185156236,12,SA-21-Y-A,2021
385.1621045156228,15,SA-21-Y-A,2021
0.089332875,18,SA-21-Y-A,2021
16.875635187499995,25,SA-21-Y-A,2021
267.5928274921866,33,SA-21-Y-A,2021
18222.484681751983,3,SA-21-V-D,2021
0.2680696953125,4,SA-21-V-D,2021
27.253546015624984,12,SA-21-V-D,2021
27.345573031249984,15,SA-21-V-D,2021
156.8325297265622,33,SA-21-V-D,2021
16237.011891072347,3,SA-21-V-C,2021
102.59626768750041,12,SA-21-V-C,2021
25.822885828124996,15,SA-21-V-C,2021
0.268103203125,18,SA-21-V-C,2021
3.395409640625,25,SA-21-V-C,2021
2097.440504164067,33,SA-21-V-C,2021
13746.132619352793,3,SA-21-X-C,2021
1.4296715156250002,4,SA-21-X-C,2021
676.4319275234338,12,SA-21-X-C,2021
1772.9603964062321,15,SA-21-X-C,2021
2.7698755078125004,18,SA-21-X-C,2021
90.78820367968768,25,SA-21-X-C,2021
2027.3453389140382,33,SA-21-X-C,2021
11688.217856960846,3,SA-21-X-D,2021
0.3575267578125,4,SA-21-X-D,2021
1088.992696210938,12,SA-21-X-D,2021
4702.80389146058,15,SA-21-X-D,2021
7.5947627499999975,18,SA-21-X-D,2021
17.601333390625015,25,SA-21-X-D,2021
695.6669479140421,33,SA-21-X-D,2021
11514.959738976342,3,SA-22-V-C,2021
4.2001875625,4,SA-22-V-C,2021
2158.975539218741,12,SA-22-V-C,2021
2177.062296812591,15,SA-22-V-C,2021
11.527672906249999,18,SA-22-V-C,2021
5.987239312500002,25,SA-22-V-C,2021
1908.341018937481,33,SA-22-V-C,2021
17256.482791000948,3,SB-22-V-A,2021
0.178291953125,4,SB-22-V-A,2021
37.70447825,12,SB-22-V-A,2021
649.7845964531338,15,SB-22-V-A,2021
473.93771345312547,33,SB-22-V-A,2021
12706.464903930017,3,SA-22-Y-C,2021
63.24707974218724,12,SA-22-Y-C,2021
5471.247664726679,15,SA-22-Y-C,2021
6.960844117187502,18,SA-22-Y-C,2021
16.596251750000018,25,SA-22-Y-C,2021
175.45650988281224,33,SA-22-Y-C,2021
16068.4658725242,3,SA-22-Y-A,2021
392.64543724999965,12,SA-22-Y-A,2021
1064.201213812505,15,SA-22-Y-A,2021
10.001574179687497,18,SA-22-Y-A,2021
0.5360201015625,25,SA-22-Y-A,2021
870.7791963515763,33,SA-22-Y-A,2021
13895.641489352347,3,SA-22-V-D,2021
0.2681115234375,4,SA-22-V-D,2021
891.7022467265647,12,SA-22-V-D,2021
909.0321598671972,15,SA-22-V-D,2021
1.16182021875,18,SA-22-V-D,2021
5.004257562499999,25,SA-22-V-D,2021
2463.548350945347,33,SA-22-V-D,2021
14765.629412095286,3,SA-22-Y-B,2021
72.51862560156259,12,SA-22-Y-B,2021
2334.2394987734556,15,SA-22-Y-B,2021
1.250175203125,18,SA-22-Y-B,2021
3.0360776718749984,25,SA-22-Y-B,2021
1271.6771714687418,33,SA-22-Y-B,2021
9787.201915008378,3,SA-22-Y-D,2021
207.59357803124897,12,SA-22-Y-D,2021
7513.370188915507,15,SA-22-Y-D,2021
0.44632107812499994,18,SA-22-Y-D,2021
38.381456484375065,25,SA-22-Y-D,2021
892.9797945703004,33,SA-22-Y-D,2021
18138.01829943379,3,SB-22-V-B,2021
0.97986796875,4,SB-22-V-B,2021
5.4354515234375,12,SB-22-V-B,2021
253.2417233203126,15,SB-22-V-B,2021
20.412528867187508,33,SB-22-V-B,2021
15714.303686899842,3,SA-22-Z-A,2021
2.3224207109375,4,SA-22-Z-A,2021
939.7428588125163,12,SA-22-Z-A,2021
1193.396631445314,15,SA-22-Z-A,2021
1.9645860078124997,18,SA-22-Z-A,2021
14.290924429687493,25,SA-22-Z-A,2021
550.0902801093742,33,SA-22-Z-A,2021
10548.522537000397,3,SA-22-Z-C,2021
1.0704451796875,4,SA-22-Z-C,2021
47.66029367968761,12,SA-22-Z-C,2021
6931.566861624675,15,SA-22-Z-C,2021
4.551013718749999,18,SA-22-Z-C,2021
34.791209273437524,25,SA-22-Z-C,2021
836.1167700546798,33,SA-22-Z-C,2021
16167.476736084944,3,SA-22-X-C,2021
3.2166788828125,4,SA-22-X-C,2021
281.6466938515632,12,SA-22-X-C,2021
110.35770190624984,15,SA-22-X-C,2021
0.5361334843750001,18,SA-22-X-C,2021
18.407157101562497,25,SA-22-X-C,2021
1831.5459364765818,33,SA-22-X-C,2021
9239.35173349167,3,SA-22-X-D,2021
13.048650687499995,4,SA-22-X-D,2021
2554.5687705233513,12,SA-22-X-D,2021
2263.480675851585,15,SA-22-X-D,2021
134.66630286718816,18,SA-22-X-D,2021
423.35162530468733,25,SA-22-X-D,2021
3803.573750327905,33,SA-22-X-D,2021
7511.647056328048,3,SA-23-V-C,2021
0.1787135625,4,SA-23-V-C,2021
64.26195737500008,12,SA-23-V-C,2021
10560.409711741617,15,SA-23-V-C,2021
22.609605304687495,18,SA-23-V-C,2021
143.89023139062533,25,SA-23-V-C,2021
130.74029594531257,33,SA-23-V-C,2021
9834.452015264795,3,SA-23-Y-A,2021
0.0893152578125,4,SA-23-Y-A,2021
38.57845899999998,12,SA-23-Y-A,2021
7785.731858999829,15,SA-23-Y-A,2021
617.2226429375012,18,SA-23-Y-A,2021
47.68954349999996,25,SA-23-Y-A,2021
98.59923638281265,33,SA-23-Y-A,2021
11679.024349203744,3,SA-23-Y-C,2021
0.44609419531250005,4,SA-23-Y-C,2021
14.903524531250014,12,SA-23-Y-C,2021
5484.327262484532,15,SA-23-Y-C,2021
1122.2240093203125,18,SA-23-Y-C,2021
72.91976871093759,25,SA-23-Y-C,2021
29.72075896874995,33,SA-23-Y-C,2021
12906.135744445308,3,SA-22-Z-D,2021
2.141613507812499,4,SA-22-Z-D,2021
25.79151712500003,12,SA-22-Z-D,2021
5295.640725796677,15,SA-22-Z-D,2021
140.20869499218782,18,SA-22-Z-D,2021
5.530519367187499,25,SA-22-Z-D,2021
59.6151998515625,33,SA-22-Z-D,2021
11211.387718392574,3,SA-22-Z-B,2021
4.465900703124999,4,SA-22-Z-B,2021
553.3741305156217,12,SA-22-Z-B,2021
5022.308581382355,15,SA-22-Z-B,2021
1029.6447360468962,18,SA-22-Z-B,2021
39.02667650781251,25,SA-22-Z-B,2021
508.5625299453079,33,SA-22-Z-B,2021
8598.525643500046,3,SB-22-X-A,2021
0.8020280703125,4,SB-22-X-A,2021
11.676443765624997,12,SB-22-X-A,2021
8297.774149218498,15,SB-22-X-A,2021
1.8716277421874998,18,SB-22-X-A,2021
8.113464671875006,25,SB-22-X-A,2021
1465.4557839687448,33,SB-22-X-A,2021
7558.639252234414,3,SB-22-X-B,2021
0.623651890625,4,SB-22-X-B,2021
22.278291593749998,12,SB-22-X-B,2021
9569.958979132618,15,SB-22-X-B,2021
333.3992118203156,18,SB-22-X-B,2021
27.266936070312525,25,SB-22-X-B,2021
894.8741589843788,33,SB-22-X-B,2021
9015.284446890953,3,SB-22-X-C,2021
8.361986406249999,4,SB-22-X-C,2021
8.808445804687496,12,SB-22-X-C,2021
9231.597066243015,15,SB-22-X-C,2021
1.6020191250000002,18,SB-22-X-C,2021
55.239039968750035,25,SB-22-X-C,2021
36.56325859375001,33,SB-22-X-C,2021
4377.4756126176935,3,SB-22-X-D,2021
448.60208599999623,4,SB-22-X-D,2021
136.19904891406293,12,SB-22-X-D,2021
12686.005701161326,15,SB-22-X-D,2021
5.6974061171875015,18,SB-22-X-D,2021
105.57014278125001,25,SB-22-X-D,2021
590.6884455000062,33,SB-22-X-D,2021
6293.207446360133,3,SB-23-V-C,2021
2540.6152198203727,4,SB-23-V-C,2021
71.997933484375,12,SB-23-V-C,2021
8900.948007532097,15,SB-23-V-C,2021
33.83856428125001,18,SB-23-V-C,2021
205.9341055078121,25,SB-23-V-C,2021
117.55087182031255,33,SB-23-V-C,2021
7201.138386890548,3,SB-23-V-A,2021
2.0490475859375006,4,SB-23-V-A,2021
6.507394757812499,12,SB-23-V-A,2021
8968.306026468399,15,SB-23-V-A,2021
1727.5742756249829,18,SB-23-V-A,2021
43.48526818750002,25,SB-23-V-A,2021
20.144467835937498,33,SB-23-V-A,2021
3242.6442760781056,3,SB-23-Y-A,2021
9751.364002680224,4,SB-23-Y-A,2021
1397.260138335921,12,SB-23-Y-A,2021
3164.9141087578096,15,SB-23-Y-A,2021
110.72981067187548,18,SB-23-Y-A,2021
57.83560210937479,25,SB-23-Y-A,2021
187.2329346562502,33,SB-23-Y-A,2021
3209.983981562372,3,SB-22-Z-D,2021
2823.4915581795,4,SB-22-Z-D,2021
779.0219871171696,12,SB-22-Z-D,2021
11056.16007868047,15,SB-22-Z-D,2021
97.31984365625007,18,SB-22-Z-D,2021
110.13484016406242,25,SB-22-Z-D,2021
232.53295506250004,33,SB-22-Z-D,2021
2608.002048437522,3,SC-22-X-B,2021
5338.966748383127,4,SC-22-X-B,2021
939.9717803437445,12,SC-22-X-B,2021
8075.652033709825,15,SC-22-X-B,2021
717.1975994140536,18,SC-22-X-B,2021
101.98069284374975,25,SC-22-X-B,2021
223.97918120312602,33,SC-22-X-B,2021
3631.6693583906076,3,SB-22-Z-B,2021
618.0536871249963,4,SB-22-Z-B,2021
196.63106792187452,12,SB-22-Z-B,2021
13495.594413999956,15,SB-22-Z-B,2021
53.28770646093768,18,SB-22-Z-B,2021
23.19208585156249,25,SB-22-Z-B,2021
276.7678734140627,33,SB-22-Z-B,2021
8822.321552266418,3,SB-22-Z-A,2021
268.00922189843783,4,SB-22-Z-A,2021
82.73031506250001,12,SB-22-Z-A,2021
8917.371039710692,15,SB-22-Z-A,2021
12.787620367187499,18,SB-22-Z-A,2021
206.6529645234382,25,SB-22-Z-A,2021
12.8854425390625,33,SB-22-Z-A,2021
4907.156583663794,3,SB-22-Z-C,2021
1120.7598028671832,4,SB-22-Z-C,2021
456.12207674218945,12,SB-22-Z-C,2021
11656.051405757187,15,SB-22-Z-C,2021
26.498094335937513,18,SB-22-Z-C,2021
84.9976085546875,25,SB-22-Z-C,2021
10.4604851328125,33,SB-22-Z-C,2021
4020.4536791328314,3,SC-22-X-A,2021
2605.717323406264,4,SC-22-X-A,2021
507.97484461718676,12,SC-22-X-A,2021
10189.133371593587,15,SC-22-X-A,2021
422.2491131171885,18,SC-22-X-A,2021
40.35892233593748,25,SC-22-X-A,2021
113.20111310156321,33,SC-22-X-A,2021
16530.02197375999,3,SB-22-Y-D,2021
759.3693746015555,4,SB-22-Y-D,2021
557.014303124997,12,SB-22-Y-D,2021
429.0445477109303,15,SB-22-Y-D,2021
1.4180928593750002,18,SB-22-Y-D,2021
13.033278734375001,25,SB-22-Y-D,2021
69.09469364062498,33,SB-22-Y-D,2021
13021.976111789983,3,SC-22-V-B,2021
749.3401352187552,4,SC-22-V-B,2021
1076.1841186640504,12,SC-22-V-B,2021
3205.88686714071,15,SC-22-V-B,2021
78.82672507812522,18,SC-22-V-B,2021
8.7656924375,25,SC-22-V-B,2021
125.25181356250033,33,SC-22-V-B,2021
17996.975337814594,3,SC-22-V-A,2021
83.8154288437499,4,SC-22-V-A,2021
14.863313898437498,12,SC-22-V-A,2021
17.686559976562503,15,SC-22-V-A,2021
0.6192746484375,18,SC-22-V-A,2021
161.64664525781274,33,SC-22-V-A,2021
17835.668714860272,3,SB-22-Y-C,2021
16.308825960937504,4,SB-22-Y-C,2021
64.18958367968753,12,SB-22-Y-C,2021
240.6221493906262,15,SB-22-Y-C,2021
0.265684359375,18,SB-22-Y-C,2021
211.59990234375007,33,SB-22-Y-C,2021
6575.038334586379,3,SB-22-Y-B,2021
185.94752526562485,4,SB-22-Y-B,2021
43.33692266406255,12,SB-22-Y-B,2021
11135.389204975649,15,SB-22-Y-B,2021
3.2870791328124995,18,SB-22-Y-B,2021
133.12807718749974,25,SB-22-Y-B,2021
281.63307563281325,33,SB-22-Y-B,2021
14038.189403360513,3,SB-22-Y-A,2021
36.25230316406255,4,SB-22-Y-A,2021
117.59178978125011,12,SB-22-Y-A,2021
4100.409513374928,15,SB-22-Y-A,2021
1.599697203125,18,SB-22-Y-A,2021
63.895051890625005,33,SB-22-Y-A,2021
15225.102192433611,3,SB-22-V-D,2021
151.88285573437568,4,SB-22-V-D,2021
3.0255273359375,12,SB-22-V-D,2021
2988.6667769142487,15,SB-22-V-D,2021
1.8677306796875,18,SB-22-V-D,2021
11.6515901484375,25,SB-22-V-D,2021
8.543903414062502,33,SB-22-V-D,2021
17209.032534068072,3,SB-22-V-C,2021
2.4909073671875004,4,SB-22-V-C,2021
113.31428341406243,12,SB-22-V-C,2021
804.5134654843994,15,SB-22-V-C,2021
0.1779348828125,18,SB-22-V-C,2021
0.17790830468750002,25,SB-22-V-C,2021
261.0335431406255,33,SB-22-V-C,2021
11931.501827360164,3,SC-21-X-D,2021
398.1112707968727,4,SC-21-X-D,2021
830.3930872343687,12,SC-21-X-D,2021
4567.86212878153,15,SC-21-X-D,2021
412.56665528124574,18,SC-21-X-D,2021
25.192979828125033,25,SC-21-X-D,2021
25.918586765624973,33,SC-21-X-D,2021
17063.250076149467,3,SC-22-V-C,2021
294.11070203124905,4,SC-22-V-C,2021
140.89675488281247,12,SC-22-V-C,2021
524.122750101559,15,SC-22-V-C,2021
99.64548955468774,18,SC-22-V-C,2021
81.27607417968748,33,SC-22-V-C,2021
13547.929198429803,3,SC-22-Y-A,2021
151.195556421875,4,SC-22-Y-A,2021
34.388312031249974,12,SC-22-Y-A,2021
3661.206902773467,15,SC-22-Y-A,2021
586.3117518437539,18,SC-22-Y-A,2021
1.4056691171875002,25,SC-22-Y-A,2021
167.9501542578125,33,SC-22-Y-A,2021
7197.492267727598,3,SC-21-Z-B,2021
10.204261976562497,4,SC-21-Z-B,2021
42.466533171875014,12,SC-21-Z-B,2021
9144.69704321302,15,SC-21-Z-B,2021
1516.2626408906644,18,SC-21-Z-B,2021
178.38273403906234,25,SC-21-Z-B,2021
46.712614679687476,33,SC-21-Z-B,2021
15185.46377730365,3,SC-22-Y-C,2021
146.95929746875007,4,SC-22-Y-C,2021
98.84140937499996,12,SC-22-Y-C,2021
738.7515563671811,15,SC-22-Y-C,2021
1363.8839531718975,18,SC-22-Y-C,2021
377.49592673437456,33,SC-22-Y-C,2021
11158.56796415611,3,SC-21-Z-D,2021
0.5267761718749999,4,SC-21-Z-D,2021
80.59058744531222,12,SC-21-Z-D,2021
2596.531194734469,15,SC-21-Z-D,2021
4061.702774906264,18,SC-21-Z-D,2021
41.3475126328125,25,SC-21-Z-D,2021
140.44696604687468,33,SC-21-Z-D,2021
10925.53546796806,3,SD-21-X-B,2021
45.92710912500007,4,SD-21-X-B,2021
24.914266749999975,12,SD-21-X-B,2021
1958.3469616327682,15,SD-21-X-B,2021
4995.993184374988,18,SD-21-X-B,2021
10.484273750000007,25,SD-21-X-B,2021
52.32260261718748,33,SD-21-X-B,2021
6420.8381040939885,3,SD-21-X-D,2021
3402.3527101952996,4,SD-21-X-D,2021
99.86737867968746,12,SD-21-X-D,2021
1967.9414157109663,15,SD-21-X-D,2021
5695.81558321103,18,SD-21-X-D,2021
22.622174328125002,25,SD-21-X-D,2021
20.87455341406252,33,SD-21-X-D,2021
14519.398130304386,3,SD-22-V-A,2021
982.5229800156293,4,SD-22-V-A,2021
168.03220510937547,12,SD-22-V-A,2021
482.3388499140623,15,SD-22-V-A,2021
1154.7780838671947,18,SD-22-V-A,2021
372.28232629687267,33,SD-22-V-A,2021
4480.774630452956,3,SD-22-V-C,2021
4475.299400382793,4,SD-22-V-C,2021
339.56337119531105,12,SD-22-V-C,2021
4145.398644124939,15,SD-22-V-C,2021
4010.5630147653337,18,SD-22-V-C,2021
4.783999374999999,25,SD-22-V-C,2021
69.78985499218749,33,SD-22-V-C,2021
5884.056604283144,3,SC-22-Y-B,2021
972.9846936093936,4,SC-22-Y-B,2021
188.07309131250094,12,SC-22-Y-B,2021
7945.189300392654,15,SC-22-Y-B,2021
1937.2366628438515,18,SC-22-Y-B,2021
24.533064398437496,25,SC-22-Y-B,2021
33.50893328124995,33,SC-22-Y-B,2021
5588.609596062146,3,SC-22-Y-D,2021
2264.4707759062167,4,SC-22-Y-D,2021
264.43434534374927,12,SC-22-Y-D,2021
4907.655925984289,15,SC-22-Y-D,2021
2616.3043107031795,18,SC-22-Y-D,2021
8.326922789062495,25,SC-22-Y-D,2021
60.18500595312486,33,SC-22-Y-D,2021
5157.399218093768,3,SD-22-V-B,2021
2252.1022933826944,4,SD-22-V-B,2021
423.62025156249933,12,SD-22-V-B,2021
3656.4191866013985,15,SD-22-V-B,2021
4243.387597257787,18,SD-22-V-B,2021
16.409771843749994,25,SD-22-V-B,2021
133.98893830468757,33,SD-22-V-B,2021
1791.9482857188061,3,SD-22-V-D,2021
5708.88237824231,4,SD-22-V-D,2021
485.49422855468805,12,SD-22-V-D,2021
3138.4626837968167,15,SD-22-V-D,2021
2472.2758603592333,18,SD-22-V-D,2021
27.822464101562524,25,SD-22-V-D,2021
77.61777181249984,33,SD-22-V-D,2021
4624.430389593668,3,SC-22-Z-A,2021
3269.832705992289,4,SC-22-Z-A,2021
542.6817516562533,12,SC-22-Z-A,2021
2282.352950210983,15,SC-22-Z-A,2021
1052.2451996249813,18,SC-22-Z-A,2021
69.90991775781248,25,SC-22-Z-A,2021
288.98138056250065,33,SC-22-Z-A,2021
6249.3475072269575,3,SC-22-X-C,2021
2184.448106007829,4,SC-22-X-C,2021
360.85182717187513,12,SC-22-X-C,2021
6705.903029969737,15,SC-22-X-C,2021
1505.1316653593833,18,SC-22-X-C,2021
74.35578169531259,25,SC-22-X-C,2021
230.31325346874996,33,SC-22-X-C,2021
10123.246304539947,3,SC-22-V-D,2021
491.68033932031057,4,SC-22-V-D,2021
206.65386562500157,12,SC-22-V-D,2021
7019.670065843561,15,SC-22-V-D,2021
231.11057397656188,18,SC-22-V-D,2021
146.43648595312493,33,SC-22-V-D,2021
1979.216383023492,3,SC-22-X-D,2021
8563.317315055237,4,SC-22-X-D,2021
921.2093860703001,12,SC-22-X-D,2021
5145.457327774102,15,SC-22-X-D,2021
896.7763028359205,18,SC-22-X-D,2021
71.34819509375004,25,SC-22-X-D,2021
158.33442556250031,33,SC-22-X-D,2021
2996.072901203054,3,SE-21-V-B,2021
3065.463875390642,4,SE-21-V-B,2021
5296.210325023398,12,SE-21-V-B,2021
3692.4405110468974,15,SE-21-V-B,2021
66.87536067187506,18,SE-21-V-B,2021
39.467321765624924,25,SE-21-V-B,2021
408.434851515625,33,SE-21-V-B,2021
472.35108813281136,3,SE-21-V-A,2021
779.6040606015896,4,SE-21-V-A,2021
317.61763174219107,12,SE-21-V-A,2021
3478.4251413359743,15,SE-21-V-A,2021
33.267011515624965,18,SE-21-V-A,2021
23.20672863281254,33,SE-21-V-A,2021
2194.3999783437866,3,SD-21-Y-C,2021
3278.5898398751815,4,SD-21-Y-C,2021
339.55483500781185,12,SD-21-Y-C,2021
11275.833395287254,15,SD-21-Y-C,2021
296.76195708593775,18,SD-21-Y-C,2021
35.31157475781254,25,SD-21-Y-C,2021
54.101518773437604,33,SD-21-Y-C,2021
4541.79994064079,3,SD-21-Y-D,2021
1831.0737671094264,4,SD-21-Y-D,2021
421.3829297031257,12,SD-21-Y-D,2021
10119.279350625582,15,SD-21-Y-D,2021
362.1825656640628,18,SD-21-Y-D,2021
49.941626195312494,25,SD-21-Y-D,2021
125.0306707812502,33,SD-21-Y-D,2021
32.50583747656251,3,SE-20-X-B,2021
90.4531836562491,4,SE-20-X-B,2021
4.556867906249999,12,SE-20-X-B,2021
457.2229408203131,15,SE-20-X-B,2021
1.6333459296875,18,SE-20-X-B,2021
2.0631605,33,SE-20-X-B,2021
524.9448139062495,3,SD-20-Z-D,2021
925.8568133671874,4,SD-20-Z-D,2021
45.728876078125026,12,SD-20-Z-D,2021
1759.9610333906705,15,SD-20-Z-D,2021
13.877467414062503,18,SD-20-Z-D,2021
80.08937709374999,33,SD-20-Z-D,2021
1484.4762193905956,3,SD-20-Z-B,2021
251.93932927343604,4,SD-20-Z-B,2021
466.34564360937645,12,SD-20-Z-B,2021
1676.5273717812513,15,SD-20-Z-B,2021
338.81133856250085,18,SD-20-Z-B,2021
44.54368955468748,33,SD-20-Z-B,2021
3749.2933102658294,3,SD-21-Y-A,2021
4511.453961921951,4,SD-21-Y-A,2021
5607.1478208677345,12,SD-21-Y-A,2021
3047.3537650391804,15,SD-21-Y-A,2021
804.4425643203137,18,SD-21-Y-A,2021
58.71571188281259,25,SD-21-Y-A,2021
32.79823699999996,33,SD-21-Y-A,2021
2993.945655914207,3,SD-21-Y-B,2021
2594.78375407029,4,SD-21-Y-B,2021
3108.9948786015766,12,SD-21-Y-B,2021
4749.918623538594,15,SD-21-Y-B,2021
3989.7958305078782,18,SD-21-Y-B,2021
69.28290712500018,25,SD-21-Y-B,2021
50.289053859374945,33,SD-21-Y-B,2021
5754.795451015456,3,SD-21-V-D,2021
2570.912039101542,4,SD-21-V-D,2021
2104.09179378911,12,SD-21-V-D,2021
1134.7978069999663,15,SD-21-V-D,2021
6248.258472843458,18,SD-21-V-D,2021
50.443218,25,SD-21-V-D,2021
8.443717953125002,33,SD-21-V-D,2021
7294.016670851281,3,SD-21-X-C,2021
929.1793981640577,4,SD-21-X-C,2021
108.97730530468733,12,SD-21-X-C,2021
1526.6371238516085,15,SD-21-X-C,2021
7843.616509109015,18,SD-21-X-C,2021
93.36104135156215,25,SD-21-X-C,2021
33.592800179687494,33,SD-21-X-C,2021
3880.78550327356,3,SD-21-Z-A,2021
6422.727543187201,4,SD-21-Z-A,2021
108.17266963281166,12,SD-21-Z-A,2021
3843.8288079533,15,SD-21-Z-A,2021
2837.097135124881,18,SD-21-Z-A,2021
93.82848114843756,25,SD-21-Z-A,2021
266.80523174999695,33,SD-21-Z-A,2021
2949.72604473444,3,SD-21-Z-C,2021
8508.886601844386,4,SD-21-Z-C,2021
235.72021157812426,12,SD-21-Z-C,2021
4859.733363640854,15,SD-21-Z-C,2021
166.15405687499938,18,SD-21-Z-C,2021
370.14345453906185,25,SD-21-Z-C,2021
166.99328071093774,33,SD-21-Z-C,2021
6227.804548515115,3,SD-21-X-A,2021
372.4148601328125,4,SD-21-X-A,2021
44.247497734374974,12,SD-21-X-A,2021
1367.3089942812799,15,SD-21-X-A,2021
9814.241326999329,18,SD-21-X-A,2021
87.74309695312486,25,SD-21-X-A,2021
85.48065941406252,33,SD-21-X-A,2021
11334.956388882058,3,SD-21-V-B,2021
1203.558641320312,4,SD-21-V-B,2021
161.82734776562518,12,SD-21-V-B,2021
2678.0822007811053,15,SD-21-V-B,2021
2568.368710523357,18,SD-21-V-B,2021
18.688456132812483,25,SD-21-V-B,2021
36.43416655468749,33,SD-21-V-B,2021
10004.282658756825,3,SC-21-Y-D,2021
19.6306792890625,12,SC-21-Y-D,2021
6463.000273171831,15,SC-21-Y-D,2021
1436.407743804706,18,SC-21-Y-D,2021
16.48841082031252,25,SC-21-Y-D,2021
139.81641949218766,33,SC-21-Y-D,2021
9312.256585248995,3,SC-21-Z-C,2021
57.61478205468755,4,SC-21-Z-C,2021
134.06668027343736,12,SC-21-Z-C,2021
2576.848983742214,15,SC-21-Z-C,2021
5774.416614585723,18,SC-21-Z-C,2021
60.493817257812545,25,SC-21-Z-C,2021
187.6014712656252,33,SC-21-Z-C,2021
8957.610313282525,3,SC-21-Z-A,2021
40.76252762499996,4,SC-21-Z-A,2021
506.4153912500002,12,SC-21-Z-A,2021
7833.814745143546,15,SC-21-Z-A,2021
646.5595945390655,18,SC-21-Z-A,2021
5.366061351562501,25,SC-21-Z-A,2021
178.31832447656274,33,SC-21-Z-A,2021
11051.295297265506,3,SC-21-X-C,2021
9.268554476562498,4,SC-21-X-C,2021
99.35091446093747,12,SC-21-X-C,2021
6468.370620086646,15,SC-21-X-C,2021
288.0853873437493,18,SC-21-X-C,2021
31.89772213281244,25,SC-21-X-C,2021
277.67629856249704,33,SC-21-X-C,2021
11434.928431313205,3,SC-21-Y-B,2021
15.644313015624991,4,SC-21-Y-B,2021
324.9235884140658,12,SC-21-Y-B,2021
6164.285599025156,15,SC-21-Y-B,2021
8.702052984375003,18,SC-21-Y-B,2021
2.287644421875,25,SC-21-Y-B,2021
188.43869117187504,33,SC-21-Y-B,2021
13798.146042273582,3,SC-21-Y-C,2021
80.07662564843773,4,SC-21-Y-C,2021
40.89110710937494,12,SC-21-Y-C,2021
4134.564501820237,15,SC-21-Y-C,2021
27.9547939140625,18,SC-21-Y-C,2021
20.42987978906253,25,SC-21-Y-C,2021
10.168296359375002,33,SC-21-Y-C,2021
12891.68837187647,3,SC-21-Y-A,2021
6.156727812499998,4,SC-21-Y-A,2021
173.57771531250012,12,SC-21-Y-A,2021
5029.456675282558,15,SC-21-Y-A,2021
37.43195344531251,18,SC-21-Y-A,2021
9.945928960937485,25,SC-21-Y-A,2021
23.92980243749997,33,SC-21-Y-A,2021
16060.048221032117,3,SC-20-Z-B,2021
5.274676593750001,4,SC-20-Z-B,2021
27.966640554687483,12,SC-20-Z-B,2021
2001.5150023124993,15,SC-20-Z-B,2021
1.5826771171875,18,SC-20-Z-B,2021
42.384349851562455,33,SC-20-Z-B,2021
10654.949040662734,3,SC-20-Z-D,2021
121.20990390625019,4,SC-20-Z-D,2021
531.9816675859361,12,SC-20-Z-D,2021
6630.13779933564,15,SC-20-Z-D,2021
23.918791156249995,18,SC-20-Z-D,2021
51.09605432812495,25,SC-20-Z-D,2021
50.91936057031255,33,SC-20-Z-D,2021
9496.446010249216,3,SD-20-X-B,2021
629.2314032968734,4,SD-20-X-B,2021
517.4619261093732,12,SD-20-X-B,2021
6102.1908905702385,15,SD-20-X-B,2021
1087.7504444453152,18,SD-20-X-B,2021
88.05921517968765,25,SD-20-X-B,2021
77.63983533593772,33,SD-20-X-B,2021
5604.874126320157,3,SD-20-X-D,2021
1177.1357274765398,4,SD-20-X-D,2021
290.3142222343759,12,SD-20-X-D,2021
4274.575518765373,15,SD-20-X-D,2021
1535.3719098828615,18,SD-20-X-D,2021
20.119458164062465,25,SD-20-X-D,2021
74.77322881249997,33,SD-20-X-D,2021
9666.075471960174,3,SD-21-V-A,2021
7318.864063358986,4,SD-21-V-A,2021
153.55427408593738,12,SD-21-V-A,2021
330.6117740390623,15,SD-21-V-A,2021
499.7245144218721,18,SD-21-V-A,2021
45.04437329687498,25,SD-21-V-A,2021
21.67138732031252,33,SD-21-V-A,2021
5990.516168148582,3,SD-21-V-C,2021
4444.3121741172845,4,SD-21-V-C,2021
919.8875089687364,12,SD-21-V-C,2021
1145.4750492890616,15,SD-21-V-C,2021
5206.834502663721,18,SD-21-V-C,2021
62.52994632031242,25,SD-21-V-C,2021
18.45687302343749,33,SD-21-V-C,2021
1263.6225646405778,3,SD-20-X-C,2021
1742.6361387735083,4,SD-20-X-C,2021
595.2939253828097,12,SD-20-X-C,2021
136.6477746874993,15,SD-20-X-C,2021
4.439050554687501,18,SD-20-X-C,2021
122.88771285937416,33,SD-20-X-C,2021
4747.0231002420815,3,SD-20-V-B,2021
3.2322372421875,4,SD-20-V-B,2021
974.7705684218798,12,SD-20-V-B,2021
3583.9810187109133,15,SD-20-V-B,2021
3.2366249609375015,18,SD-20-V-B,2021
14.513595796874991,25,SD-20-V-B,2021
137.98955429687493,33,SD-20-V-B,2021
10898.030859586226,3,SD-20-X-A,2021
171.15946367968743,4,SD-20-X-A,2021
1905.1466761796755,12,SD-20-X-A,2021
4510.3095109842925,15,SD-20-X-A,2021
141.49010135937522,18,SD-20-X-A,2021
3.9351928671875003,25,SD-20-X-A,2021
55.75779577343751,33,SD-20-X-A,2021
4814.900900390423,3,SC-20-Z-C,2021
3.0692329531249993,4,SC-20-Z-C,2021
454.1991835312477,12,SC-20-Z-C,2021
12562.943472069728,15,SC-20-Z-C,2021
163.70775610937505,18,SC-20-Z-C,2021
61.59970457812497,25,SC-20-Z-C,2021
50.40750617968746,33,SC-20-Z-C,2021
5325.539179018115,3,SC-20-Z-A,2021
0.967268546875,4,SC-20-Z-A,2021
58.37181775000025,12,SC-20-Z-A,2021
12628.983011087828,15,SC-20-Z-A,2021
4.663971242187501,18,SC-20-Z-A,2021
75.74641703906241,25,SC-20-Z-A,2021
77.73985300781247,33,SC-20-Z-A,2021
9845.794422828763,3,SC-20-Y-B,2021
3.426574046874999,4,SC-20-Y-B,2021
129.6390519609373,12,SC-20-Y-B,2021
8100.564169602979,15,SC-20-Y-B,2021
8.715084718750003,18,SC-20-Y-B,2021
26.40160611718746,25,SC-20-Y-B,2021
56.50303028906237,33,SC-20-Y-B,2021
14788.328005491105,3,SC-20-Y-D,2021
34.10258667187508,4,SC-20-Y-D,2021
1088.7509941172118,12,SC-20-Y-D,2021
2143.5786671718292,15,SC-20-Y-D,2021
34.331017140624894,18,SC-20-Y-D,2021
2.977275625,25,SC-20-Y-D,2021
18.496769617187503,33,SC-20-Y-D,2021
479.24617677343673,3,SD-20-V-A,2021
0.1748711328125,4,SD-20-V-A,2021
120.59466283593815,12,SD-20-V-A,2021
51.42583865625009,15,SD-20-V-A,2021
58.24253482031242,33,SD-20-V-A,2021
8146.103954436999,3,SC-20-Y-C,2021
7.7177748046875,4,SC-20-Y-C,2021
324.7870492812477,12,SC-20-Y-C,2021
174.40445534375,15,SC-20-Y-C,2021
162.4043939765623,33,SC-20-Y-C,2021
6253.622051360295,3,SC-20-Y-A,2021
6.503628515625001,4,SC-20-Y-A,2021
96.31289235156216,12,SC-20-Y-A,2021
3690.1545052107263,15,SC-20-Y-A,2021
21.09433433593751,25,SC-20-Y-A,2021
102.88210025000001,33,SC-20-Y-A,2021
10399.118429247528,3,SB-23-V-D,2022
2577.154815500153,4,SB-23-V-D,2022
357.86050137501144,12,SB-23-V-D,2022
4425.316196961604,15,SB-23-V-D,2022
118.39573579687477,18,SB-23-V-D,2022
132.65799196875008,25,SB-23-V-D,2022
2.7596703671875,33,SB-23-V-D,2022
9740.592969296802,3,SB-23-X-A,2022
1936.9041436953707,4,SB-23-X-A,2022
214.42043919531264,12,SB-23-X-A,2022
5610.542089195386,15,SB-23-X-A,2022
1.8710988828125,18,SB-23-X-A,2022
127.82113207812517,25,SB-23-X-A,2022
57.507880390625,33,SB-23-X-A,2022
7485.877206820372,3,SB-23-V-B,2022
4.276310578124999,4,SB-23-V-B,2022
6.59895325,12,SB-23-V-B,2022
10207.788915765606,15,SB-23-V-B,2022
407.3810438906263,18,SB-23-V-B,2022
42.246527874999984,25,SB-23-V-B,2022
24.784281609375,33,SB-23-V-B,2022
7220.0163675164085,3,SA-23-Y-D,2022
8.655107562499998,4,SA-23-Y-D,2022
255.45071761718842,12,SA-23-Y-D,2022
10278.431718962838,15,SA-23-Y-D,2022
4.193685273437501,18,SA-23-Y-D,2022
67.36725833593763,25,SA-23-Y-D,2022
534.7315165390662,33,SA-23-Y-D,2022
9597.963407017098,3,SA-23-Z-C,2022
1992.4479590155818,4,SA-23-Z-C,2022
569.9800004843721,12,SA-23-Z-C,2022
3672.928877406141,15,SA-23-Z-C,2022
57.47704070312504,18,SA-23-Z-C,2022
69.87480266406257,25,SA-23-Z-C,2022
839.6672562812603,33,SA-23-Z-C,2022
3966.3957881170936,3,SA-23-Z-B,2022
1894.2967125311707,4,SA-23-Z-B,2022
617.8295032734395,12,SA-23-Z-B,2022
28.930590046874997,15,SA-23-Z-B,2022
1209.3432651718824,25,SA-23-Z-B,2022
414.563976195305,33,SA-23-Z-B,2022
2065.985381023413,3,SA-23-X-C,2022
35.83590145312494,4,SA-23-X-C,2022
0.26811839062500004,12,SA-23-X-C,2022
33.595603507812505,15,SA-23-X-C,2022
2.8592143749999996,18,SA-23-X-C,2022
27.25638040624999,25,SA-23-X-C,2022
264.1525529374991,33,SA-23-X-C,2022
7232.011266038705,3,SA-23-Z-A,2022
677.5813312968796,4,SA-23-Z-A,2022
772.969495796872,12,SA-23-Z-A,2022
1281.782550820309,15,SA-23-Z-A,2022
11.3418884296875,18,SA-23-Z-A,2022
415.55940110937365,25,SA-23-Z-A,2022
2849.7293370938432,33,SA-23-Z-A,2022
8764.296685469333,3,SA-23-Y-B,2022
13.131422593750004,4,SA-23-Y-B,2022
310.8362809999985,12,SA-23-Y-B,2022
8947.065624335639,15,SA-23-Y-B,2022
14.294185601562484,18,SA-23-Y-B,2022
44.92761857031253,25,SA-23-Y-B,2022
331.11168164062536,33,SA-23-Y-B,2022
9338.573338116737,3,SA-23-V-D,2022
72.20421901562491,4,SA-23-V-D,2022
102.86924349218744,12,SA-23-V-D,2022
3985.5931021170054,15,SA-23-V-D,2022
42.62185240625001,18,SA-23-V-D,2022
46.91938413281241,25,SA-23-V-D,2022
717.107467867182,33,SA-23-V-D,2022
141.8550244062497,3,SA-23-V-B,2022
2.5922061093750006,12,SA-23-V-B,2022
13.676106890624975,15,SA-23-V-B,2022
2.860379367187499,25,SA-23-V-B,2022
30.659333117187565,33,SA-23-V-B,2022
960.6685994374922,3,NB-22-Y-D,2022
9.451544484375,4,NB-22-Y-D,2022
551.8606677890605,12,NB-22-Y-D,2022
157.38970665625035,15,NB-22-Y-D,2022
284.84761268749946,33,NB-22-Y-D,2022
9668.99433834558,3,NA-22-V-B,2022
9.366732960937501,4,NA-22-V-B,2022
2064.293416328086,12,NA-22-V-B,2022
291.07051642968656,15,NA-22-V-B,2022
0.2677565078125,18,NA-22-V-B,2022
290.51125427343663,33,NA-22-V-B,2022
0.17855575,3,NA-22-X-A,2022
0.53566703125,33,NA-22-X-A,2022
1191.9147977499645,3,NA-22-X-C,2022
6.521116476562498,4,NA-22-X-C,2022
1342.2708641484433,12,NA-22-X-C,2022
24.38492946093749,15,NA-22-X-C,2022
2.0544995625,18,NA-22-X-C,2022
3.930588382812498,25,NA-22-X-C,2022
361.0957157578096,33,NA-22-X-C,2022
3971.9930272421207,3,NA-22-Z-A,2022
26.54177059375001,4,NA-22-Z-A,2022
7374.1298385857035,12,NA-22-Z-A,2022
31.725762414062515,15,NA-22-Z-A,2022
54.42756730468767,18,NA-22-Z-A,2022
2.144815515625001,25,NA-22-Z-A,2022
989.3405463437512,33,NA-22-Z-A,2022
3479.7104647109763,3,SA-23-V-A,2022
0.089390671875,4,SA-23-V-A,2022
200.14018579687476,12,SA-23-V-A,2022
1247.0427159609594,15,SA-23-V-A,2022
4.558721453125,18,SA-23-V-A,2022
64.7185644999999,25,SA-23-V-A,2022
567.8039432031276,33,SA-23-V-A,2022
19.935637882812493,3,NA-22-Z-D,2022
0.715179875,4,NA-22-Z-D,2022
79.92135327343766,12,NA-22-Z-D,2022
138.3868999453123,33,NA-22-Z-D,2022
1521.3201039844066,3,SA-22-X-B,2022
70.97676191406232,4,SA-22-X-B,2022
8739.018312031514,12,SA-22-X-B,2022
341.2805928203126,15,SA-22-X-B,2022
2.6816849453125005,18,SA-22-X-B,2022
27.53180835156251,25,SA-22-X-B,2022
2650.0935526563244,33,SA-22-X-B,2022
5162.468514468905,3,NA-22-Z-C,2022
82.5998440234375,4,NA-22-Z-C,2022
4013.465842179845,12,NA-22-Z-C,2022
456.97835985156314,15,NA-22-Z-C,2022
125.24142359374933,18,NA-22-Z-C,2022
1.3408661718750003,25,NA-22-Z-C,2022
4145.787624085968,33,NA-22-Z-C,2022
12928.585998537797,3,SA-22-X-A,2022
93.23965328125004,4,SA-22-X-A,2022
2077.2029978593596,12,SA-22-X-A,2022
63.914489882812546,15,SA-22-X-A,2022
1.3409537187500002,18,SA-22-X-A,2022
2.3242254296875,25,SA-22-X-A,2022
3238.444424155952,33,SA-22-X-A,2022
14513.213249540726,3,NA-22-Y-D,2022
18.951283179687536,4,NA-22-Y-D,2022
2374.3066794765564,12,NA-22-Y-D,2022
465.2072501953165,15,NA-22-Y-D,2022
28.338152218750043,18,NA-22-Y-D,2022
114.24673257812577,25,NA-22-Y-D,2022
208.10311870312523,33,NA-22-Y-D,2022
14690.122632231056,3,SA-22-V-B,2022
22.527658531250008,4,SA-22-V-B,2022
1271.6407690546378,12,SA-22-V-B,2022
261.02245556250114,15,SA-22-V-B,2022
1.1620497734375002,18,SA-22-V-B,2022
43.357239765624776,25,SA-22-V-B,2022
1953.1571525703039,33,SA-22-V-B,2022
17639.257690449092,3,SA-22-V-A,2022
0.089395234375,4,SA-22-V-A,2022
39.95794848437502,12,SA-22-V-A,2022
136.1373261328127,15,SA-22-V-A,2022
5.005766375,18,SA-22-V-A,2022
9.028199656249999,25,SA-22-V-A,2022
127.20696701562474,33,SA-22-V-A,2022
18395.309354752033,3,NA-22-Y-C,2022
2.145499671875,12,NA-22-Y-C,2022
1.0727108593749999,15,NA-22-Y-C,2022
0.715111015625,18,NA-22-Y-C,2022
73.5712498515624,33,NA-22-Y-C,2022
17784.656204000945,3,NA-22-Y-B,2022
0.446893828125,4,NA-22-Y-B,2022
619.1351175624895,12,NA-22-Y-B,2022
28.422153835937458,15,NA-22-Y-B,2022
2.94948165625,18,NA-22-Y-B,2022
3.485975570312499,25,NA-22-Y-B,2022
26.992318429687472,33,NA-22-Y-B,2022
18427.389532649715,3,NA-22-Y-A,2022
7.7756813906249995,12,NA-22-Y-A,2022
1.2510644218749998,15,NA-22-Y-A,2022
0.9830324843750001,18,NA-22-Y-A,2022
29.94009718749999,33,NA-22-Y-A,2022
17956.516515923042,3,NA-22-V-D,2022
224.954189289062,12,NA-22-V-D,2022
11.967758765625002,15,NA-22-V-D,2022
1.071811734375,18,NA-22-V-D,2022
5.538271921874999,25,NA-22-V-D,2022
27.326572968749975,33,NA-22-V-D,2022
5558.250792898278,3,NA-22-V-C,2022
0.44659905468750005,12,NA-22-V-C,2022
0.17867334375,18,NA-22-V-C,2022
12.504222773437496,33,NA-22-V-C,2022
18336.33002679234,3,NA-21-Z-B,2022
1.9660101171875,4,NA-21-Z-B,2022
71.31191378906229,12,NA-21-Z-B,2022
1.5192179062500004,15,NA-21-Z-B,2022
2.4131345859374993,18,NA-21-Z-B,2022
20.018537218750005,33,NA-21-Z-B,2022
6775.123038226524,3,NA-21-X-D,2022
22.24238437499997,12,NA-21-X-D,2022
3.3944967109374997,15,NA-21-X-D,2022
0.17868264843749998,33,NA-21-X-D,2022
18377.34279878122,3,NA-21-Z-D,2022
1.4302660078125,4,NA-21-Z-D,2022
25.655736187500008,12,NA-21-Z-D,2022
2.5029823984375,15,NA-21-Z-D,2022
0.2681916171875,18,NA-21-Z-D,2022
32.35972206250005,33,NA-21-Z-D,2022
18300.205252645635,3,SA-21-X-B,2022
1.2514926249999998,4,SA-21-X-B,2022
107.26424246875038,12,SA-21-X-B,2022
26.011787265624992,15,SA-21-X-B,2022
0.17878922656250001,18,SA-21-X-B,2022
3.2179737265624997,33,SA-21-X-B,2022
18296.798352357044,3,SA-21-X-A,2022
1.16216384375,4,SA-21-X-A,2022
21.901992828125014,12,SA-21-X-A,2022
1.3409108437500001,15,SA-21-X-A,2022
151.16352537499958,33,SA-21-X-A,2022
17825.976135331795,3,NA-21-Z-C,2022
25.745099937499987,4,NA-21-Z-C,2022
499.6057473046831,12,NA-21-Z-C,2022
4.112121734374999,15,NA-21-Z-C,2022
115.14001824218703,33,NA-21-Z-C,2022
13194.200114117622,3,NA-21-Z-A,2022
15.638128289062498,4,NA-21-Z-A,2022
3929.2557475077206,12,NA-21-Z-A,2022
6.7914779609375,15,NA-21-Z-A,2022
17.248745335937503,33,NA-21-Z-A,2022
2026.7598056328538,3,NA-21-X-C,2022
1.8760513515625,4,NA-21-X-C,2022
881.2252361875118,12,NA-21-X-C,2022
6.699845320312496,15,NA-21-X-C,2022
0.44666474999999994,33,NA-21-X-C,2022
13258.24032129826,3,NA-21-Y-B,2022
0.35747637499999996,12,NA-21-Y-B,2022
1.7874563984374998,15,NA-21-Y-B,2022
18.411981320312496,33,NA-21-Y-B,2022
19.834327499999983,3,NA-21-V-D,2022
18409.791093543336,3,NA-21-Y-D,2022
3.486406249999999,12,NA-21-Y-D,2022
1.4302893359375,15,NA-21-Y-D,2022
24.941300531250015,33,NA-21-Y-D,2022
18313.786917152775,3,SA-21-V-B,2022
0.5363471171874999,4,SA-21-V-B,2022
22.16899442187498,12,SA-21-V-B,2022
9.475354000000003,15,SA-21-V-B,2022
93.68147696093766,33,SA-21-V-B,2022
18328.448893309378,3,SA-21-V-A,2022
15.106917249999997,12,SA-21-V-A,2022
2.1453372890624998,15,SA-21-V-A,2022
10.369417804687492,25,SA-21-V-A,2022
116.74336050781248,33,SA-21-V-A,2022
17557.564781439185,3,NA-21-Y-C,2022
5.452686210937499,4,NA-21-Y-C,2022
7.687301687499999,12,NA-21-Y-C,2022
821.0343813046642,15,NA-21-Y-C,2022
6.435856523437503,25,NA-21-Y-C,2022
74.46014296093784,33,NA-21-Y-C,2022
9508.752484170665,3,NA-21-Y-A,2022
0.6254431875,4,NA-21-Y-A,2022
110.07976532031196,12,NA-21-Y-A,2022
147.7475386796871,15,NA-21-Y-A,2022
7.329205992187502,33,NA-21-Y-A,2022
17771.416370168066,3,SA-20-X-B,2022
363.2195073750013,12,SA-20-X-B,2022
43.89374900000003,15,SA-20-X-B,2022
0.8939750000000001,18,SA-20-X-B,2022
48.538764671875015,25,SA-20-X-B,2022
179.50447703906133,33,SA-20-X-B,2022
14820.899725227371,3,NA-20-Z-D,2022
2.2346447499999997,4,NA-20-Z-D,2022
1813.225379335922,12,NA-20-Z-D,2022
1274.7934038515998,15,NA-20-Z-D,2022
0.625771296875,18,NA-20-Z-D,2022
7.7767172109375,25,NA-20-Z-D,2022
473.24990598437813,33,NA-20-Z-D,2022
13339.75663786643,3,NA-20-Z-B,2022
5.183356601562502,4,NA-20-Z-B,2022
2923.8873080154904,12,NA-20-Z-B,2022
1742.3690551015427,15,NA-20-Z-B,2022
0.1787411640625,18,NA-20-Z-B,2022
9.651411078125001,25,NA-20-Z-B,2022
409.3154491406248,33,NA-20-Z-B,2022
10092.906408641436,3,NA-20-X-D,2022
3.572385921875,4,NA-20-X-D,2022
4582.887876366936,12,NA-20-X-D,2022
3124.3263264452253,15,NA-20-X-D,2022
154.03071585156425,18,NA-20-X-D,2022
119.83301782031288,25,NA-20-X-D,2022
266.22280742968763,33,NA-20-X-D,2022
505.36981528124727,3,NA-21-V-C,2022
3.39368909375,4,NA-21-V-C,2022
910.3268017031027,12,NA-21-V-C,2022
45.99556949218739,15,NA-21-V-C,2022
10.89435296875,33,NA-21-V-C,2022
29.168766343750058,3,NA-21-V-A,2022
12.938596640624999,4,NA-21-V-A,2022
2605.9031160233476,12,NA-21-V-A,2022
31.500670578125018,15,NA-21-V-A,2022
10.618404187500001,18,NA-21-V-A,2022
6.246041859374998,25,NA-21-V-A,2022
40.511350203125026,33,NA-21-V-A,2022
1612.4120604609525,3,NA-20-X-B,2022
8.563218390625,4,NA-20-X-B,2022
15892.656715407835,12,NA-20-X-B,2022
359.4129878750032,15,NA-20-X-B,2022
215.48216555468863,18,NA-20-X-B,2022
304.2368010390678,33,NA-20-X-B,2022
2595.405409773478,3,NB-20-Z-D,2022
36.10856360156251,4,NB-20-Z-D,2022
10943.380277156708,12,NB-20-Z-D,2022
70.1610025859374,15,NB-20-Z-D,2022
2.674513609375,18,NB-20-Z-D,2022
3.2086375078125005,25,NB-20-Z-D,2022
21.483311554687486,33,NB-20-Z-D,2022
219.34826724999675,3,NB-21-Y-C,2022
5.3498329687499995,4,NB-21-Y-C,2022
1542.0220433828554,12,NB-21-Y-C,2022
21.757793687499998,15,NB-21-Y-C,2022
1.6942951093749996,18,NB-21-Y-C,2022
15.6917836953125,33,NB-21-Y-C,2022
1593.033309617245,3,NB-20-Z-B,2022
0.8905676171875001,4,NB-20-Z-B,2022
89.59232557812511,12,NB-20-Z-B,2022
2.582510890625,15,NB-20-Z-B,2022
7.746999382812498,33,NB-20-Z-B,2022
24.66968249218752,3,NB-21-Y-A,2022
0.6234099375,33,NB-21-Y-A,2022
2421.0131858747636,3,NB-20-Z-C,2022
0.4458504296875,12,NB-20-Z-C,2022
1.6942640546875,15,NB-20-Z-C,2022
1.0701479453125,33,NB-20-Z-C,2022
640.6591715937725,3,NB-20-Y-D,2022
3.3889230546875,15,NB-20-Y-D,2022
0.089176828125,33,NB-20-Y-D,2022
591.4807118671845,3,NB-20-Y-C,2022
2.4079285859375,15,NB-20-Y-C,2022
0.4458816953125,33,NB-20-Y-C,2022
171.78266916406324,3,NA-20-V-A,2022
1.15949853125,15,NA-20-V-A,2022
0.624332625,33,NA-20-V-A,2022
370.4885252109346,3,NA-19-X-D,2022
4.3777476718749995,12,NA-19-X-D,2022
0.8040876484375001,33,NA-19-X-D,2022
9522.545548258076,3,NA-20-V-D,2022
0.0893140078125,4,NA-20-V-D,2022
30.360930304687486,12,NA-20-V-D,2022
17.323781132812492,15,NA-20-V-D,2022
0.0893148984375,18,NA-20-V-D,2022
1.6074224687500003,33,NA-20-V-D,2022
14027.722599453042,3,NA-20-V-B,2022
4.3729477812500015,12,NA-20-V-B,2022
16.414499867187505,15,NA-20-V-B,2022
4.01495728125,25,NA-20-V-B,2022
47.11106317187495,33,NA-20-V-B,2022
16390.62675732621,3,NA-20-X-A,2022
8.207911085937502,4,NA-20-X-A,2022
506.8563951953139,12,NA-20-X-A,2022
457.8984894843788,15,NA-20-X-A,2022
0.0892294765625,18,NA-20-X-A,2022
113.88396285937509,33,NA-20-X-A,2022
17145.04087142546,3,NA-20-X-C,2022
6.250547796875001,12,NA-20-X-C,2022
1264.9162943593863,15,NA-20-X-C,2022
0.3572922734375,18,NA-20-X-C,2022
39.826719578124965,33,NA-20-X-C,2022
15645.43321460743,3,NA-20-Y-B,2022
0.17875896875000002,4,NA-20-Y-B,2022
67.65917397656247,12,NA-20-Y-B,2022
18.589206578124998,15,NA-20-Y-B,2022
38.25384695312496,33,NA-20-Y-B,2022
16874.916428524743,3,NA-20-Z-A,2022
1.1618369609375,4,NA-20-Z-A,2022
1350.4927159686956,12,NA-20-Z-A,2022
51.82942722656242,15,NA-20-Z-A,2022
0.7149141484375001,18,NA-20-Z-A,2022
186.70479607031322,33,NA-20-Z-A,2022
12761.490725069532,3,NA-20-Z-C,2022
0.8045478906250001,4,NA-20-Z-C,2022
4244.7927820707555,12,NA-20-Z-C,2022
4.558792734375001,15,NA-20-Z-C,2022
0.17877277343749998,18,NA-20-Z-C,2022
1.6091273593750002,25,NA-20-Z-C,2022
1383.4827321875016,33,NA-20-Z-C,2022
16151.487196831726,3,SA-20-X-A,2022
0.178784,4,SA-20-X-A,2022
991.8208820155897,12,SA-20-X-A,2022
46.12487200781247,15,SA-20-X-A,2022
2.0558550390625006,25,SA-20-X-A,2022
1128.6455367890521,33,SA-20-X-A,2022
15448.351336226071,3,SA-20-V-B,2022
0.268187953125,4,SA-20-V-B,2022
1471.952827445249,12,SA-20-V-B,2022
7.2407781484375,15,SA-20-V-B,2022
1481.7090869765582,33,SA-20-V-B,2022
15559.000901413054,3,NA-20-Y-D,2022
0.9833366171875,4,NA-20-Y-D,2022
2729.8379339530393,12,NA-20-Y-D,2022
11.799532507812504,15,NA-20-Y-D,2022
156.97813717968756,33,NA-20-Y-D,2022
17226.93272859023,3,SA-20-V-A,2022
0.7151216484375,4,SA-20-V-A,2022
314.47985751562675,12,SA-20-V-A,2022
20.82905829687502,15,SA-20-V-A,2022
2.2348807109375,25,SA-20-V-A,2022
805.8030677968668,33,SA-20-V-A,2022
17307.826140603687,3,NA-20-Y-C,2022
50.41788620312499,12,NA-20-Y-C,2022
5.989358343749997,15,NA-20-Y-C,2022
22.169530562500007,33,NA-20-Y-C,2022
2022.6895126642687,3,NA-20-Y-A,2022
4.468932468749998,12,NA-20-Y-A,2022
2.32387765625,15,NA-20-Y-A,2022
3.396356507812499,33,NA-20-Y-A,2022
5380.7345526884,3,NA-19-Z-B,2022
9.025740101562501,12,NA-19-Z-B,2022
3.038436984375,15,NA-19-Z-B,2022
58.988043703125,33,NA-19-Z-B,2022
16722.682013404614,3,NA-19-Z-D,2022
0.178791078125,4,NA-19-Z-D,2022
134.89344010937484,12,NA-19-Z-D,2022
10.816691742187498,15,NA-19-Z-D,2022
298.0335451484368,33,NA-19-Z-D,2022
17910.69667504498,3,SA-19-X-B,2022
0.089390875,4,SA-19-X-B,2022
73.74874696093742,12,SA-19-X-B,2022
23.332609234375035,15,SA-19-X-B,2022
6.257811312500001,25,SA-19-X-B,2022
458.4205209687493,33,SA-19-X-B,2022
18322.007925629154,3,SA-19-X-A,2022
0.2681888984375,4,SA-19-X-A,2022
26.282087523437507,12,SA-19-X-A,2022
0.3575898359375,15,SA-19-X-A,2022
90.7332977812508,33,SA-19-X-A,2022
17947.532615299864,3,NA-19-Z-C,2022
4.559059890624999,4,NA-19-Z-C,2022
188.70774656249853,12,NA-19-Z-C,2022
4.648586593750001,15,NA-19-Z-C,2022
294.2010813125018,33,NA-19-Z-C,2022
15282.396107181303,3,NA-19-Z-A,2022
30.205643179687495,12,NA-19-Z-A,2022
6.881692070312503,15,NA-19-Z-A,2022
97.14505775000016,33,NA-19-Z-A,2022
9219.388067608155,3,SA-19-V-B,2022
6.4364503671875,12,SA-19-V-B,2022
2.1454270859375004,15,SA-19-V-B,2022
15.911277421875004,33,SA-19-V-B,2022
8777.438594874748,3,NA-19-Y-D,2022
4.648404718749999,12,NA-19-Y-D,2022
31.556575390624978,15,NA-19-Y-D,2022
108.7014539921874,33,NA-19-Y-D,2022
7003.040631899612,3,NA-19-Y-B,2022
8.579057164062501,12,NA-19-Y-B,2022
18.498808859374993,15,NA-19-Y-B,2022
54.15926814843758,33,NA-19-Y-B,2022
231.21482853906303,3,NA-19-X-C,2022
0.357376796875,12,NA-19-X-C,2022
0.1786878984375,33,NA-19-X-C,2022
198.93183693749805,3,SC-19-Y-D,2022
0.35118725,15,SC-19-Y-D,2022
0.79012859375,33,SC-19-Y-D,2022
1404.641283156254,3,SC-19-Y-A,2022
0.8797398359375002,12,SC-19-Y-A,2022
0.7912295312500001,33,SC-19-Y-A,2022
16136.17319953124,3,SC-19-Y-B,2022
0.0878698828125,4,SC-19-Y-B,2022
23.396613687499986,12,SC-19-Y-B,2022
1336.118924640643,15,SC-19-Y-B,2022
1.6684821953124997,25,SC-19-Y-B,2022
40.523665390625006,33,SC-19-Y-B,2022
17956.25826914143,3,SC-19-V-D,2022
20.11440854687499,12,SC-19-V-D,2022
186.19345553125004,15,SC-19-V-D,2022
63.466345749999945,33,SC-19-V-D,2022
9595.49034944881,3,SC-19-Z-A,2022
6.599188421874999,12,SC-19-Z-A,2022
5494.675544524894,15,SC-19-Z-A,2022
43.13651092187476,25,SC-19-Z-A,2022
34.21159539843747,33,SC-19-Z-A,2022
11917.421796227092,3,SC-19-X-C,2022
29.728365039062506,12,SC-19-X-C,2022
6080.671037578271,15,SC-19-X-C,2022
83.00082412500005,25,SC-19-X-C,2022
83.19316890625001,33,SC-19-X-C,2022
133.9590886406253,3,SC-19-Z-C,2022
0.438975046875,12,SC-19-Z-C,2022
315.66167560155975,15,SC-19-Z-C,2022
8.9547616484375,25,SC-19-Z-C,2022
6.409017132812495,33,SC-19-Z-C,2022
550.1345685859453,3,SC-19-Z-B,2022
1.2324309375,12,SC-19-Z-B,2022
1836.9090082578762,15,SC-19-Z-B,2022
9.154819398437493,25,SC-19-Z-B,2022
10.827260398437499,33,SC-19-Z-B,2022
10944.604383399888,3,SC-19-X-D,2022
0.0882628125,4,SC-19-X-D,2022
7.233167609375,12,SC-19-X-D,2022
5970.77282210194,15,SC-19-X-D,2022
6.433857867187498,25,SC-19-X-D,2022
40.21132251562503,33,SC-19-X-D,2022
15810.888308677384,3,SC-19-X-B,2022
0.1767835390625,4,SC-19-X-B,2022
72.95575082031223,12,SC-19-X-B,2022
2287.4931956485043,15,SC-19-X-B,2022
5.391311710937501,25,SC-19-X-B,2022
98.96647830468736,33,SC-19-X-B,2022
17696.047686305974,3,SC-19-X-A,2022
14.40316628124999,12,SC-19-X-A,2022
458.28970381249917,15,SC-19-X-A,2022
74.32001228906286,33,SC-19-X-A,2022
17012.870342444916,3,SC-19-V-B,2022
14.3298545234375,12,SC-19-V-B,2022
1193.1356985703087,15,SC-19-V-B,2022
11.326362640625,25,SC-19-V-B,2022
44.2095705234375,33,SC-19-V-B,2022
18267.75175885401,3,SB-19-Z-C,2022
4.5219664609375005,12,SB-19-Z-C,2022
5.940116273437495,15,SB-19-Z-C,2022
57.817146414062684,33,SB-19-Z-C,2022
18019.74231531278,3,SB-19-Y-D,2022
22.427293375000005,12,SB-19-Y-D,2022
225.6719765390645,15,SB-19-Y-D,2022
2.393952570312501,25,SB-19-Y-D,2022
98.77392320312492,33,SB-19-Y-D,2022
17946.313632735073,3,SB-19-Z-D,2022
0.8861691796875,4,SB-19-Z-D,2022
71.16000218750007,12,SB-19-Z-D,2022
142.4893832343737,15,SB-19-Z-D,2022
2.4810928828125,25,SB-19-Z-D,2022
205.67918078124893,33,SB-19-Z-D,2022
18050.67243161497,3,SB-19-Z-A,2022
46.83289296874999,12,SB-19-Z-A,2022
29.50054381250003,15,SB-19-Z-A,2022
197.97329476562365,33,SB-19-Z-A,2022
18304.74314464126,3,SB-19-Z-B,2022
0.710614171875,12,SB-19-Z-B,2022
2.6633147968750004,15,SB-19-Z-B,2022
49.820685164062496,33,SB-19-Z-B,2022
18193.72897606353,3,SB-19-X-C,2022
25.17651400781247,12,SB-19-X-C,2022
4.359991671875002,15,SB-19-X-C,2022
134.45760734375017,33,SB-19-X-C,2022
18175.47071016243,3,SB-19-X-D,2022
38.818574078125025,12,SB-19-X-D,2022
14.514322445312477,15,SB-19-X-D,2022
161.93696997656326,33,SB-19-X-D,2022
18202.120134972407,3,SB-19-X-A,2022
1.247982421875,12,SB-19-X-A,2022
0.3566098515625,15,SB-19-X-A,2022
181.29655882031255,33,SB-19-X-A,2022
18094.143983859387,3,SB-19-X-B,2022
0.1781830078125,4,SB-19-X-B,2022
50.35108309375001,12,SB-19-X-B,2022
65.5699241406252,15,SB-19-X-B,2022
4.275973046874998,25,SB-19-X-B,2022
203.5687239609377,33,SB-19-X-B,2022
17902.700410173977,3,SB-19-Y-B,2022
68.11500876562508,12,SB-19-Y-B,2022
166.51794821875018,15,SB-19-Y-B,2022
6.039110382812503,25,SB-19-Y-B,2022
214.56528123437536,33,SB-19-Y-B,2022
18325.94114000448,3,SB-19-V-D,2022
2.581058703125,12,SB-19-V-D,2022
0.5337688125,15,SB-19-V-D,2022
61.68460914062496,33,SB-19-V-D,2022
15939.454079273764,3,SB-19-V-B,2022
0.0891526015625,4,SB-19-V-B,2022
115.9944143593742,12,SB-19-V-B,2022
81.93661740624982,15,SB-19-V-B,2022
18.990074859374992,25,SB-19-V-B,2022
484.2683977890612,33,SB-19-V-B,2022
17987.56480634606,3,SB-19-Y-C,2022
0.0887397578125,4,SB-19-Y-C,2022
23.138035070312498,12,SB-19-Y-C,2022
270.60645192187576,15,SB-19-Y-C,2022
2.5734646015625002,25,SB-19-Y-C,2022
85.03796330468748,33,SB-19-Y-C,2022
18146.114498671548,3,SB-19-Y-A,2022
30.185612546875,12,SB-19-Y-A,2022
86.816396320313,15,SB-19-Y-A,2022
94.82125124218697,33,SB-19-Y-A,2022
18311.164206983896,3,SB-19-V-C,2022
3.203613656249999,12,SB-19-V-C,2022
1.8677925000000002,15,SB-19-V-C,2022
74.50496351562488,33,SB-19-V-C,2022
11187.719201594959,3,SB-19-V-A,2022
1.9615769453124998,12,SB-19-V-A,2022
4.1006270859375,15,SB-19-V-A,2022
168.99999007812517,33,SB-19-V-A,2022
15942.617675856809,3,SB-18-Z-B,2022
4.087380984375,12,SB-18-Z-B,2022
7.369349140625001,15,SB-18-Z-B,2022
11.465561234374997,33,SB-18-Z-B,2022
11592.647470279626,3,SB-18-X-D,2022
8.899642421875004,12,SB-18-X-D,2022
1.4239162578124995,15,SB-18-X-D,2022
59.631793164062536,33,SB-18-X-D,2022
1397.1748488906337,3,SB-18-X-B,2022
0.6235206093750001,12,SB-18-X-B,2022
0.26726300000000003,15,SB-18-X-B,2022
36.79396774218749,33,SB-18-X-B,2022
16362.910662164863,3,SB-18-Z-D,2022
26.68090518750001,12,SB-18-Z-D,2022
1817.9080437656098,15,SB-18-Z-D,2022
41.389349531250055,25,SB-18-Z-D,2022
87.14202735156236,33,SB-18-Z-D,2022
15535.548149460277,3,SC-18-X-B,2022
28.482534125000008,12,SC-18-X-B,2022
467.0219888906179,15,SC-18-X-B,2022
4.0669608359375005,25,SC-18-X-B,2022
46.968915468749955,33,SC-18-X-B,2022
16772.633620016793,3,SC-19-V-A,2022
38.82188873437491,12,SC-19-V-A,2022
1371.1995278047061,15,SC-19-V-A,2022
7.081339179687494,25,SC-19-V-A,2022
86.13545296875,33,SC-19-V-A,2022
15629.761441664685,3,SC-19-V-C,2022
35.200636351562494,12,SC-19-V-C,2022
150.8637243906252,15,SC-19-V-C,2022
45.97173813281253,33,SC-19-V-C,2022
7079.663239438682,3,SC-18-X-D,2022
14.123941375,12,SC-18-X-D,2022
101.35790689843748,15,SC-18-X-D,2022
12.182278578125,33,SC-18-X-D,2022
369.1305649765637,3,SC-18-X-A,2022
3697.1348673982284,3,SB-18-Z-C,2022
1.0639920078125,12,SB-18-Z-C,2022
10.81671837499999,15,SB-18-Z-C,2022
0.5320453671875,33,SB-18-Z-C,2022
721.9838516250032,3,SB-18-Z-A,2022
0.5328116640625,12,SB-18-Z-A,2022
5474.633176530962,3,SA-19-V-D,2022
0.8042962265624999,12,SA-19-V-D,2022
0.8936962343749999,15,SA-19-V-D,2022
164.16063163281254,33,SA-19-V-D,2022
7551.457559905735,3,SA-19-Y-B,2022
5.000004109374999,12,SA-19-Y-B,2022
3.571379453124999,15,SA-19-Y-B,2022
147.95722322656212,33,SA-19-Y-B,2022
9451.27305282051,3,SA-19-Y-D,2022
0.0892716875,4,SA-19-Y-D,2022
81.46204857812509,12,SA-19-Y-D,2022
41.758330789062526,15,SA-19-Y-D,2022
332.8067801796863,33,SA-19-Y-D,2022
17988.5850099953,3,SA-19-Z-A,2022
48.304078703124944,12,SA-19-Z-A,2022
24.108070578125,15,SA-19-Z-A,2022
1.6072019843749996,25,SA-19-Z-A,2022
360.6520109921908,33,SA-19-Z-A,2022
17393.0824519122,3,SA-19-Z-C,2022
170.75108225781273,12,SA-19-Z-C,2022
119.42612356250025,15,SA-19-Z-C,2022
7.318987023437496,25,SA-19-Z-C,2022
716.2887327187535,33,SA-19-Z-C,2022
17890.261656463634,3,SA-19-Z-D,2022
111.44809439062458,12,SA-19-Z-D,2022
43.726214367187524,15,SA-19-Z-D,2022
1.5170404062499998,25,SA-19-Z-D,2022
382.84470097656185,33,SA-19-Z-D,2022
16635.36132731224,3,SA-19-Z-B,2022
0.0893363046875,4,SA-19-Z-B,2022
314.55074507031213,12,SA-19-Z-B,2022
179.41238819531262,15,SA-19-Z-B,2022
7.501754218749997,25,SA-19-Z-B,2022
1264.5505032421756,33,SA-19-Z-B,2022
17670.10598758473,3,SA-19-X-D,2022
0.178745125,4,SA-19-X-D,2022
143.77586670312527,12,SA-19-X-D,2022
6.433342007812499,15,SA-19-X-D,2022
0.6254544140624999,25,SA-19-X-D,2022
641.8415613359374,33,SA-19-X-D,2022
17904.547570626495,3,SA-19-X-C,2022
7.9539797031249995,12,SA-19-X-C,2022
0.3574362109375,15,SA-19-X-C,2022
521.3254136796816,33,SA-19-X-C,2022
17775.99377065819,3,SA-20-V-C,2022
0.1787651953125,4,SA-20-V-C,2022
196.2246808203116,12,SA-20-V-C,2022
4.5569482421875005,15,SA-20-V-C,2022
1.3402793906250001,25,SA-20-V-C,2022
446.14986076562457,33,SA-20-V-C,2022
16046.86918840801,3,SA-20-Y-A,2022
403.53350218749637,12,SA-20-Y-A,2022
170.40791242968757,15,SA-20-Y-A,2022
1.5177556250000002,25,SA-20-Y-A,2022
1668.0311246406027,33,SA-20-Y-A,2022
18386.921957406415,3,SA-20-Y-B,2022
23.92971651562502,12,SA-20-Y-B,2022
0.44648891406249996,15,SA-20-Y-B,2022
42.32570321093749,33,SA-20-Y-B,2022
18131.548599928155,3,SA-20-V-D,2022
182.15935897656334,12,SA-20-V-D,2022
0.3574928203125,15,SA-20-V-D,2022
151.12875049218744,33,SA-20-V-D,2022
15712.395599649664,3,SA-20-X-C,2022
201.25385690625075,12,SA-20-X-C,2022
35.12514067187504,15,SA-20-X-C,2022
0.089382453125,25,SA-20-X-C,2022
2445.185179726599,33,SA-20-X-C,2022
16888.1599324372,3,SA-20-X-D,2022
229.60406454687663,12,SA-20-X-D,2022
196.4219639531251,15,SA-20-X-D,2022
39.759389695312436,18,SA-20-X-D,2022
1.0722701796875,25,SA-20-X-D,2022
1075.3246973125013,33,SA-20-X-D,2022
18304.58247097849,3,SA-20-Z-A,2022
27.05478162499999,12,SA-20-Z-A,2022
7.857381937500001,15,SA-20-Z-A,2022
113.86141696874972,33,SA-20-Z-A,2022
16350.483060197708,3,SA-20-Z-B,2022
11.7890906796875,12,SA-20-Z-B,2022
235.57424767968695,15,SA-20-Z-B,2022
4.2883246484375,18,SA-20-Z-B,2022
35.80512207812504,25,SA-20-Z-B,2022
1772.9015063984905,33,SA-20-Z-B,2022
15872.997398047617,3,SA-20-Y-D,2022
0.35700146875000005,4,SA-20-Y-D,2022
680.7428062734376,12,SA-20-Y-D,2022
40.05731787500004,15,SA-20-Y-D,2022
1728.1015681250242,33,SA-20-Y-D,2022
16016.876562887288,3,SA-20-Z-C,2022
268.6308365000048,12,SA-20-Z-C,2022
154.2655173828133,15,SA-20-Z-C,2022
6.1552576328125,25,SA-20-Z-C,2022
1935.4263684921232,33,SA-20-Z-C,2022
12672.809620156479,3,SA-20-Z-D,2022
0.2675993203125,4,SA-20-Z-D,2022
498.510817054688,12,SA-20-Z-D,2022
1668.89864153904,15,SA-20-Z-D,2022
0.9816088750000002,18,SA-20-Z-D,2022
153.98360568750027,25,SA-20-Z-D,2022
3301.7344117736793,33,SA-20-Z-D,2022
16552.265993066005,3,SB-20-X-A,2022
0.089181171875,4,SB-20-X-A,2022
219.44111056249938,12,SB-20-X-A,2022
22.11043637500002,15,SB-20-X-A,2022
1589.2480089140445,33,SB-20-X-A,2022
17379.523388883266,3,SB-20-X-B,2022
1.9608409296875,4,SB-20-X-B,2022
407.744520632814,12,SB-20-X-B,2022
28.69713539843749,15,SB-20-X-B,2022
533.048797062504,33,SB-20-X-B,2022
16985.677119749722,3,SB-20-V-B,2022
88.16700553906244,12,SB-20-V-B,2022
41.55236569531241,15,SB-20-V-B,2022
9.185039351562509,25,SB-20-V-B,2022
1286.1071823125071,33,SB-20-V-B,2022
18319.33080773795,3,SB-20-V-A,2022
5.6158104453125,12,SB-20-V-A,2022
7.3095425078125,15,SB-20-V-A,2022
52.765125374999954,33,SB-20-V-A,2022
17164.086400491633,3,SA-20-Y-C,2022
0.1784885078125,4,SA-20-Y-C,2022
201.14606914843722,12,SA-20-Y-C,2022
180.35842749218708,15,SA-20-Y-C,2022
9.014252375,25,SA-20-Y-C,2022
809.7753367656233,33,SA-20-Y-C,2022
18072.392406930958,3,SB-20-V-C,2022
115.44155358593689,12,SB-20-V-C,2022
7.2928051015624975,15,SB-20-V-C,2022
162.59632346874938,33,SB-20-V-C,2022
17288.960213545797,3,SB-20-V-D,2022
0.711966765625,4,SB-20-V-D,2022
377.2531271406259,12,SB-20-V-D,2022
46.00669810937478,15,SB-20-V-D,2022
1.9575209843749997,25,SB-20-V-D,2022
675.8510501171854,33,SB-20-V-D,2022
18072.49375846722,3,SB-20-Y-A,2022
42.21222934375003,12,SB-20-Y-A,2022
4.3544068515625,15,SB-20-Y-A,2022
204.58725411718777,33,SB-20-Y-A,2022
17882.327863156872,3,SB-20-Y-B,2022
0.26625828125,4,SB-20-Y-B,2022
113.01482134375009,12,SB-20-Y-B,2022
146.94178171875018,15,SB-20-Y-B,2022
2.6651652421874994,25,SB-20-Y-B,2022
205.88300450781236,33,SB-20-Y-B,2022
16946.98672774924,3,SB-20-Y-D,2022
102.78380740625073,4,SB-20-Y-D,2022
742.2154646796787,12,SB-20-Y-D,2022
473.0343994609371,15,SB-20-Y-D,2022
9.396990859375,25,SB-20-Y-D,2022
64.37288464843753,33,SB-20-Y-D,2022
17444.91211178349,3,SB-20-Y-C,2022
3.7205406874999993,4,SB-20-Y-C,2022
346.9164679375033,12,SB-20-Y-C,2022
179.20591606249977,15,SB-20-Y-C,2022
6.297644070312503,25,SB-20-Y-C,2022
340.7013674062482,33,SB-20-Y-C,2022
17347.361665185606,3,SC-20-V-A,2022
4.776072140625,4,SC-20-V-A,2022
793.9063344765511,12,SC-20-V-A,2022
41.09733110156247,15,SC-20-V-A,2022
0.17681536718750002,18,SC-20-V-A,2022
55.65380393749993,33,SC-20-V-A,2022
10865.975703656617,3,SC-20-V-C,2022
7.319112593749995,4,SC-20-V-C,2022
128.16943912499949,12,SC-20-V-C,2022
4888.57611216412,15,SC-20-V-C,2022
10.32724603906249,18,SC-20-V-C,2022
28.84227797656252,25,SC-20-V-C,2022
343.2940167343757,33,SC-20-V-C,2022
8506.23930116529,3,SC-20-V-D,2022
1.5889535625,4,SC-20-V-D,2022
99.076154765625,12,SC-20-V-D,2022
8976.476911718994,15,SC-20-V-D,2022
241.16258899999994,18,SC-20-V-D,2022
87.79155724999985,25,SC-20-V-D,2022
313.78524448437605,33,SC-20-V-D,2022
13655.704092828382,3,SC-20-V-B,2022
6.550129109375,4,SC-20-V-B,2022
530.4323015468775,12,SC-20-V-B,2022
3075.6813228438177,15,SC-20-V-B,2022
23.070685812500002,18,SC-20-V-B,2022
121.16994666406194,25,SC-20-V-B,2022
809.491676703128,33,SC-20-V-B,2022
17173.070675475694,3,SB-20-Z-A,2022
3.2872951328125,4,SB-20-Z-A,2022
297.3191616093765,12,SB-20-Z-A,2022
221.025819945313,15,SB-20-Z-A,2022
611.7148101874948,33,SB-20-Z-A,2022
16908.24570476776,3,SB-20-Z-C,2022
4.697002156249999,4,SB-20-Z-C,2022
324.4627534921877,12,SB-20-Z-C,2022
765.83686217188,15,SB-20-Z-C,2022
3.0998059687500006,25,SB-20-Z-C,2022
353.71270674999903,33,SB-20-Z-C,2022
14253.081437673272,3,SC-20-X-A,2022
15.747077890625004,4,SC-20-X-A,2022
2813.4094616719667,12,SC-20-X-A,2022
1039.8873561797002,15,SC-20-X-A,2022
0.7074828124999999,18,SC-20-X-A,2022
151.18050052343776,33,SC-20-X-A,2022
9834.744323031833,3,SC-20-X-C,2022
0.17652625781249998,4,SC-20-X-C,2022
20.916772234375024,12,SC-20-X-C,2022
7985.390681492487,15,SC-20-X-C,2022
265.721678468747,18,SC-20-X-C,2022
27.51739124999998,25,SC-20-X-C,2022
92.1825692656249,33,SC-20-X-C,2022
15762.511349610653,3,SC-20-X-D,2022
48.7462897421875,4,SC-20-X-D,2022
88.83199998437475,12,SC-20-X-D,2022
2233.761397734369,15,SC-20-X-D,2022
1.6770927968749998,18,SC-20-X-D,2022
3.2658274453125005,25,SC-20-X-D,2022
53.984900390625015,33,SC-20-X-D,2022
16800.431856991072,3,SC-20-X-B,2022
25.102836679687492,4,SC-20-X-B,2022
949.0198897656276,12,SC-20-X-B,2022
370.9427923671889,15,SC-20-X-B,2022
1.5025475390624998,18,SC-20-X-B,2022
93.49752546093752,33,SC-20-X-B,2022
16722.447832148813,3,SB-20-Z-D,2022
1.8617197265624998,4,SB-20-Z-D,2022
133.95343384375022,12,SB-20-Z-D,2022
1329.9994857734353,15,SB-20-Z-D,2022
147.14779753124978,33,SB-20-Z-D,2022
17513.51062428283,3,SB-20-Z-B,2022
3.9968252031250002,4,SB-20-Z-B,2022
223.40914053906238,12,SB-20-Z-B,2022
411.35321682812497,15,SB-20-Z-B,2022
170.6666133671876,33,SB-20-Z-B,2022
17783.705010355072,3,SB-20-X-C,2022
0.1779206484375,4,SB-20-X-C,2022
185.6464629843748,12,SB-20-X-C,2022
31.400371109375023,15,SB-20-X-C,2022
381.984467523437,33,SB-20-X-C,2022
17002.464202236215,3,SB-20-X-D,2022
0.3558987734375,4,SB-20-X-D,2022
363.41564517187464,12,SB-20-X-D,2022
224.44292765624988,15,SB-20-X-D,2022
11.479822250000002,25,SB-20-X-D,2022
737.5015735781221,33,SB-20-X-D,2022
17997.0950889939,3,SB-21-V-C,2022
0.0890419765625,4,SB-21-V-C,2022
19.84838,12,SB-21-V-C,2022
105.57992207812458,15,SB-21-V-C,2022
268.1281436093749,33,SB-21-V-C,2022
16923.709701378582,3,SB-21-V-A,2022
4.5456671328125005,4,SB-21-V-A,2022
199.3874891328124,12,SB-21-V-A,2022
215.46653892187564,15,SB-21-V-A,2022
5.0811885078125005,25,SB-21-V-A,2022
1043.1552687343758,33,SB-21-V-A,2022
18091.364143517887,3,SB-21-V-B,2022
0.6237590078125,4,SB-21-V-B,2022
49.9270446015625,12,SB-21-V-B,2022
9.0039174921875,15,SB-21-V-B,2022
4.721275312499998,25,SB-21-V-B,2022
229.3811461328124,33,SB-21-V-B,2022
17777.452701074257,3,SB-21-V-D,2022
5.516707492187502,12,SB-21-V-D,2022
155.23181387499915,15,SB-21-V-D,2022
70.21837594531247,25,SB-21-V-D,2022
349.3034907031224,33,SB-21-V-D,2022
17206.762338065342,3,SB-21-Y-A,2022
3.285231046875,4,SB-21-Y-A,2022
64.56289275000012,12,SB-21-Y-A,2022
1037.3978549375006,15,SB-21-Y-A,2022
45.92944197656245,33,SB-21-Y-A,2022
17115.291345129357,3,SB-21-Y-B,2022
12.340356734374996,4,SB-21-Y-B,2022
304.41664842968817,12,SB-21-Y-B,2022
422.1412855000007,15,SB-21-Y-B,2022
37.86513316406246,25,SB-21-Y-B,2022
431.85906876562456,33,SB-21-Y-B,2022
16875.60706929856,3,SB-21-Y-C,2022
3.013801687500001,4,SB-21-Y-C,2022
41.219441429687485,12,SB-21-Y-C,2022
1426.0244176249394,15,SB-21-Y-C,2022
4.524288218750002,25,SB-21-Y-C,2022
18.53171560156249,33,SB-21-Y-C,2022
12938.268684906658,3,SC-21-V-C,2022
0.352747625,4,SC-21-V-C,2022
17.723630921875,12,SC-21-V-C,2022
5142.981712141038,15,SC-21-V-C,2022
1.7628349453125003,18,SC-21-V-C,2022
16.13659387499997,25,SC-21-V-C,2022
109.5120363671876,33,SC-21-V-C,2022
18204.6148581804,3,SC-21-V-A,2022
0.2654490859375,4,SC-21-V-A,2022
9.374219890625001,12,SC-21-V-A,2022
6.631153492187497,15,SC-21-V-A,2022
54.809228999999945,33,SC-21-V-A,2022
17541.77429478238,3,SC-21-V-B,2022
4.601855328125,4,SC-21-V-B,2022
304.7997518828125,12,SC-21-V-B,2022
111.73096729687495,15,SC-21-V-B,2022
0.971957203125,18,SC-21-V-B,2022
278.8278067500013,33,SC-21-V-B,2022
12100.293961648762,3,SC-21-V-D,2022
3.084588851562499,4,SC-21-V-D,2022
40.30986439843754,12,SC-21-V-D,2022
5827.11185955484,15,SC-21-V-D,2022
8.98716568750001,18,SC-21-V-D,2022
13.661112484375016,25,SC-21-V-D,2022
200.47833852343766,33,SC-21-V-D,2022
16897.38618171205,3,SB-21-Y-D,2022
16.672068874999994,4,SB-21-Y-D,2022
976.6338366406226,12,SB-21-Y-D,2022
102.50979602343747,15,SB-21-Y-D,2022
33.972346703125,25,SB-21-Y-D,2022
302.2059844140623,33,SB-21-Y-D,2022
16344.194327175193,3,SB-21-Z-A,2022
0.26658785937499996,4,SB-21-Z-A,2022
15.015273992187486,12,SB-21-Z-A,2022
1757.4615636484184,15,SB-21-Z-A,2022
1.7765372109375002,18,SB-21-Z-A,2022
151.80182372656196,25,SB-21-Z-A,2022
87.42164516406231,33,SB-21-Z-A,2022
16999.508611165536,3,SB-21-Z-C,2022
5.668849570312499,4,SB-21-Z-C,2022
46.4203341250001,12,SB-21-Z-C,2022
1183.4413212656102,15,SB-21-Z-C,2022
1.4192811875,18,SB-21-Z-C,2022
119.60135124999996,25,SB-21-Z-C,2022
12.9497124375,33,SB-21-Z-C,2022
17109.165762345896,3,SC-21-X-A,2022
94.55232657812508,4,SC-21-X-A,2022
864.8821869062674,12,SC-21-X-A,2022
199.13903775781304,15,SC-21-X-A,2022
1.7683797890624997,18,SC-21-X-A,2022
4.6832329999999995,33,SC-21-X-A,2022
14108.36626357146,3,SC-21-X-B,2022
290.9868247109406,4,SC-21-X-B,2022
508.97648103124214,12,SC-21-X-B,2022
3220.733892937471,15,SC-21-X-B,2022
94.71093687500002,18,SC-21-X-B,2022
6.1045787499999955,25,SC-21-X-B,2022
12.651250179687496,33,SC-21-X-B,2022
14784.44758661827,3,SB-21-Z-D,2022
3.7197766562499988,4,SB-21-Z-D,2022
24.820079882812497,12,SB-21-Z-D,2022
3400.4131336717137,15,SB-21-Z-D,2022
54.877653992187476,18,SB-21-Z-D,2022
11.802524796874998,25,SB-21-Z-D,2022
55.950232382812516,33,SB-21-Z-D,2022
15480.110344853547,3,SB-21-Z-B,2022
5.9524626640625,12,SB-21-Z-B,2022
2755.0402766328675,15,SB-21-Z-B,2022
3.3740830546875,18,SB-21-Z-B,2022
80.50199595312492,33,SB-21-Z-B,2022
17527.227570722538,3,SB-21-X-C,2022
10.416275445312495,12,SB-21-X-C,2022
519.6643083281259,15,SB-21-X-C,2022
0.178089046875,18,SB-21-X-C,2022
78.37555605468745,25,SB-21-X-C,2022
254.87877706249915,33,SB-21-X-C,2022
18214.887019172653,3,SB-21-X-D,2022
0.178081734375,4,SB-21-X-D,2022
5.695585031249999,12,SB-21-X-D,2022
28.743201835937498,15,SB-21-X-D,2022
0.1780226875,18,SB-21-X-D,2022
108.04117862500013,33,SB-21-X-D,2022
14534.087464766679,3,SB-21-X-A,2022
41.18548589843748,12,SB-21-X-A,2022
3202.5661948515485,15,SB-21-X-A,2022
2.1396266562499995,18,SB-21-X-A,2022
30.84627335937501,25,SB-21-X-A,2022
607.262825578123,33,SB-21-X-A,2022
16020.695432042081,3,SB-21-X-B,2022
11.406840359375002,12,SB-21-X-B,2022
2180.4889345233432,15,SB-21-X-B,2022
3.299334554687499,18,SB-21-X-B,2022
6.331320632812504,25,SB-21-X-B,2022
162.7994239531256,33,SB-21-X-B,2022
17503.427744429067,3,SA-21-Z-C,2022
0.1784900390625,4,SA-21-Z-C,2022
54.07979514062517,12,SA-21-Z-C,2022
636.8918836093774,15,SA-21-Z-C,2022
0.5355348203125,18,SA-21-Z-C,2022
241.37894285156304,33,SA-21-Z-C,2022
14557.121043975567,3,SA-21-Z-D,2022
0.1785166015625,4,SA-21-Z-D,2022
17.578949585937483,12,SA-21-Z-D,2022
2834.7909850156725,15,SA-21-Z-D,2022
60.69759725781279,18,SA-21-Z-D,2022
2.8544550078125,25,SA-21-Z-D,2022
929.2721634999953,33,SA-21-Z-D,2022
8159.462045961286,3,SA-21-Z-B,2022
0.7146278359375,4,SA-21-Z-B,2022
785.5792625234556,12,SA-21-Z-B,2022
1951.38203313285,15,SA-21-Z-B,2022
571.3331913671858,18,SA-21-Z-B,2022
70.64992062499998,25,SA-21-Z-B,2022
6386.281062390776,33,SA-21-Z-B,2022
11467.045952078379,3,SA-21-Z-A,2022
0.9825813359375,4,SA-21-Z-A,2022
975.891424828144,12,SA-21-Z-A,2022
1244.5610938593663,15,SA-21-Z-A,2022
11.077030664062493,18,SA-21-Z-A,2022
49.57087451562508,25,SA-21-Z-A,2022
4131.281699945137,33,SA-21-Z-A,2022
14691.63316684166,3,SA-21-Y-D,2022
0.1783918203125,4,SA-21-Y-D,2022
756.4120567734445,12,SA-21-Y-D,2022
546.4745646718715,15,SA-21-Y-D,2022
22.58313253125,25,SA-21-Y-D,2022
2290.063678406247,33,SA-21-Y-D,2022
12497.86682683565,3,SA-21-Y-B,2022
0.35730524218750004,4,SA-21-Y-B,2022
1186.8010227890877,12,SA-21-Y-B,2022
797.6602746406166,15,SA-21-Y-B,2022
2.7685573828125,18,SA-21-Y-B,2022
16.788191320312503,25,SA-21-Y-B,2022
3447.7174604136053,33,SA-21-Y-B,2022
11257.461573810979,3,SA-21-Y-C,2022
3.3009439687499995,4,SA-21-Y-C,2022
1071.6902753827885,12,SA-21-Y-C,2022
2070.6108527499573,15,SA-21-Y-C,2022
144.70365364843772,25,SA-21-Y-C,2022
3586.6924722579847,33,SA-21-Y-C,2022
17707.01010400272,3,SA-21-Y-A,2022
72.78618185156236,12,SA-21-Y-A,2022
385.1621045156228,15,SA-21-Y-A,2022
0.089332875,18,SA-21-Y-A,2022
16.875635187499995,25,SA-21-Y-A,2022
267.5928274921866,33,SA-21-Y-A,2022
18222.484681751983,3,SA-21-V-D,2022
0.2680696953125,4,SA-21-V-D,2022
27.253546015624984,12,SA-21-V-D,2022
27.345573031249984,15,SA-21-V-D,2022
156.8325297265622,33,SA-21-V-D,2022
16237.011891072347,3,SA-21-V-C,2022
102.59626768750041,12,SA-21-V-C,2022
25.822885828124996,15,SA-21-V-C,2022
0.268103203125,18,SA-21-V-C,2022
3.395409640625,25,SA-21-V-C,2022
2097.440504164067,33,SA-21-V-C,2022
13746.132619352793,3,SA-21-X-C,2022
1.4296715156250002,4,SA-21-X-C,2022
676.4319275234338,12,SA-21-X-C,2022
1772.9603964062321,15,SA-21-X-C,2022
2.7698755078125004,18,SA-21-X-C,2022
90.78820367968768,25,SA-21-X-C,2022
2027.3453389140382,33,SA-21-X-C,2022
11688.217856960846,3,SA-21-X-D,2022
0.3575267578125,4,SA-21-X-D,2022
1088.992696210938,12,SA-21-X-D,2022
4702.80389146058,15,SA-21-X-D,2022
7.5947627499999975,18,SA-21-X-D,2022
17.601333390625015,25,SA-21-X-D,2022
695.6669479140421,33,SA-21-X-D,2022
11514.959738976342,3,SA-22-V-C,2022
4.2001875625,4,SA-22-V-C,2022
2158.975539218741,12,SA-22-V-C,2022
2177.062296812591,15,SA-22-V-C,2022
11.527672906249999,18,SA-22-V-C,2022
5.987239312500002,25,SA-22-V-C,2022
1908.341018937481,33,SA-22-V-C,2022
17256.482791000948,3,SB-22-V-A,2022
0.178291953125,4,SB-22-V-A,2022
37.70447825,12,SB-22-V-A,2022
649.7845964531338,15,SB-22-V-A,2022
473.93771345312547,33,SB-22-V-A,2022
12706.464903930017,3,SA-22-Y-C,2022
63.24707974218724,12,SA-22-Y-C,2022
5471.247664726679,15,SA-22-Y-C,2022
6.960844117187502,18,SA-22-Y-C,2022
16.596251750000018,25,SA-22-Y-C,2022
175.45650988281224,33,SA-22-Y-C,2022
16068.4658725242,3,SA-22-Y-A,2022
392.64543724999965,12,SA-22-Y-A,2022
1064.201213812505,15,SA-22-Y-A,2022
10.001574179687497,18,SA-22-Y-A,2022
0.5360201015625,25,SA-22-Y-A,2022
870.7791963515763,33,SA-22-Y-A,2022
13895.641489352347,3,SA-22-V-D,2022
0.2681115234375,4,SA-22-V-D,2022
891.7022467265647,12,SA-22-V-D,2022
909.0321598671972,15,SA-22-V-D,2022
1.16182022875,18,SA-22-V-D,2022
5.004257562499999,25,SA-22-V-D,2022
2463.548350945347,33,SA-22-V-D,2022
14765.629412095286,3,SA-22-Y-B,2022
72.51862560156259,12,SA-22-Y-B,2022
2334.2394987734556,15,SA-22-Y-B,2022
1.250175203125,18,SA-22-Y-B,2022
3.0360776718749984,25,SA-22-Y-B,2022
1271.6771714687418,33,SA-22-Y-B,2022
9787.201915008378,3,SA-22-Y-D,2022
207.59357803124897,12,SA-22-Y-D,2022
7513.370188915507,15,SA-22-Y-D,2022
0.44632107812499994,18,SA-22-Y-D,2022
38.381456484375065,25,SA-22-Y-D,2022
892.9797945703004,33,SA-22-Y-D,2022
18138.01829943379,3,SB-22-V-B,2022
0.97986796875,4,SB-22-V-B,2022
5.4354515234375,12,SB-22-V-B,2022
253.2417233203126,15,SB-22-V-B,2022
20.412528867187508,33,SB-22-V-B,2022
15714.303686899842,3,SA-22-Z-A,2022
2.3224207109375,4,SA-22-Z-A,2022
939.7428588125163,12,SA-22-Z-A,2022
1193.396631445314,15,SA-22-Z-A,2022
1.9645860078124997,18,SA-22-Z-A,2022
14.290924429687493,25,SA-22-Z-A,2022
550.0902801093742,33,SA-22-Z-A,2022
10548.522537000397,3,SA-22-Z-C,2022
1.0704451796875,4,SA-22-Z-C,2022
47.66029367968761,12,SA-22-Z-C,2022
6931.566861624675,15,SA-22-Z-C,2022
4.551013718749999,18,SA-22-Z-C,2022
34.791209273437524,25,SA-22-Z-C,2022
836.1167700546798,33,SA-22-Z-C,2022
16167.476736084944,3,SA-22-X-C,2022
3.2166788828125,4,SA-22-X-C,2022
281.6466938515632,12,SA-22-X-C,2022
110.35770190624984,15,SA-22-X-C,2022
0.5361334843750001,18,SA-22-X-C,2022
18.407157101562497,25,SA-22-X-C,2022
1831.5459364765818,33,SA-22-X-C,2022
9239.35173349167,3,SA-22-X-D,2022
13.048650687499995,4,SA-22-X-D,2022
2554.5687705233513,12,SA-22-X-D,2022
2263.480675851585,15,SA-22-X-D,2022
134.66630286718816,18,SA-22-X-D,2022
423.35162530468733,25,SA-22-X-D,2022
3803.573750327905,33,SA-22-X-D,2022
7511.647056328048,3,SA-23-V-C,2022
0.1787135625,4,SA-23-V-C,2022
64.26195737500008,12,SA-23-V-C,2022
10560.409711741617,15,SA-23-V-C,2022
22.609605304687495,18,SA-23-V-C,2022
143.89023139062533,25,SA-23-V-C,2022
130.74029594531257,33,SA-23-V-C,2022
9834.452015264795,3,SA-23-Y-A,2022
0.0893152578125,4,SA-23-Y-A,2022
38.57845899999998,12,SA-23-Y-A,2022
7785.731858999829,15,SA-23-Y-A,2022
617.2226429375012,18,SA-23-Y-A,2022
47.68954349999996,25,SA-23-Y-A,2022
98.59923638281265,33,SA-23-Y-A,2022
11679.024349203744,3,SA-23-Y-C,2022
0.44609419531250005,4,SA-23-Y-C,2022
14.903524531250014,12,SA-23-Y-C,2022
5484.327262484532,15,SA-23-Y-C,2022
1122.2240093203125,18,SA-23-Y-C,2022
72.91976871093759,25,SA-23-Y-C,2022
29.72075896874995,33,SA-23-Y-C,2022
12906.135744445308,3,SA-22-Z-D,2022
2.141613507812499,4,SA-22-Z-D,2022
25.79151712500003,12,SA-22-Z-D,2022
5295.640725796677,15,SA-22-Z-D,2022
140.20869499218782,18,SA-22-Z-D,2022
5.530519367187499,25,SA-22-Z-D,2022
59.6151998515625,33,SA-22-Z-D,2022
11211.387718392574,3,SA-22-Z-B,2022
4.465900703124999,4,SA-22-Z-B,2022
553.3741305156217,12,SA-22-Z-B,2022
5022.308581382355,15,SA-22-Z-B,2022
1029.6447360468962,18,SA-22-Z-B,2022
39.02667650781251,25,SA-22-Z-B,2022
508.5625299453079,33,SA-22-Z-B,2022
8598.525643500046,3,SB-22-X-A,2022
0.8020280703125,4,SB-22-X-A,2022
11.676443765624997,12,SB-22-X-A,2022
8297.774149218498,15,SB-22-X-A,2022
1.8716277421874998,18,SB-22-X-A,2022
8.113464671875006,25,SB-22-X-A,2022
1465.4557839687448,33,SB-22-X-A,2022
7558.639252234414,3,SB-22-X-B,2022
0.623651890625,4,SB-22-X-B,2022
22.278291593749998,12,SB-22-X-B,2022
9569.958979132618,15,SB-22-X-B,2022
333.3992118203156,18,SB-22-X-B,2022
27.266936070312525,25,SB-22-X-B,2022
894.8741589843788,33,SB-22-X-B,2022
9015.284446890953,3,SB-22-X-C,2022
8.361986406249999,4,SB-22-X-C,2022
8.808445804687496,12,SB-22-X-C,2022
9231.597066243015,15,SB-22-X-C,2022
1.6020191250000002,18,SB-22-X-C,2022
55.239039968750035,25,SB-22-X-C,2022
36.56325859375001,33,SB-22-X-C,2022
4377.4756126176935,3,SB-22-X-D,2022
448.60208599999623,4,SB-22-X-D,2022
136.19904891406293,12,SB-22-X-D,2022
12686.005701161326,15,SB-22-X-D,2022
5.6974061171875015,18,SB-22-X-D,2022
105.57014278125001,25,SB-22-X-D,2022
590.6884455000062,33,SB-22-X-D,2022
6293.207446360133,3,SB-23-V-C,2022
2540.6152198203727,4,SB-23-V-C,2022
71.997933484375,12,SB-23-V-C,2022
8900.948007532097,15,SB-23-V-C,2022
33.83856428125001,18,SB-23-V-C,2022
205.9341055078121,25,SB-23-V-C,2022
117.55087182031255,33,SB-23-V-C,2022
7201.138386890548,3,SB-23-V-A,2022
2.0490475859375006,4,SB-23-V-A,2022
6.507394757812499,12,SB-23-V-A,2022
8968.306026468399,15,SB-23-V-A,2022
1727.5742756249829,18,SB-23-V-A,2022
43.48526818750002,25,SB-23-V-A,2022
20.144467835937498,33,SB-23-V-A,2022
3242.6442760781056,3,SB-23-Y-A,2022
9751.364002680224,4,SB-23-Y-A,2022
1397.260138335921,12,SB-23-Y-A,2022
3164.9141087578096,15,SB-23-Y-A,2022
110.72981067187548,18,SB-23-Y-A,2022
57.83560210937479,25,SB-23-Y-A,2022
187.2329346562502,33,SB-23-Y-A,2022
3209.983981562372,3,SB-22-Z-D,2022
2823.4915581795,4,SB-22-Z-D,2022
779.0219871171696,12,SB-22-Z-D,2022
11056.16007868047,15,SB-22-Z-D,2022
97.31984365625007,18,SB-22-Z-D,2022
110.13484016406242,25,SB-22-Z-D,2022
232.53295506250004,33,SB-22-Z-D,2022
2608.002048437522,3,SC-22-X-B,2022
5338.966748383127,4,SC-22-X-B,2022
939.9717803437445,12,SC-22-X-B,2022
8075.652033709825,15,SC-22-X-B,2022
717.1975994140536,18,SC-22-X-B,2022
101.98069284374975,25,SC-22-X-B,2022
223.97918120312602,33,SC-22-X-B,2022
3631.6693583906076,3,SB-22-Z-B,2022
618.0536871249963,4,SB-22-Z-B,2022
196.63106792187452,12,SB-22-Z-B,2022
13495.594413999956,15,SB-22-Z-B,2022
53.28770646093768,18,SB-22-Z-B,2022
23.19208585156249,25,SB-22-Z-B,2022
276.7678734140627,33,SB-22-Z-B,2022
8822.321552266418,3,SB-22-Z-A,2022
268.00922189843783,4,SB-22-Z-A,2022
82.73031506250001,12,SB-22-Z-A,2022
8917.371039710692,15,SB-22-Z-A,2022
12.787620367187499,18,SB-22-Z-A,2022
206.6529645234382,25,SB-22-Z-A,2022
12.8854425390625,33,SB-22-Z-A,2022
4907.156583663794,3,SB-22-Z-C,2022
1120.7598028671832,4,SB-22-Z-C,2022
456.12207674218945,12,SB-22-Z-C,2022
11656.051405757187,15,SB-22-Z-C,2022
26.498094335937513,18,SB-22-Z-C,2022
84.9976085546875,25,SB-22-Z-C,2022
10.4604851328125,33,SB-22-Z-C,2022
4020.4536791328314,3,SC-22-X-A,2022
2605.717323406264,4,SC-22-X-A,2022
507.97484461718676,12,SC-22-X-A,2022
10189.133371593587,15,SC-22-X-A,2022
422.2491131171885,18,SC-22-X-A,2022
40.35892233593748,25,SC-22-X-A,2022
113.20111310156321,33,SC-22-X-A,2022
16530.02197375999,3,SB-22-Y-D,2022
759.3693746015555,4,SB-22-Y-D,2022
557.014303124997,12,SB-22-Y-D,2022
429.0445477109303,15,SB-22-Y-D,2022
1.4180928593750002,18,SB-22-Y-D,2022
13.033278734375001,25,SB-22-Y-D,2022
69.09469364062498,33,SB-22-Y-D,2022
13021.976111789983,3,SC-22-V-B,2022
749.3401352187552,4,SC-22-V-B,2022
1076.1841186640504,12,SC-22-V-B,2022
3205.88686714071,15,SC-22-V-B,2022
78.82672507812522,18,SC-22-V-B,2022
8.7656924375,25,SC-22-V-B,2022
125.25181356250033,33,SC-22-V-B,2022
17996.975337814594,3,SC-22-V-A,2022
83.8154288437499,4,SC-22-V-A,2022
14.863313898437498,12,SC-22-V-A,2022
17.686559976562503,15,SC-22-V-A,2022
0.6192746484375,18,SC-22-V-A,2022
161.64664525781274,33,SC-22-V-A,2022
17835.668714860272,3,SB-22-Y-C,2022
16.308825960937504,4,SB-22-Y-C,2022
64.18958367968753,12,SB-22-Y-C,2022
240.6221493906262,15,SB-22-Y-C,2022
0.265684359375,18,SB-22-Y-C,2022
211.59990234375007,33,SB-22-Y-C,2022
6575.038334586379,3,SB-22-Y-B,2022
185.94752526562485,4,SB-22-Y-B,2022
43.33692266406255,12,SB-22-Y-B,2022
11135.389204975649,15,SB-22-Y-B,2022
3.2870791328124995,18,SB-22-Y-B,2022
133.12807718749974,25,SB-22-Y-B,2022
281.63307563281325,33,SB-22-Y-B,2022
14038.189403360513,3,SB-22-Y-A,2022
36.25230316406255,4,SB-22-Y-A,2022
117.59178978125011,12,SB-22-Y-A,2022
4100.409513374928,15,SB-22-Y-A,2022
1.599697203125,18,SB-22-Y-A,2022
63.895051890625005,33,SB-22-Y-A,2022
15225.102192433611,3,SB-22-V-D,2022
151.88285573437568,4,SB-22-V-D,2022
3.0255273359375,12,SB-22-V-D,2022
2988.6667769142487,15,SB-22-V-D,2022
1.8677306796875,18,SB-22-V-D,2022
11.6515901484375,25,SB-22-V-D,2022
8.543903414062502,33,SB-22-V-D,2022
17209.032534068072,3,SB-22-V-C,2022
2.4909073671875004,4,SB-22-V-C,2022
113.31428341406243,12,SB-22-V-C,2022
804.5134654843994,15,SB-22-V-C,2022
0.1779348828125,18,SB-22-V-C,2022
0.17790830468750002,25,SB-22-V-C,2022
261.0335431406255,33,SB-22-V-C,2022
11931.501827360164,3,SC-21-X-D,2022
398.1112707968727,4,SC-21-X-D,2022
830.3930872343687,12,SC-21-X-D,2022
4567.86212878153,15,SC-21-X-D,2022
412.56665528124574,18,SC-21-X-D,2022
25.192979828125033,25,SC-21-X-D,2022
25.918586765624973,33,SC-21-X-D,2022
17063.250076149467,3,SC-22-V-C,2022
294.11070203124905,4,SC-22-V-C,2022
140.89675488281247,12,SC-22-V-C,2022
524.122750101559,15,SC-22-V-C,2022
99.64548955468774,18,SC-22-V-C,2022
81.27607417968748,33,SC-22-V-C,2022
13547.929198429803,3,SC-22-Y-A,2022
151.195556421875,4,SC-22-Y-A,2022
34.388312031249974,12,SC-22-Y-A,2022
3661.206902773467,15,SC-22-Y-A,2022
586.3117518437539,18,SC-22-Y-A,2022
1.4056691171875002,25,SC-22-Y-A,2022
167.9501542578125,33,SC-22-Y-A,2022
7197.492267727598,3,SC-21-Z-B,2022
10.204261976562497,4,SC-21-Z-B,2022
42.466533171875014,12,SC-21-Z-B,2022
9144.69704321302,15,SC-21-Z-B,2022
1516.2626408906644,18,SC-21-Z-B,2022
178.38273403906234,25,SC-21-Z-B,2022
46.712614679687476,33,SC-21-Z-B,2022
15185.46377730365,3,SC-22-Y-C,2022
146.95929746875007,4,SC-22-Y-C,2022
98.84140937499996,12,SC-22-Y-C,2022
738.7515563671811,15,SC-22-Y-C,2022
1363.8839531718975,18,SC-22-Y-C,2022
377.49592673437456,33,SC-22-Y-C,2022
11158.56796415611,3,SC-21-Z-D,2022
0.5267761718749999,4,SC-21-Z-D,2022
80.59058744531222,12,SC-21-Z-D,2022
2596.531194734469,15,SC-21-Z-D,2022
4061.702774906264,18,SC-21-Z-D,2022
41.3475126328125,25,SC-21-Z-D,2022
140.44696604687468,33,SC-21-Z-D,2022
10925.53546796806,3,SD-21-X-B,2022
45.92710912500007,4,SD-21-X-B,2022
24.914266749999975,12,SD-21-X-B,2022
1958.3469616327682,15,SD-21-X-B,2022
4995.993184374988,18,SD-21-X-B,2022
10.484273750000007,25,SD-21-X-B,2022
52.32260261718748,33,SD-21-X-B,2022
6420.8381040939885,3,SD-21-X-D,2022
3402.3527101952996,4,SD-21-X-D,2022
99.86737867968746,12,SD-21-X-D,2022
1967.9414157109663,15,SD-21-X-D,2022
5695.81558321103,18,SD-21-X-D,2022
22.622174328125002,25,SD-21-X-D,2022
20.87455341406252,33,SD-21-X-D,2022
14519.398130304386,3,SD-22-V-A,2022
982.5229800156293,4,SD-22-V-A,2022
168.03220510937547,12,SD-22-V-A,2022
482.3388499140623,15,SD-22-V-A,2022
1154.7780838671947,18,SD-22-V-A,2022
372.28232629687267,33,SD-22-V-A,2022
4480.774630452956,3,SD-22-V-C,2022
4475.299400382793,4,SD-22-V-C,2022
339.56337119531105,12,SD-22-V-C,2022
4145.398644124939,15,SD-22-V-C,2022
4010.5630147653337,18,SD-22-V-C,2022
4.783999374999999,25,SD-22-V-C,2022
69.78985499218749,33,SD-22-V-C,2022
5884.056604283144,3,SC-22-Y-B,2022
972.9846936093936,4,SC-22-Y-B,2022
188.07309131250094,12,SC-22-Y-B,2022
7945.189300392654,15,SC-22-Y-B,2022
1937.2366628438515,18,SC-22-Y-B,2022
24.533064398437496,25,SC-22-Y-B,2022
33.50893328124995,33,SC-22-Y-B,2022
5588.609596062146,3,SC-22-Y-D,2022
2264.4707759062167,4,SC-22-Y-D,2022
264.43434534374927,12,SC-22-Y-D,2022
4907.655925984289,15,SC-22-Y-D,2022
2616.3043107031795,18,SC-22-Y-D,2022
8.326922789062495,25,SC-22-Y-D,2022
60.18500595312486,33,SC-22-Y-D,2022
5157.399218093768,3,SD-22-V-B,2022
2252.1022933826944,4,SD-22-V-B,2022
423.62025156249933,12,SD-22-V-B,2022
3656.4191866013985,15,SD-22-V-B,2022
4243.387597257787,18,SD-22-V-B,2022
16.409771843749994,25,SD-22-V-B,2022
133.98893830468757,33,SD-22-V-B,2022
1791.9482857188061,3,SD-22-V-D,2022
5708.88237824231,4,SD-22-V-D,2022
485.49422855468805,12,SD-22-V-D,2022
3138.4626837968167,15,SD-22-V-D,2022
2472.2758603592333,18,SD-22-V-D,2022
27.822464101562524,25,SD-22-V-D,2022
77.61777181249984,33,SD-22-V-D,2022
4624.430389593668,3,SC-22-Z-A,2022
3269.832705992289,4,SC-22-Z-A,2022
542.6817516562533,12,SC-22-Z-A,2022
2282.352950210983,15,SC-22-Z-A,2022
1052.2451996249813,18,SC-22-Z-A,2022
69.90991775781248,25,SC-22-Z-A,2022
288.98138056250065,33,SC-22-Z-A,2022
6249.3475072269575,3,SC-22-X-C,2022
2184.448106007829,4,SC-22-X-C,2022
360.85182717187513,12,SC-22-X-C,2022
6705.903029969737,15,SC-22-X-C,2022
1505.1316653593833,18,SC-22-X-C,2022
74.35578169531259,25,SC-22-X-C,2022
230.31325346874996,33,SC-22-X-C,2022
10123.246304539947,3,SC-22-V-D,2022
491.68033932031057,4,SC-22-V-D,2022
206.65386562500157,12,SC-22-V-D,2022
7019.670065843561,15,SC-22-V-D,2022
231.11057397656188,18,SC-22-V-D,2022
146.43648595312493,33,SC-22-V-D,2022
1979.216383023492,3,SC-22-X-D,2022
8563.317315055237,4,SC-22-X-D,2022
921.2093860703001,12,SC-22-X-D,2022
5145.457327774102,15,SC-22-X-D,2022
896.7763028359205,18,SC-22-X-D,2022
71.34819509375004,25,SC-22-X-D,2022
158.33442556250031,33,SC-22-X-D,2022
2996.072901203054,3,SE-21-V-B,2022
3065.463875390642,4,SE-21-V-B,2022
5296.210325023398,12,SE-21-V-B,2022
3692.4405110468974,15,SE-21-V-B,2022
66.87536067187506,18,SE-21-V-B,2022
39.467321765624924,25,SE-21-V-B,2022
408.434851515625,33,SE-21-V-B,2022
472.35108813281136,3,SE-21-V-A,2022
779.6040606015896,4,SE-21-V-A,2022
317.61763174219107,12,SE-21-V-A,2022
3478.4251413359743,15,SE-21-V-A,2022
33.267011515624965,18,SE-21-V-A,2022
23.20672863281254,33,SE-21-V-A,2022
2194.3999783437866,3,SD-21-Y-C,2022
3278.5898398751815,4,SD-21-Y-C,2022
339.55483500781185,12,SD-21-Y-C,2022
11275.833395287254,15,SD-21-Y-C,2022
296.76195708593775,18,SD-21-Y-C,2022
35.31157475781254,25,SD-21-Y-C,2022
54.101518773437604,33,SD-21-Y-C,2022
4541.79994064079,3,SD-21-Y-D,2022
1831.0737671094264,4,SD-21-Y-D,2022
421.3829297031257,12,SD-21-Y-D,2022
10119.279350625582,15,SD-21-Y-D,2022
362.1825656640628,18,SD-21-Y-D,2022
49.941626195312494,25,SD-21-Y-D,2022
125.0306707812502,33,SD-21-Y-D,2022
32.50583747656251,3,SE-20-X-B,2022
90.4531836562491,4,SE-20-X-B,2022
4.556867906249999,12,SE-20-X-B,2022
457.2229408203131,15,SE-20-X-B,2022
1.6333459296875,18,SE-20-X-B,2022
2.0631605,33,SE-20-X-B,2022
524.9448139062495,3,SD-20-Z-D,2022
925.8568133671874,4,SD-20-Z-D,2022
45.728876078125026,12,SD-20-Z-D,2022
1759.9610333906705,15,SD-20-Z-D,2022
13.877467414062503,18,SD-20-Z-D,2022
80.08937709374999,33,SD-20-Z-D,2022
1484.4762193905956,3,SD-20-Z-B,2022
251.93932927343604,4,SD-20-Z-B,2022
466.34564360937645,12,SD-20-Z-B,2022
1676.5273717812513,15,SD-20-Z-B,2022
338.81133856250085,18,SD-20-Z-B,2022
44.54368955468748,33,SD-20-Z-B,2022
3749.2933102658294,3,SD-21-Y-A,2022
4511.453961921951,4,SD-21-Y-A,2022
5607.1478208677345,12,SD-21-Y-A,2022
3047.3537650391804,15,SD-21-Y-A,2022
804.4425643203137,18,SD-21-Y-A,2022
58.71571188281259,25,SD-21-Y-A,2022
32.79823699999996,33,SD-21-Y-A,2022
2993.945655914207,3,SD-21-Y-B,2022
2594.78375407029,4,SD-21-Y-B,2022
3108.9948786015766,12,SD-21-Y-B,2022
4749.918623538594,15,SD-21-Y-B,2022
3989.7958305078782,18,SD-21-Y-B,2022
69.28290712500018,25,SD-21-Y-B,2022
50.289053859374945,33,SD-21-Y-B,2022
5754.795451015456,3,SD-21-V-D,2022
2570.912039101542,4,SD-21-V-D,2022
2104.09179378911,12,SD-21-V-D,2022
1134.7978069999663,15,SD-21-V-D,2022
6248.258472843458,18,SD-21-V-D,2022
50.443218,25,SD-21-V-D,2022
8.443717953125002,33,SD-21-V-D,2022
7294.016670851281,3,SD-21-X-C,2022
929.1793981640577,4,SD-21-X-C,2022
108.97730530468733,12,SD-21-X-C,2022
1526.6371238516085,15,SD-21-X-C,2022
7843.616509109015,18,SD-21-X-C,2022
93.36104135156215,25,SD-21-X-C,2022
33.592800179687494,33,SD-21-X-C,2022
3880.78550327356,3,SD-21-Z-A,2022
6422.727543187201,4,SD-21-Z-A,2022
108.17266963281166,12,SD-21-Z-A,2022
3843.8288079533,15,SD-21-Z-A,2022
2837.097135124881,18,SD-21-Z-A,2022
93.82848114843756,25,SD-21-Z-A,2022
266.80523174999695,33,SD-21-Z-A,2022
2949.72604473444,3,SD-21-Z-C,2022
8508.886601844386,4,SD-21-Z-C,2022
235.72022157812426,12,SD-21-Z-C,2022
4859.733363640854,15,SD-21-Z-C,2022
166.15405687499938,18,SD-21-Z-C,2022
370.14345453906185,25,SD-21-Z-C,2022
166.99328071093774,33,SD-21-Z-C,2022
6227.804548515115,3,SD-21-X-A,2022
372.4148601328125,4,SD-21-X-A,2022
44.247497734374974,12,SD-21-X-A,2022
1367.3089942812799,15,SD-21-X-A,2022
9814.241326999329,18,SD-21-X-A,2022
87.74309695312486,25,SD-21-X-A,2022
85.48065941406252,33,SD-21-X-A,2022
11334.956388882058,3,SD-21-V-B,2022
1203.558641320312,4,SD-21-V-B,2022
161.82734776562518,12,SD-21-V-B,2022
2678.0822007811053,15,SD-21-V-B,2022
2568.368710523357,18,SD-21-V-B,2022
18.688456132812483,25,SD-21-V-B,2022
36.43416655468749,33,SD-21-V-B,2022
10004.282658756825,3,SC-21-Y-D,2022
19.6306792890625,12,SC-21-Y-D,2022
6463.000273171831,15,SC-21-Y-D,2022
1436.407743804706,18,SC-21-Y-D,2022
16.48841082031252,25,SC-21-Y-D,2022
139.81641949218766,33,SC-21-Y-D,2022
9312.256585248995,3,SC-21-Z-C,2022
57.61478205468755,4,SC-21-Z-C,2022
134.06668027343736,12,SC-21-Z-C,2022
2576.848983742214,15,SC-21-Z-C,2022
5774.416614585723,18,SC-21-Z-C,2022
60.493817257812545,25,SC-21-Z-C,2022
187.6014712656252,33,SC-21-Z-C,2022
8957.610313282525,3,SC-21-Z-A,2022
40.76252762499996,4,SC-21-Z-A,2022
506.4153912500002,12,SC-21-Z-A,2022
7833.814745143546,15,SC-21-Z-A,2022
646.5595945390655,18,SC-21-Z-A,2022
5.366061351562501,25,SC-21-Z-A,2022
178.31832447656274,33,SC-21-Z-A,2022
11051.295297265506,3,SC-21-X-C,2022
9.268554476562498,4,SC-21-X-C,2022
99.35091446093747,12,SC-21-X-C,2022
6468.370620086646,15,SC-21-X-C,2022
288.0853873437493,18,SC-21-X-C,2022
31.89772213281244,25,SC-21-X-C,2022
277.67629856249704,33,SC-21-X-C,2022
11434.928431313205,3,SC-21-Y-B,2022
15.644313015624991,4,SC-21-Y-B,2022
324.9235884140658,12,SC-21-Y-B,2022
6164.285599025156,15,SC-21-Y-B,2022
8.702052984375003,18,SC-21-Y-B,2022
2.287644421875,25,SC-21-Y-B,2022
188.43869117187504,33,SC-21-Y-B,2022
13798.146042273582,3,SC-21-Y-C,2022
80.07662564843773,4,SC-21-Y-C,2022
40.89110710937494,12,SC-21-Y-C,2022
4134.564501820237,15,SC-21-Y-C,2022
27.9547939140625,18,SC-21-Y-C,2022
20.42987978906253,25,SC-21-Y-C,2022
10.168296359375002,33,SC-21-Y-C,2022
12891.68837187647,3,SC-21-Y-A,2022
6.156727812499998,4,SC-21-Y-A,2022
173.57771531250012,12,SC-21-Y-A,2022
5029.456675282558,15,SC-21-Y-A,2022
37.43195344531251,18,SC-21-Y-A,2022
9.945928960937485,25,SC-21-Y-A,2022
23.92980243749997,33,SC-21-Y-A,2022
16060.048221032117,3,SC-20-Z-B,2022
5.274676593750001,4,SC-20-Z-B,2022
27.966640554687483,12,SC-20-Z-B,2022
2001.5150023124993,15,SC-20-Z-B,2022
1.5826771171875,18,SC-20-Z-B,2022
42.384349851562455,33,SC-20-Z-B,2022
10654.949040662734,3,SC-20-Z-D,2022
121.20990390625019,4,SC-20-Z-D,2022
531.9816675859361,12,SC-20-Z-D,2022
6630.13779933564,15,SC-20-Z-D,2022
23.918791156249995,18,SC-20-Z-D,2022
51.09605432812495,25,SC-20-Z-D,2022
50.91936057031255,33,SC-20-Z-D,2022
9496.446010249216,3,SD-20-X-B,2022
629.2314032968734,4,SD-20-X-B,2022
517.4619261093732,12,SD-20-X-B,2022
6102.1908905702385,15,SD-20-X-B,2022
1087.7504444453152,18,SD-20-X-B,2022
88.05921517968765,25,SD-20-X-B,2022
77.63983533593772,33,SD-20-X-B,2022
5604.874126320157,3,SD-20-X-D,2022
1177.1357274765398,4,SD-20-X-D,2022
290.3142222343759,12,SD-20-X-D,2022
4274.575518765373,15,SD-20-X-D,2022
1535.3719098828615,18,SD-20-X-D,2022
20.119458164062465,25,SD-20-X-D,2022
74.77322881249997,33,SD-20-X-D,2022
9666.075471960174,3,SD-21-V-A,2022
7318.864063358986,4,SD-21-V-A,2022
153.55427408593738,12,SD-21-V-A,2022
330.6117740390623,15,SD-21-V-A,2022
499.7245144218721,18,SD-21-V-A,2022
45.04437329687498,25,SD-21-V-A,2022
21.67138732031252,33,SD-21-V-A,2022
5990.516168148582,3,SD-21-V-C,2022
4444.3121741172845,4,SD-21-V-C,2022
919.8875089687364,12,SD-21-V-C,2022
1145.4750492890616,15,SD-21-V-C,2022
5206.834502663721,18,SD-21-V-C,2022
62.52994632031242,25,SD-21-V-C,2022
18.45687302343749,33,SD-21-V-C,2022
1263.6225646405778,3,SD-20-X-C,2022
1742.6361387735083,4,SD-20-X-C,2022
595.2939253828097,12,SD-20-X-C,2022
136.6477746874993,15,SD-20-X-C,2022
4.439050554687501,18,SD-20-X-C,2022
122.88771285937416,33,SD-20-X-C,2022
4747.0231002420815,3,SD-20-V-B,2022
3.2322372421875,4,SD-20-V-B,2022
974.7705684218798,12,SD-20-V-B,2022
3583.9810187109133,15,SD-20-V-B,2022
3.2366249609375015,18,SD-20-V-B,2022
14.513595796874991,25,SD-20-V-B,2022
137.98955429687493,33,SD-20-V-B,2022
10898.030859586226,3,SD-20-X-A,2022
171.15946367968743,4,SD-20-X-A,2022
1905.1466761796755,12,SD-20-X-A,2022
4510.3095109842925,15,SD-20-X-A,2022
141.49010135937522,18,SD-20-X-A,2022
3.9351928671875003,25,SD-20-X-A,2022
55.75779577343751,33,SD-20-X-A,2022
4814.900900390423,3,SC-20-Z-C,2022
3.0692329531249993,4,SC-20-Z-C,2022
454.1991835312477,12,SC-20-Z-C,2022
12562.943472069728,15,SC-20-Z-C,2022
163.70775610937505,18,SC-20-Z-C,2022
61.59970457812497,25,SC-20-Z-C,2022
50.40750617968746,33,SC-20-Z-C,2022
5325.539179018115,3,SC-20-Z-A,2022
0.967268546875,4,SC-20-Z-A,2022
58.37181775000025,12,SC-20-Z-A,2022
12628.983011087828,15,SC-20-Z-A,2022
4.663971242187501,18,SC-20-Z-A,2022
75.74641703906241,25,SC-20-Z-A,2022
77.73985300781247,33,SC-20-Z-A,2022
9845.794422828763,3,SC-20-Y-B,2022
3.426574046874999,4,SC-20-Y-B,2022
129.6390519609373,12,SC-20-Y-B,2022
8100.564169602979,15,SC-20-Y-B,2022
8.715084718750003,18,SC-20-Y-B,2022
26.40160611718746,25,SC-20-Y-B,2022
56.50303028906237,33,SC-20-Y-B,2022
14788.328005491105,3,SC-20-Y-D,2022
34.10258667187508,4,SC-20-Y-D,2022
1088.7509941172118,12,SC-20-Y-D,2022
2143.5786671718292,15,SC-20-Y-D,2022
34.331017140624894,18,SC-20-Y-D,2022
2.977275625,25,SC-20-Y-D,2022
18.496769617187503,33,SC-20-Y-D,2022
479.24617677343673,3,SD-20-V-A,2022
0.1748711328125,4,SD-20-V-A,2022
120.59466283593815,12,SD-20-V-A,2022
51.42583865625009,15,SD-20-V-A,2022
58.24253482031242,33,SD-20-V-A,2022
8146.103954436999,3,SC-20-Y-C,2022
7.7177748046875,4,SC-20-Y-C,2022
324.7870492812477,12,SC-20-Y-C,2022
174.40445534375,15,SC-20-Y-C,2022
162.4043939765623,33,SC-20-Y-C,2022
6253.622051360295,3,SC-20-Y-A,2022
6.503628515625001,4,SC-20-Y-A,2022
96.31289235156216,12,SC-20-Y-A,2022
3690.1545052107263,15,SC-20-Y-A,2022
21.09433433593751,25,SC-20-Y-A,2022
102.88210025000001,33,SC-20-Y-A,2022
10399.118429247528,3,SB-23-V-D,2023
2577.154815500153,4,SB-23-V-D,2023
357.86050137501144,12,SB-23-V-D,2023
4425.316196961604,15,SB-23-V-D,2023
118.39573579687477,18,SB-23-V-D,2023
132.65799196875008,25,SB-23-V-D,2023
2.7596703671875,33,SB-23-V-D,2023
9740.592969296802,3,SB-23-X-A,2023
1936.9041436953707,4,SB-23-X-A,2023
214.42043919531264,12,SB-23-X-A,2023
5610.542089195386,15,SB-23-X-A,2023
1.8710988828125,18,SB-23-X-A,2023
127.82113207812517,25,SB-23-X-A,2023
57.507880390625,33,SB-23-X-A,2023
7485.877206820372,3,SB-23-V-B,2023
4.276310578124999,4,SB-23-V-B,2023
6.59895325,12,SB-23-V-B,2023
10207.788915765606,15,SB-23-V-B,2023
407.3810438906263,18,SB-23-V-B,2023
42.246527874999984,25,SB-23-V-B,2023
24.784281609375,33,SB-23-V-B,2023
7220.0163675164085,3,SA-23-Y-D,2023
8.655107562499998,4,SA-23-Y-D,2023
255.45071761718842,12,SA-23-Y-D,2023
10278.431718962838,15,SA-23-Y-D,2023
4.193685273437501,18,SA-23-Y-D,2023
67.36725833593763,25,SA-23-Y-D,2023
534.7315165390662,33,SA-23-Y-D,2023
9597.963407017098,3,SA-23-Z-C,2023
1992.4479590155818,4,SA-23-Z-C,2023
569.9800004843721,12,SA-23-Z-C,2023
3672.928877406141,15,SA-23-Z-C,2023
57.47704070312504,18,SA-23-Z-C,2023
69.87480266406257,25,SA-23-Z-C,2023
839.6672562812603,33,SA-23-Z-C,2023
3966.3957881170936,3,SA-23-Z-B,2023
1894.2967125311707,4,SA-23-Z-B,2023
617.8295032734395,12,SA-23-Z-B,2023
28.930590046874997,15,SA-23-Z-B,2023
1209.3432651718824,25,SA-23-Z-B,2023
414.563976195305,33,SA-23-Z-B,2023
2065.985381023413,3,SA-23-X-C,2023
35.83590145312494,4,SA-23-X-C,2023
0.26811839062500004,12,SA-23-X-C,2023
33.595603507812505,15,SA-23-X-C,2023
2.8592143749999996,18,SA-23-X-C,2023
27.25638040624999,25,SA-23-X-C,2023
264.1525529374991,33,SA-23-X-C,2023
7232.011266038705,3,SA-23-Z-A,2023
677.5813312968796,4,SA-23-Z-A,2023
772.969495796872,12,SA-23-Z-A,2023
1281.782550820309,15,SA-23-Z-A,2023
11.3418884296875,18,SA-23-Z-A,2023
415.55940110937365,25,SA-23-Z-A,2023
2849.7293370938432,33,SA-23-Z-A,2023
8764.296685469333,3,SA-23-Y-B,2023
13.131422593750004,4,SA-23-Y-B,2023
310.8362809999985,12,SA-23-Y-B,2023
8947.065624335639,15,SA-23-Y-B,2023
14.294185601562484,18,SA-23-Y-B,2023
44.92761857031253,25,SA-23-Y-B,2023
331.11168164062536,33,SA-23-Y-B,2023
9338.573338116737,3,SA-23-V-D,2023
72.20421901562491,4,SA-23-V-D,2023
102.86924349218744,12,SA-23-V-D,2023
3985.5931021170054,15,SA-23-V-D,2023
42.62185240625001,18,SA-23-V-D,2023
46.91938413281241,25,SA-23-V-D,2023
717.107467867182,33,SA-23-V-D,2023
141.8550244062497,3,SA-23-V-B,2023
2.5922061093750006,12,SA-23-V-B,2023
13.676106890624975,15,SA-23-V-B,2023
2.860379367187499,25,SA-23-V-B,2023
30.659333117187565,33,SA-23-V-B,2023
960.6685994374922,3,NB-22-Y-D,2023
9.451544484375,4,NB-22-Y-D,2023
551.8606677890605,12,NB-22-Y-D,2023
157.38970665625035,15,NB-22-Y-D,2023
284.84761268749946,33,NB-22-Y-D,2023
9668.99433834558,3,NA-22-V-B,2023
9.366732960937501,4,NA-22-V-B,2023
2064.293416328086,12,NA-22-V-B,2023
291.07051642968656,15,NA-22-V-B,2023
0.2677565078125,18,NA-22-V-B,2023
290.51125427343663,33,NA-22-V-B,2023
0.17855575,3,NA-22-X-A,2023
0.53566703125,33,NA-22-X-A,2023
1191.9147977499645,3,NA-22-X-C,2023
6.521116476562498,4,NA-22-X-C,2023
1342.2708641484433,12,NA-22-X-C,2023
24.38492946093749,15,NA-22-X-C,2023
2.0544995625,18,NA-22-X-C,2023
3.930588382812498,25,NA-22-X-C,2023
361.0957157578096,33,NA-22-X-C,2023
3971.9930272421207,3,NA-22-Z-A,2023
26.54177059375001,4,NA-22-Z-A,2023
7374.1298385857035,12,NA-22-Z-A,2023
31.725762414062515,15,NA-22-Z-A,2023
54.42756730468767,18,NA-22-Z-A,2023
2.144815515625001,25,NA-22-Z-A,2023
989.3405463437512,33,NA-22-Z-A,2023
3479.7104647109763,3,SA-23-V-A,2023
0.089390671875,4,SA-23-V-A,2023
200.14018579687476,12,SA-23-V-A,2023
1247.0427159609594,15,SA-23-V-A,2023
4.558721453125,18,SA-23-V-A,2023
64.7185644999999,25,SA-23-V-A,2023
567.8039432031276,33,SA-23-V-A,2023
19.935637882812493,3,NA-22-Z-D,2023
0.715179875,4,NA-22-Z-D,2023
79.92135327343766,12,NA-22-Z-D,2023
138.3868999453123,33,NA-22-Z-D,2023
1521.3201039844066,3,SA-22-X-B,2023
70.97676191406232,4,SA-22-X-B,2023
8739.018312031514,12,SA-22-X-B,2023
341.2805928203126,15,SA-22-X-B,2023
2.6816849453125005,18,SA-22-X-B,2023
27.53180835156251,25,SA-22-X-B,2023
2650.0935526563244,33,SA-22-X-B,2023
5162.468514468905,3,NA-22-Z-C,2023
82.5998440234375,4,NA-22-Z-C,2023
4013.465842179845,12,NA-22-Z-C,2023
456.97835985156314,15,NA-22-Z-C,2023
125.24142359374933,18,NA-22-Z-C,2023
1.3408661718750003,25,NA-22-Z-C,2023
4145.787624085968,33,NA-22-Z-C,2023
12928.585998537797,3,SA-22-X-A,2023
93.23965328125004,4,SA-22-X-A,2023
2077.2029978593596,12,SA-22-X-A,2023
63.914489882812546,15,SA-22-X-A,2023
1.3409537187500002,18,SA-22-X-A,2023
2.3242254296875,25,SA-22-X-A,2023
3238.444424155952,33,SA-22-X-A,2023
14513.213249540726,3,NA-22-Y-D,2023
18.951283179687536,4,NA-22-Y-D,2023
2374.3066794765564,12,NA-22-Y-D,2023
465.2072501953165,15,NA-22-Y-D,2023
28.338152218750043,18,NA-22-Y-D,2023
114.24673257812577,25,NA-22-Y-D,2023
208.10311870312523,33,NA-22-Y-D,2023
14690.122632231056,3,SA-22-V-B,2023
22.527658531250008,4,SA-22-V-B,2023
1271.6407690546378,12,SA-22-V-B,2023
261.02245556250114,15,SA-22-V-B,2023
1.1620497734375002,18,SA-22-V-B,2023
43.357239765624776,25,SA-22-V-B,2023
1953.1571525703039,33,SA-22-V-B,2023
17639.257690449092,3,SA-22-V-A,2023
0.089395234375,4,SA-22-V-A,2023
39.95794848437502,12,SA-22-V-A,2023
136.1373261328127,15,SA-22-V-A,2023
5.005766375,18,SA-22-V-A,2023
9.028199656249999,25,SA-22-V-A,2023
127.20696701562474,33,SA-22-V-A,2023
18395.309354752033,3,NA-22-Y-C,2023
2.145499671875,12,NA-22-Y-C,2023
1.0727108593749999,15,NA-22-Y-C,2023
0.715111015625,18,NA-22-Y-C,2023
73.5712498515624,33,NA-22-Y-C,2023
17784.656204000945,3,NA-22-Y-B,2023
0.446893828125,4,NA-22-Y-B,2023
619.1351175624895,12,NA-22-Y-B,2023
28.422153835937458,15,NA-22-Y-B,2023
2.94948165625,18,NA-22-Y-B,2023
3.485975570312499,25,NA-22-Y-B,2023
26.992318429687472,33,NA-22-Y-B,2023
18427.389532649715,3,NA-22-Y-A,2023
7.7756813906249995,12,NA-22-Y-A,2023
1.2510644218749998,15,NA-22-Y-A,2023
0.9830324843750001,18,NA-22-Y-A,2023
29.94009718749999,33,NA-22-Y-A,2023
17956.516515923042,3,NA-22-V-D,2023
224.954189289062,12,NA-22-V-D,2023
11.967758765625002,15,NA-22-V-D,2023
1.071811734375,18,NA-22-V-D,2023
5.538271921874999,25,NA-22-V-D,2023
27.326572968749975,33,NA-22-V-D,2023
5558.250792898278,3,NA-22-V-C,2023
0.44659905468750005,12,NA-22-V-C,2023
0.17867334375,18,NA-22-V-C,2023
12.504222773437496,33,NA-22-V-C,2023
18336.33002679234,3,NA-21-Z-B,2023
1.9660101171875,4,NA-21-Z-B,2023
71.31191378906229,12,NA-21-Z-B,2023
1.5192179062500004,15,NA-21-Z-B,2023
2.4131345859374993,18,NA-21-Z-B,2023
20.018537218750005,33,NA-21-Z-B,2023
6775.123038226524,3,NA-21-X-D,2023
22.24238437499997,12,NA-21-X-D,2023
3.3944967109374997,15,NA-21-X-D,2023
0.17868264843749998,33,NA-21-X-D,2023
18377.34279878122,3,NA-21-Z-D,2023
1.4302660078125,4,NA-21-Z-D,2023
25.655736187500008,12,NA-21-Z-D,2023
2.5029823984375,15,NA-21-Z-D,2023
0.2681916171875,18,NA-21-Z-D,2023
32.35972206250005,33,NA-21-Z-D,2023
18300.205252645635,3,SA-21-X-B,2023
1.2514926249999998,4,SA-21-X-B,2023
107.26424246875038,12,SA-21-X-B,2023
26.011787265624992,15,SA-21-X-B,2023
0.17878922656250001,18,SA-21-X-B,2023
3.2179737265624997,33,SA-21-X-B,2023
18296.798352357044,3,SA-21-X-A,2023
1.16216384375,4,SA-21-X-A,2023
21.901992828125014,12,SA-21-X-A,2023
1.3409108437500001,15,SA-21-X-A,2023
151.16352537499958,33,SA-21-X-A,2023
17825.976135331795,3,NA-21-Z-C,2023
25.745099937499987,4,NA-21-Z-C,2023
499.6057473046831,12,NA-21-Z-C,2023
4.112121734374999,15,NA-21-Z-C,2023
115.14001824218703,33,NA-21-Z-C,2023
13194.200114117622,3,NA-21-Z-A,2023
15.638128289062498,4,NA-21-Z-A,2023
3929.2557475077206,12,NA-21-Z-A,2023
6.7914779609375,15,NA-21-Z-A,2023
17.248745335937503,33,NA-21-Z-A,2023
2026.7598056328538,3,NA-21-X-C,2023
1.8760513515625,4,NA-21-X-C,2023
881.2252361875118,12,NA-21-X-C,2023
6.699845320312496,15,NA-21-X-C,2023
0.44666474999999994,33,NA-21-X-C,2023
13258.24032129826,3,NA-21-Y-B,2023
0.35747637499999996,12,NA-21-Y-B,2023
1.7874563984374998,15,NA-21-Y-B,2023
18.411981320312496,33,NA-21-Y-B,2023
19.834327499999983,3,NA-21-V-D,2023
18409.791093543336,3,NA-21-Y-D,2023
3.486406249999999,12,NA-21-Y-D,2023
1.4302893359375,15,NA-21-Y-D,2023
24.941300531250015,33,NA-21-Y-D,2023
18313.786917152775,3,SA-21-V-B,2023
0.5363471171874999,4,SA-21-V-B,2023
22.16899442187498,12,SA-21-V-B,2023
9.475354000000003,15,SA-21-V-B,2023
93.68147696093766,33,SA-21-V-B,2023
18328.448893309378,3,SA-21-V-A,2023
15.106917249999997,12,SA-21-V-A,2023
2.1453372890624998,15,SA-21-V-A,2023
10.369417804687492,25,SA-21-V-A,2023
116.74336050781248,33,SA-21-V-A,2023
17557.564781439185,3,NA-21-Y-C,2023
5.452686210937499,4,NA-21-Y-C,2023
7.687301687499999,12,NA-21-Y-C,2023
821.0343813046642,15,NA-21-Y-C,2023
6.435856523437503,25,NA-21-Y-C,2023
74.46014296093784,33,NA-21-Y-C,2023
9508.752484170665,3,NA-21-Y-A,2023
0.6254431875,4,NA-21-Y-A,2023
110.07976532031196,12,NA-21-Y-A,2023
147.7475386796871,15,NA-21-Y-A,2023
7.329205992187502,33,NA-21-Y-A,2023
17771.416370168066,3,SA-20-X-B,2023
363.2195073750013,12,SA-20-X-B,2023
43.89374900000003,15,SA-20-X-B,2023
0.8939750000000001,18,SA-20-X-B,2023
48.538764671875015,25,SA-20-X-B,2023
179.50447703906133,33,SA-20-X-B,2023
14820.899725227371,3,NA-20-Z-D,2023
2.2346447499999997,4,NA-20-Z-D,2023
1813.225379335922,12,NA-20-Z-D,2023
1274.7934038515998,15,NA-20-Z-D,2023
0.625771296875,18,NA-20-Z-D,2023
7.7767172109375,25,NA-20-Z-D,2023
473.24990598437813,33,NA-20-Z-D,2023
13339.75663786643,3,NA-20-Z-B,2023
5.183356601562502,4,NA-20-Z-B,2023
2923.8873080154904,12,NA-20-Z-B,2023
1742.3690551015427,15,NA-20-Z-B,2023
0.1787411640625,18,NA-20-Z-B,2023
9.651411078125001,25,NA-20-Z-B,2023
409.3154491406248,33,NA-20-Z-B,2023
10092.906408641436,3,NA-20-X-D,2023
3.572385921875,4,NA-20-X-D,2023
4582.887876366936,12,NA-20-X-D,2023
3124.3263264452253,15,NA-20-X-D,2023
154.03071585156425,18,NA-20-X-D,2023
119.83301782031288,25,NA-20-X-D,2023
266.22280742968763,33,NA-20-X-D,2023
505.36981528124727,3,NA-21-V-C,2023
3.39368909375,4,NA-21-V-C,2023
910.3268017031027,12,NA-21-V-C,2023
45.99556949218739,15,NA-21-V-C,2023
10.89435296875,33,NA-21-V-C,2023
29.168766343750058,3,NA-21-V-A,2023
12.938596640624999,4,NA-21-V-A,2023
2605.9031160233476,12,NA-21-V-A,2023
31.500670578125018,15,NA-21-V-A,2023
10.618404187500001,18,NA-21-V-A,2023
6.246041859374998,25,NA-21-V-A,2023
40.511350203125026,33,NA-21-V-A,2023
1612.4120604609525,3,NA-20-X-B,2023
8.563218390625,4,NA-20-X-B,2023
15892.656715407835,12,NA-20-X-B,2023
359.4129878750032,15,NA-20-X-B,2023
215.48216555468863,18,NA-20-X-B,2023
304.2368010390678,33,NA-20-X-B,2023
2595.405409773478,3,NB-20-Z-D,2023
36.10856360156251,4,NB-20-Z-D,2023
10943.380277156708,12,NB-20-Z-D,2023
70.1610025859374,15,NB-20-Z-D,2023
2.674513609375,18,NB-20-Z-D,2023
3.2086375078125005,25,NB-20-Z-D,2023
21.483311554687486,33,NB-20-Z-D,2023
219.34826724999675,3,NB-21-Y-C,2023
5.3498329687499995,4,NB-21-Y-C,2023
1542.0220433828554,12,NB-21-Y-C,2023
21.757793687499998,15,NB-21-Y-C,2023
1.6942951093749996,18,NB-21-Y-C,2023
15.6917836953125,33,NB-21-Y-C,2023
1593.033309617245,3,NB-20-Z-B,2023
0.8905676171875001,4,NB-20-Z-B,2023
89.59232557812511,12,NB-20-Z-B,2023
2.582510890625,15,NB-20-Z-B,2023
7.746999382812498,33,NB-20-Z-B,2023
24.66968249218752,3,NB-21-Y-A,2023
0.6234099375,33,NB-21-Y-A,2023
2421.0131858747636,3,NB-20-Z-C,2023
0.4458504296875,12,NB-20-Z-C,2023
1.6942640546875,15,NB-20-Z-C,2023
1.0701479453125,33,NB-20-Z-C,2023
640.6591715937725,3,NB-20-Y-D,2023
3.3889230546875,15,NB-20-Y-D,2023
0.089176828125,33,NB-20-Y-D,2023
591.4807118671845,3,NB-20-Y-C,2023
2.4079285859375,15,NB-20-Y-C,2023
0.4458816953125,33,NB-20-Y-C,2023
171.78266916406324,3,NA-20-V-A,2023
1.15949853125,15,NA-20-V-A,2023
0.624332625,33,NA-20-V-A,2023
370.4885252109346,3,NA-19-X-D,2023
4.3777476718749995,12,NA-19-X-D,2023
0.8040876484375001,33,NA-19-X-D,2023
9522.545548258076,3,NA-20-V-D,2023
0.0893140078125,4,NA-20-V-D,2023
30.360930304687486,12,NA-20-V-D,2023
17.323781132812492,15,NA-20-V-D,2023
0.0893148984375,18,NA-20-V-D,2023
1.6074224687500003,33,NA-20-V-D,2023
14027.722599453042,3,NA-20-V-B,2023
4.3729477812500015,12,NA-20-V-B,2023
16.414499867187505,15,NA-20-V-B,2023
4.01495728125,25,NA-20-V-B,2023
47.11106317187495,33,NA-20-V-B,2023
16390.62675732621,3,NA-20-X-A,2023
8.207911085937502,4,NA-20-X-A,2023
506.8563951953139,12,NA-20-X-A,2023
457.8984894843788,15,NA-20-X-A,2023
0.0892294765625,18,NA-20-X-A,2023
113.88396285937509,33,NA-20-X-A,2023
17145.04087142546,3,NA-20-X-C,2023
6.250547796875001,12,NA-20-X-C,2023
1264.9162943593863,15,NA-20-X-C,2023
0.3572922734375,18,NA-20-X-C,2023
39.826719578124965,33,NA-20-X-C,2023
15645.43321460743,3,NA-20-Y-B,2023
0.17875896875000002,4,NA-20-Y-B,2023
67.65917397656247,12,NA-20-Y-B,2023
18.589206578124998,15,NA-20-Y-B,2023
38.25384695312496,33,NA-20-Y-B,2023
16874.916428524743,3,NA-20-Z-A,2023
1.1618369609375,4,NA-20-Z-A,2023
1350.4927159686956,12,NA-20-Z-A,2023
51.82942722656242,15,NA-20-Z-A,2023
0.7149141484375001,18,NA-20-Z-A,2023
186.70479607031322,33,NA-20-Z-A,2023
12761.490725069532,3,NA-20-Z-C,2023
0.8045478906250001,4,NA-20-Z-C,2023
4244.7927820707555,12,NA-20-Z-C,2023
4.558792734375001,15,NA-20-Z-C,2023
0.17877277343749998,18,NA-20-Z-C,2023
1.6091273593750002,25,NA-20-Z-C,2023
1383.4827321875016,33,NA-20-Z-C,2023
16151.487196831726,3,SA-20-X-A,2023
0.178784,4,SA-20-X-A,2023
991.8208820155897,12,SA-20-X-A,2023
46.12487200781247,15,SA-20-X-A,2023
2.0558550390625006,25,SA-20-X-A,2023
1128.6455367890521,33,SA-20-X-A,2023
15448.351336226071,3,SA-20-V-B,2023
0.268187953125,4,SA-20-V-B,2023
1471.952827445249,12,SA-20-V-B,2023
7.2407781484375,15,SA-20-V-B,2023
1481.7090869765582,33,SA-20-V-B,2023
15559.000901413054,3,NA-20-Y-D,2023
0.9833366171875,4,NA-20-Y-D,2023
2729.8379339530393,12,NA-20-Y-D,2023
11.799532507812504,15,NA-20-Y-D,2023
156.97813717968756,33,NA-20-Y-D,2023
17226.93272859023,3,SA-20-V-A,2023
0.7151216484375,4,SA-20-V-A,2023
314.47985751562675,12,SA-20-V-A,2023
20.82905829687502,15,SA-20-V-A,2023
2.2348807109375,25,SA-20-V-A,2023
805.8030677968668,33,SA-20-V-A,2023
17307.826140603687,3,NA-20-Y-C,2023
50.41788620312499,12,NA-20-Y-C,2023
5.989358343749997,15,NA-20-Y-C,2023
22.169530562500007,33,NA-20-Y-C,2023
2023.6895126642687,3,NA-20-Y-A,2023
4.468932468749998,12,NA-20-Y-A,2023
2.32387765625,15,NA-20-Y-A,2023
3.396356507812499,33,NA-20-Y-A,2023
5380.7345526884,3,NA-19-Z-B,2023
9.025740101562501,12,NA-19-Z-B,2023
3.038436984375,15,NA-19-Z-B,2023
58.988043703125,33,NA-19-Z-B,2023
16722.682013404614,3,NA-19-Z-D,2023
0.178791078125,4,NA-19-Z-D,2023
134.89344010937484,12,NA-19-Z-D,2023
10.816691742187498,15,NA-19-Z-D,2023
298.0335451484368,33,NA-19-Z-D,2023
17910.69667504498,3,SA-19-X-B,2023
0.089390875,4,SA-19-X-B,2023
73.74874696093742,12,SA-19-X-B,2023
23.332609234375035,15,SA-19-X-B,2023
6.257811312500001,25,SA-19-X-B,2023
458.4205209687493,33,SA-19-X-B,2023
18322.007925629154,3,SA-19-X-A,2023
0.2681888984375,4,SA-19-X-A,2023
26.282087523437507,12,SA-19-X-A,2023
0.3575898359375,15,SA-19-X-A,2023
90.7332977812508,33,SA-19-X-A,2023
17947.532615299864,3,NA-19-Z-C,2023
4.559059890624999,4,NA-19-Z-C,2023
188.70774656249853,12,NA-19-Z-C,2023
4.648586593750001,15,NA-19-Z-C,2023
294.2010813125018,33,NA-19-Z-C,2023
15282.396107181303,3,NA-19-Z-A,2023
30.205643179687495,12,NA-19-Z-A,2023
6.881692070312503,15,NA-19-Z-A,2023
97.14505775000016,33,NA-19-Z-A,2023
9219.388067608155,3,SA-19-V-B,2023
6.4364503671875,12,SA-19-V-B,2023
2.1454270859375004,15,SA-19-V-B,2023
15.911277421875004,33,SA-19-V-B,2023
8777.438594874748,3,NA-19-Y-D,2023
4.648404718749999,12,NA-19-Y-D,2023
31.556575390624978,15,NA-19-Y-D,2023
108.7014539921874,33,NA-19-Y-D,2023
7003.040631899612,3,NA-19-Y-B,2023
8.579057164062501,12,NA-19-Y-B,2023
18.498808859374993,15,NA-19-Y-B,2023
54.15926814843758,33,NA-19-Y-B,2023
231.21482853906303,3,NA-19-X-C,2023
0.357376796875,12,NA-19-X-C,2023
0.1786878984375,33,NA-19-X-C,2023
198.93183693749805,3,SC-19-Y-D,2023
0.35118725,15,SC-19-Y-D,2023
0.79012859375,33,SC-19-Y-D,2023
1404.641283156254,3,SC-19-Y-A,2023
0.8797398359375002,12,SC-19-Y-A,2023
0.7912295312500001,33,SC-19-Y-A,2023
16136.17319953124,3,SC-19-Y-B,2023
0.0878698828125,4,SC-19-Y-B,2023
23.396613687499986,12,SC-19-Y-B,2023
1336.118924640643,15,SC-19-Y-B,2023
1.6684821953124997,25,SC-19-Y-B,2023
40.523665390625006,33,SC-19-Y-B,2023
17956.25826914143,3,SC-19-V-D,2023
20.11440854687499,12,SC-19-V-D,2023
186.19345553125004,15,SC-19-V-D,2023
63.466345749999945,33,SC-19-V-D,2023
9595.49034944881,3,SC-19-Z-A,2023
6.599188421874999,12,SC-19-Z-A,2023
5494.675544524894,15,SC-19-Z-A,2023
43.13651092187476,25,SC-19-Z-A,2023
34.21159539843747,33,SC-19-Z-A,2023
11917.421796227092,3,SC-19-X-C,2023
29.728365039062506,12,SC-19-X-C,2023
6080.671037578271,15,SC-19-X-C,2023
83.00082412500005,25,SC-19-X-C,2023
83.19316890625001,33,SC-19-X-C,2023
133.9590886406253,3,SC-19-Z-C,2023
0.438975046875,12,SC-19-Z-C,2023
315.66167560155975,15,SC-19-Z-C,2023
8.9547616484375,25,SC-19-Z-C,2023
6.409017132812495,33,SC-19-Z-C,2023
550.1345685859453,3,SC-19-Z-B,2023
1.2324309375,12,SC-19-Z-B,2023
1836.9090082578762,15,SC-19-Z-B,2023
9.154819398437493,25,SC-19-Z-B,2023
10.827260398437499,33,SC-19-Z-B,2023
10944.604383399888,3,SC-19-X-D,2023
0.0882628125,4,SC-19-X-D,2023
7.233167609375,12,SC-19-X-D,2023
5970.77282210194,15,SC-19-X-D,2023
6.433857867187498,25,SC-19-X-D,2023
40.21132251562503,33,SC-19-X-D,2023
15810.888308677384,3,SC-19-X-B,2023
0.1767835390625,4,SC-19-X-B,2023
72.95575082031223,12,SC-19-X-B,2023
2287.4931956485043,15,SC-19-X-B,2023
5.391311710937501,25,SC-19-X-B,2023
98.96647830468736,33,SC-19-X-B,2023
17696.047686305974,3,SC-19-X-A,2023
14.40316628124999,12,SC-19-X-A,2023
458.28970381249917,15,SC-19-X-A,2023
74.32001228906286,33,SC-19-X-A,2023
17012.870342444916,3,SC-19-V-B,2023
14.3298545234375,12,SC-19-V-B,2023
1193.1356985703087,15,SC-19-V-B,2023
11.326362640625,25,SC-19-V-B,2023
44.2095705234375,33,SC-19-V-B,2023
18267.75175885401,3,SB-19-Z-C,2023
4.5219664609375005,12,SB-19-Z-C,2023
5.940116273437495,15,SB-19-Z-C,2023
57.817146414062684,33,SB-19-Z-C,2023
18019.74231531278,3,SB-19-Y-D,2023
22.427293375000005,12,SB-19-Y-D,2023
225.6719765390645,15,SB-19-Y-D,2023
2.393952570312501,25,SB-19-Y-D,2023
98.77392320312492,33,SB-19-Y-D,2023
17946.313632735073,3,SB-19-Z-D,2023
0.8861691796875,4,SB-19-Z-D,2023
71.16000218750007,12,SB-19-Z-D,2023
142.4893832343737,15,SB-19-Z-D,2023
2.4810928828125,25,SB-19-Z-D,2023
205.67918078124893,33,SB-19-Z-D,2023
18050.67243161497,3,SB-19-Z-A,2023
46.83289296874999,12,SB-19-Z-A,2023
29.50054381250003,15,SB-19-Z-A,2023
197.97329476562365,33,SB-19-Z-A,2023
18304.74314464126,3,SB-19-Z-B,2023
0.710614171875,12,SB-19-Z-B,2023
2.6633147968750004,15,SB-19-Z-B,2023
49.820685164062496,33,SB-19-Z-B,2023
18193.72897606353,3,SB-19-X-C,2023
25.17651400781247,12,SB-19-X-C,2023
4.359991671875002,15,SB-19-X-C,2023
134.45760734375017,33,SB-19-X-C,2023
18175.47071016243,3,SB-19-X-D,2023
38.818574078125025,12,SB-19-X-D,2023
14.514322445312477,15,SB-19-X-D,2023
161.93696997656326,33,SB-19-X-D,2023
18202.120134972407,3,SB-19-X-A,2023
1.247982421875,12,SB-19-X-A,2023
0.3566098515625,15,SB-19-X-A,2023
181.29655882031255,33,SB-19-X-A,2023
18094.143983859387,3,SB-19-X-B,2023
0.1781830078125,4,SB-19-X-B,2023
50.35108309375001,12,SB-19-X-B,2023
65.5699241406252,15,SB-19-X-B,2023
4.275973046874998,25,SB-19-X-B,2023
203.5687239609377,33,SB-19-X-B,2023
17902.700410173977,3,SB-19-Y-B,2023
68.11500876562508,12,SB-19-Y-B,2023
166.51794821875018,15,SB-19-Y-B,2023
6.039110382812503,25,SB-19-Y-B,2023
214.56528123437536,33,SB-19-Y-B,2023
18325.94114000448,3,SB-19-V-D,2023
2.581058703125,12,SB-19-V-D,2023
0.5337688125,15,SB-19-V-D,2023
61.68460914062496,33,SB-19-V-D,2023
15939.454079273764,3,SB-19-V-B,2023
0.0891526015625,4,SB-19-V-B,2023
115.9944143593742,12,SB-19-V-B,2023
81.93661740624982,15,SB-19-V-B,2023
18.990074859374992,25,SB-19-V-B,2023
484.2683977890612,33,SB-19-V-B,2023
17987.56480634606,3,SB-19-Y-C,2023
0.0887397578125,4,SB-19-Y-C,2023
23.138035070312498,12,SB-19-Y-C,2023
270.60645192187576,15,SB-19-Y-C,2023
2.5734646015625002,25,SB-19-Y-C,2023
85.03796330468748,33,SB-19-Y-C,2023
18146.114498671548,3,SB-19-Y-A,2023
30.185612546875,12,SB-19-Y-A,2023
86.816396320313,15,SB-19-Y-A,2023
94.82125124218697,33,SB-19-Y-A,2023
18311.164206983896,3,SB-19-V-C,2023
3.203613656249999,12,SB-19-V-C,2023
1.8677925000000002,15,SB-19-V-C,2023
74.50496351562488,33,SB-19-V-C,2023
11187.719201594959,3,SB-19-V-A,2023
1.9615769453124998,12,SB-19-V-A,2023
4.1006270859375,15,SB-19-V-A,2023
168.99999007812517,33,SB-19-V-A,2023
15942.617675856809,3,SB-18-Z-B,2023
4.087380984375,12,SB-18-Z-B,2023
7.369349140625001,15,SB-18-Z-B,2023
11.465561234374997,33,SB-18-Z-B,2023
11592.647470279626,3,SB-18-X-D,2023
8.899642421875004,12,SB-18-X-D,2023
1.4239162578124995,15,SB-18-X-D,2023
59.631793164062536,33,SB-18-X-D,2023
1397.1748488906337,3,SB-18-X-B,2023
0.6235206093750001,12,SB-18-X-B,2023
0.26726300000000003,15,SB-18-X-B,2023
36.79396774218749,33,SB-18-X-B,2023
16362.910662164863,3,SB-18-Z-D,2023
26.68090518750001,12,SB-18-Z-D,2023
1817.9080437656098,15,SB-18-Z-D,2023
41.389349531250055,25,SB-18-Z-D,2023
87.14202735156236,33,SB-18-Z-D,2023
15535.548149460277,3,SC-18-X-B,2023
28.482534125000008,12,SC-18-X-B,2023
467.0219888906179,15,SC-18-X-B,2023
4.0669608359375005,25,SC-18-X-B,2023
46.968915468749955,33,SC-18-X-B,2023
16772.633620016793,3,SC-19-V-A,2023
38.82188873437491,12,SC-19-V-A,2023
1371.1995278047061,15,SC-19-V-A,2023
7.081339179687494,25,SC-19-V-A,2023
86.13545296875,33,SC-19-V-A,2023
15629.761441664685,3,SC-19-V-C,2023
35.200636351562494,12,SC-19-V-C,2023
150.8637243906252,15,SC-19-V-C,2023
45.97173813281253,33,SC-19-V-C,2023
7079.663239438682,3,SC-18-X-D,2023
14.123941375,12,SC-18-X-D,2023
101.35790689843748,15,SC-18-X-D,2023
12.182278578125,33,SC-18-X-D,2023
369.1305649765637,3,SC-18-X-A,2023
3697.1348673982284,3,SB-18-Z-C,2023
1.0639920078125,12,SB-18-Z-C,2023
10.81671837499999,15,SB-18-Z-C,2023
0.5320453671875,33,SB-18-Z-C,2023
721.9838516250032,3,SB-18-Z-A,2023
0.5328116640625,12,SB-18-Z-A,2023
5474.633176530962,3,SA-19-V-D,2023
0.8042962265624999,12,SA-19-V-D,2023
0.8936962343749999,15,SA-19-V-D,2023
164.16063163281254,33,SA-19-V-D,2023
7551.457559905735,3,SA-19-Y-B,2023
5.000004109374999,12,SA-19-Y-B,2023
3.571379453124999,15,SA-19-Y-B,2023
147.95722322656212,33,SA-19-Y-B,2023
9451.27305282051,3,SA-19-Y-D,2023
0.0892716875,4,SA-19-Y-D,2023
81.46204857812509,12,SA-19-Y-D,2023
41.758330789062526,15,SA-19-Y-D,2023
332.8067801796863,33,SA-19-Y-D,2023
17988.5850099953,3,SA-19-Z-A,2023
48.304078703124944,12,SA-19-Z-A,2023
24.108070578125,15,SA-19-Z-A,2023
1.6072019843749996,25,SA-19-Z-A,2023
360.6520109921908,33,SA-19-Z-A,2023
17393.0824519122,3,SA-19-Z-C,2023
170.75108225781273,12,SA-19-Z-C,2023
119.42612356250025,15,SA-19-Z-C,2023
7.318987023437496,25,SA-19-Z-C,2023
716.2887327187535,33,SA-19-Z-C,2023
17890.261656463634,3,SA-19-Z-D,2023
111.44809439062458,12,SA-19-Z-D,2023
43.726214367187524,15,SA-19-Z-D,2023
1.5170404062499998,25,SA-19-Z-D,2023
382.84470097656185,33,SA-19-Z-D,2023
16635.36132731224,3,SA-19-Z-B,2023
0.0893363046875,4,SA-19-Z-B,2023
314.55074507031213,12,SA-19-Z-B,2023
179.41238819531262,15,SA-19-Z-B,2023
7.501754218749997,25,SA-19-Z-B,2023
1264.5505032421756,33,SA-19-Z-B,2023
17670.10598758473,3,SA-19-X-D,2023
0.178745125,4,SA-19-X-D,2023
143.77586670312527,12,SA-19-X-D,2023
6.433342007812499,15,SA-19-X-D,2023
0.6254544140624999,25,SA-19-X-D,2023
641.8415613359374,33,SA-19-X-D,2023
17904.547570626495,3,SA-19-X-C,2023
7.9539797031249995,12,SA-19-X-C,2023
0.3574362109375,15,SA-19-X-C,2023
521.3254136796816,33,SA-19-X-C,2023
17775.99377065819,3,SA-20-V-C,2023
0.1787651953125,4,SA-20-V-C,2023
196.2246808203116,12,SA-20-V-C,2023
4.5569482421875005,15,SA-20-V-C,2023
1.3402793906250001,25,SA-20-V-C,2023
446.14986076562457,33,SA-20-V-C,2023
16046.86918840801,3,SA-20-Y-A,2023
403.53350218749637,12,SA-20-Y-A,2023
170.40791242968757,15,SA-20-Y-A,2023
1.5177556250000002,25,SA-20-Y-A,2023
1668.0311246406027,33,SA-20-Y-A,2023
18386.921957406415,3,SA-20-Y-B,2023
23.92971651562502,12,SA-20-Y-B,2023
0.44648891406249996,15,SA-20-Y-B,2023
42.32570321093749,33,SA-20-Y-B,2023
18131.548599928155,3,SA-20-V-D,2023
182.15935897656334,12,SA-20-V-D,2023
0.3574928203125,15,SA-20-V-D,2023
151.12875049218744,33,SA-20-V-D,2023
15712.395599649664,3,SA-20-X-C,2023
201.25385690625075,12,SA-20-X-C,2023
35.12514067187504,15,SA-20-X-C,2023
0.089382453125,25,SA-20-X-C,2023
2445.185179726599,33,SA-20-X-C,2023
16888.1599324372,3,SA-20-X-D,2023
229.60406454687663,12,SA-20-X-D,2023
196.4219639531251,15,SA-20-X-D,2023
39.759389695312436,18,SA-20-X-D,2023
1.0722701796875,25,SA-20-X-D,2023
1075.3246973125013,33,SA-20-X-D,2023
18304.58247097849,3,SA-20-Z-A,2023
27.05478162499999,12,SA-20-Z-A,2023
7.857381937500001,15,SA-20-Z-A,2023
113.86141696874972,33,SA-20-Z-A,2023
16350.483060197708,3,SA-20-Z-B,2023
11.7890906796875,12,SA-20-Z-B,2023
235.57424767968695,15,SA-20-Z-B,2023
4.2883246484375,18,SA-20-Z-B,2023
35.80512207812504,25,SA-20-Z-B,2023
1772.9015063984905,33,SA-20-Z-B,2023
15872.997398047617,3,SA-20-Y-D,2023
0.35700146875000005,4,SA-20-Y-D,2023
680.7428062734376,12,SA-20-Y-D,2023
40.05731787500004,15,SA-20-Y-D,2023
1728.1015681250242,33,SA-20-Y-D,2023
16016.876562887288,3,SA-20-Z-C,2023
268.6308365000048,12,SA-20-Z-C,2023
154.2655173828133,15,SA-20-Z-C,2023
6.1552576328125,25,SA-20-Z-C,2023
1935.4263684921232,33,SA-20-Z-C,2023
12672.809620156479,3,SA-20-Z-D,2023
0.2675993203125,4,SA-20-Z-D,2023
498.510817054688,12,SA-20-Z-D,2023
1668.89864153904,15,SA-20-Z-D,2023
0.9816088750000002,18,SA-20-Z-D,2023
153.98360568750027,25,SA-20-Z-D,2023
3301.7344117736793,33,SA-20-Z-D,2023
16552.265993066005,3,SB-20-X-A,2023
0.089181171875,4,SB-20-X-A,2023
219.44111056249938,12,SB-20-X-A,2023
22.11043637500002,15,SB-20-X-A,2023
1589.2480089140445,33,SB-20-X-A,2023
17379.523388883266,3,SB-20-X-B,2023
1.9608409296875,4,SB-20-X-B,2023
407.744520632814,12,SB-20-X-B,2023
28.69713539843749,15,SB-20-X-B,2023
533.048797062504,33,SB-20-X-B,2023
16985.677119749722,3,SB-20-V-B,2023
88.16700553906244,12,SB-20-V-B,2023
41.55236569531241,15,SB-20-V-B,2023
9.185039351562509,25,SB-20-V-B,2023
1286.1071823125071,33,SB-20-V-B,2023
18319.33080773795,3,SB-20-V-A,2023
5.6158104453125,12,SB-20-V-A,2023
7.3095425078125,15,SB-20-V-A,2023
52.765125374999954,33,SB-20-V-A,2023
17164.086400491633,3,SA-20-Y-C,2023
0.1784885078125,4,SA-20-Y-C,2023
201.14606914843722,12,SA-20-Y-C,2023
180.35842749218708,15,SA-20-Y-C,2023
9.014252375,25,SA-20-Y-C,2023
809.7753367656233,33,SA-20-Y-C,2023
18072.392406930958,3,SB-20-V-C,2023
115.44155358593689,12,SB-20-V-C,2023
7.2928051015624975,15,SB-20-V-C,2023
162.59632346874938,33,SB-20-V-C,2023
17288.960213545797,3,SB-20-V-D,2023
0.711966765625,4,SB-20-V-D,2023
377.2531271406259,12,SB-20-V-D,2023
46.00669810937478,15,SB-20-V-D,2023
1.9575209843749997,25,SB-20-V-D,2023
675.8510501171854,33,SB-20-V-D,2023
18072.49375846722,3,SB-20-Y-A,2023
42.21222934375003,12,SB-20-Y-A,2023
4.3544068515625,15,SB-20-Y-A,2023
204.58725411718777,33,SB-20-Y-A,2023
17882.327863156872,3,SB-20-Y-B,2023
0.26625828125,4,SB-20-Y-B,2023
113.01482134375009,12,SB-20-Y-B,2023
146.94178171875018,15,SB-20-Y-B,2023
2.6651652421874994,25,SB-20-Y-B,2023
205.88300450781236,33,SB-20-Y-B,2023
16946.98672774924,3,SB-20-Y-D,2023
102.78380740625073,4,SB-20-Y-D,2023
742.2154646796787,12,SB-20-Y-D,2023
473.0343994609371,15,SB-20-Y-D,2023
9.396990859375,25,SB-20-Y-D,2023
64.37288464843753,33,SB-20-Y-D,2023
17444.91211178349,3,SB-20-Y-C,2023
3.7205406874999993,4,SB-20-Y-C,2023
346.9164679375033,12,SB-20-Y-C,2023
179.20591606249977,15,SB-20-Y-C,2023
6.297644070312503,25,SB-20-Y-C,2023
340.7013674062482,33,SB-20-Y-C,2023
17347.361665185606,3,SC-20-V-A,2023
4.776072140625,4,SC-20-V-A,2023
793.9063344765511,12,SC-20-V-A,2023
41.09733110156247,15,SC-20-V-A,2023
0.17681536718750002,18,SC-20-V-A,2023
55.65380393749993,33,SC-20-V-A,2023
10865.975703656617,3,SC-20-V-C,2023
7.319112593749995,4,SC-20-V-C,2023
128.16943912499949,12,SC-20-V-C,2023
4888.57611216412,15,SC-20-V-C,2023
10.32724603906249,18,SC-20-V-C,2023
28.84227797656252,25,SC-20-V-C,2023
343.2940167343757,33,SC-20-V-C,2023
8506.23930116529,3,SC-20-V-D,2023
1.5889535625,4,SC-20-V-D,2023
99.076154765625,12,SC-20-V-D,2023
8976.476911718994,15,SC-20-V-D,2023
241.16258899999994,18,SC-20-V-D,2023
87.79155724999985,25,SC-20-V-D,2023
313.78524448437605,33,SC-20-V-D,2023
13655.704092828382,3,SC-20-V-B,2023
6.550129109375,4,SC-20-V-B,2023
530.4323015468775,12,SC-20-V-B,2023
3075.6813228438177,15,SC-20-V-B,2023
23.070685812500002,18,SC-20-V-B,2023
121.16994666406194,25,SC-20-V-B,2023
809.491676703128,33,SC-20-V-B,2023
17173.070675475694,3,SB-20-Z-A,2023
3.2872951328125,4,SB-20-Z-A,2023
297.3191616093765,12,SB-20-Z-A,2023
221.025819945313,15,SB-20-Z-A,2023
611.7148101874948,33,SB-20-Z-A,2023
16908.24570476776,3,SB-20-Z-C,2023
4.697002156249999,4,SB-20-Z-C,2023
324.4627534921877,12,SB-20-Z-C,2023
765.83686217188,15,SB-20-Z-C,2023
3.0998059687500006,25,SB-20-Z-C,2023
353.71270674999903,33,SB-20-Z-C,2023
14253.081437673272,3,SC-20-X-A,2023
15.747077890625004,4,SC-20-X-A,2023
2813.4094616719667,12,SC-20-X-A,2023
1039.8873561797002,15,SC-20-X-A,2023
0.7074828124999999,18,SC-20-X-A,2023
151.18050052343776,33,SC-20-X-A,2023
9834.744323031833,3,SC-20-X-C,2023
0.17652625781249998,4,SC-20-X-C,2023
20.916772234375024,12,SC-20-X-C,2023
7985.390681492487,15,SC-20-X-C,2023
265.721678468747,18,SC-20-X-C,2023
27.51739124999998,25,SC-20-X-C,2023
92.1825692656249,33,SC-20-X-C,2023
15762.511349610653,3,SC-20-X-D,2023
48.7462897421875,4,SC-20-X-D,2023
88.83199998437475,12,SC-20-X-D,2023
2233.761397734369,15,SC-20-X-D,2023
1.6770927968749998,18,SC-20-X-D,2023
3.2658274453125005,25,SC-20-X-D,2023
53.984900390625015,33,SC-20-X-D,2023
16800.431856991072,3,SC-20-X-B,2023
25.102836679687492,4,SC-20-X-B,2023
949.0198897656276,12,SC-20-X-B,2023
370.9427923671889,15,SC-20-X-B,2023
1.5025475390624998,18,SC-20-X-B,2023
93.49752546093752,33,SC-20-X-B,2023
16722.447832148813,3,SB-20-Z-D,2023
1.8617197265624998,4,SB-20-Z-D,2023
133.95343384375022,12,SB-20-Z-D,2023
1329.9994857734353,15,SB-20-Z-D,2023
147.14779753124978,33,SB-20-Z-D,2023
17513.51062428283,3,SB-20-Z-B,2023
3.9968252031250002,4,SB-20-Z-B,2023
223.40914053906238,12,SB-20-Z-B,2023
411.35321682812497,15,SB-20-Z-B,2023
170.6666133671876,33,SB-20-Z-B,2023
17783.705010355072,3,SB-20-X-C,2023
0.1779206484375,4,SB-20-X-C,2023
185.6464629843748,12,SB-20-X-C,2023
31.400371109375023,15,SB-20-X-C,2023
381.984467523437,33,SB-20-X-C,2023
17002.464202336215,3,SB-20-X-D,2023
0.3558987734375,4,SB-20-X-D,2023
363.41564517187464,12,SB-20-X-D,2023
224.44292765624988,15,SB-20-X-D,2023
11.479822250000002,25,SB-20-X-D,2023
737.5015735781221,33,SB-20-X-D,2023
17997.0950889939,3,SB-21-V-C,2023
0.0890419765625,4,SB-21-V-C,2023
19.84838,12,SB-21-V-C,2023
105.57992207812458,15,SB-21-V-C,2023
268.1281436093749,33,SB-21-V-C,2023
16923.709701378582,3,SB-21-V-A,2023
4.5456671328125005,4,SB-21-V-A,2023
199.3874891328124,12,SB-21-V-A,2023
215.46653892187564,15,SB-21-V-A,2023
5.0811885078125005,25,SB-21-V-A,2023
1043.1552687343758,33,SB-21-V-A,2023
18091.364143517887,3,SB-21-V-B,2023
0.6237590078125,4,SB-21-V-B,2023
49.9270446015625,12,SB-21-V-B,2023
9.0039174921875,15,SB-21-V-B,2023
4.721275312499998,25,SB-21-V-B,2023
229.3811461328124,33,SB-21-V-B,2023
17777.452701074257,3,SB-21-V-D,2023
5.516707492187502,12,SB-21-V-D,2023
155.23181387499915,15,SB-21-V-D,2023
70.21837594531247,25,SB-21-V-D,2023
349.3034907031224,33,SB-21-V-D,2023
17206.762338065342,3,SB-21-Y-A,2023
3.285231046875,4,SB-21-Y-A,2023
64.56289275000012,12,SB-21-Y-A,2023
1037.3978549375006,15,SB-21-Y-A,2023
45.92944197656245,33,SB-21-Y-A,2023
17115.291345129357,3,SB-21-Y-B,2023
12.340356734374996,4,SB-21-Y-B,2023
304.41664842968817,12,SB-21-Y-B,2023
422.1412855000007,15,SB-21-Y-B,2023
37.86513316406246,25,SB-21-Y-B,2023
431.85906876562456,33,SB-21-Y-B,2023
16875.60706929856,3,SB-21-Y-C,2023
3.013801687500001,4,SB-21-Y-C,2023
41.219441429687485,12,SB-21-Y-C,2023
1426.0244176249394,15,SB-21-Y-C,2023
4.524288218750002,25,SB-21-Y-C,2023
18.53171560156249,33,SB-21-Y-C,2023
12938.268684906658,3,SC-21-V-C,2023
0.352747625,4,SC-21-V-C,2023
17.723630921875,12,SC-21-V-C,2023
5142.981712141038,15,SC-21-V-C,2023
1.7628349453125003,18,SC-21-V-C,2023
16.13659387499997,25,SC-21-V-C,2023
109.5120363671876,33,SC-21-V-C,2023
18204.6148581804,3,SC-21-V-A,2023
0.2654490859375,4,SC-21-V-A,2023
9.374219890625001,12,SC-21-V-A,2023
6.631153492187497,15,SC-21-V-A,2023
54.809228999999945,33,SC-21-V-A,2023
17541.77429478238,3,SC-21-V-B,2023
4.601855328125,4,SC-21-V-B,2023
304.7997518828125,12,SC-21-V-B,2023
111.73096729687495,15,SC-21-V-B,2023
0.971957203125,18,SC-21-V-B,2023
278.8278067500013,33,SC-21-V-B,2023
12100.293961648762,3,SC-21-V-D,2023
3.084588851562499,4,SC-21-V-D,2023
40.30986439843754,12,SC-21-V-D,2023
5827.11185955484,15,SC-21-V-D,2023
8.98716568750001,18,SC-21-V-D,2023
13.661112484375016,25,SC-21-V-D,2023
200.47833852343766,33,SC-21-V-D,2023
16897.38618171205,3,SB-21-Y-D,2023
16.672068874999994,4,SB-21-Y-D,2023
976.6338366406226,12,SB-21-Y-D,2023
102.50979602343747,15,SB-21-Y-D,2023
33.972346703125,25,SB-21-Y-D,2023
302.2059844140623,33,SB-21-Y-D,2023
16344.194327175193,3,SB-21-Z-A,2023
0.26658785937499996,4,SB-21-Z-A,2023
15.015273992187486,12,SB-21-Z-A,2023
1757.4615636484184,15,SB-21-Z-A,2023
1.7765372109375002,18,SB-21-Z-A,2023
151.80182372656196,25,SB-21-Z-A,2023
87.42164516406231,33,SB-21-Z-A,2023
16999.508611165536,3,SB-21-Z-C,2023
5.668849570312499,4,SB-21-Z-C,2023
46.4203341250001,12,SB-21-Z-C,2023
1183.4413212656102,15,SB-21-Z-C,2023
1.4192811875,18,SB-21-Z-C,2023
119.60135124999996,25,SB-21-Z-C,2023
12.9497124375,33,SB-21-Z-C,2023
17109.165762345896,3,SC-21-X-A,2023
94.55232657812508,4,SC-21-X-A,2023
864.8821869062674,12,SC-21-X-A,2023
199.13903775781304,15,SC-21-X-A,2023
1.7683797890624997,18,SC-21-X-A,2023
4.6832329999999995,33,SC-21-X-A,2023
14108.36626357146,3,SC-21-X-B,2023
290.9868247109406,4,SC-21-X-B,2023
508.97648103124214,12,SC-21-X-B,2023
3220.733892937471,15,SC-21-X-B,2023
94.71093687500002,18,SC-21-X-B,2023
6.1045787499999955,25,SC-21-X-B,2023
12.651250179687496,33,SC-21-X-B,2023
14784.44758661827,3,SB-21-Z-D,2023
3.7197766562499988,4,SB-21-Z-D,2023
24.820079882812497,12,SB-21-Z-D,2023
3400.4131336717137,15,SB-21-Z-D,2023
54.877653992187476,18,SB-21-Z-D,2023
11.802524796874998,25,SB-21-Z-D,2023
55.950232382812516,33,SB-21-Z-D,2023
15480.110344853547,3,SB-21-Z-B,2023
5.9524626640625,12,SB-21-Z-B,2023
2755.0402766328675,15,SB-21-Z-B,2023
3.3740830546875,18,SB-21-Z-B,2023
80.50199595312492,33,SB-21-Z-B,2023
17527.227570722538,3,SB-21-X-C,2023
10.416275445312495,12,SB-21-X-C,2023
519.6643083281259,15,SB-21-X-C,2023
0.178089046875,18,SB-21-X-C,2023
78.37555605468745,25,SB-21-X-C,2023
254.87877706249915,33,SB-21-X-C,2023
18214.887019172653,3,SB-21-X-D,2023
0.178081734375,4,SB-21-X-D,2023
5.695585031249999,12,SB-21-X-D,2023
28.743201835937498,15,SB-21-X-D,2023
0.1780226875,18,SB-21-X-D,2023
108.04117862500013,33,SB-21-X-D,2023
14534.087464766679,3,SB-21-X-A,2023
41.18548589843748,12,SB-21-X-A,2023
3202.5661948515485,15,SB-21-X-A,2023
2.1396266562499995,18,SB-21-X-A,2023
30.84627335937501,25,SB-21-X-A,2023
607.262825578123,33,SB-21-X-A,2023
16020.695432042081,3,SB-21-X-B,2023
11.406840359375002,12,SB-21-X-B,2023
2180.4889345233432,15,SB-21-X-B,2023
3.299334554687499,18,SB-21-X-B,2023
6.331320632812504,25,SB-21-X-B,2023
162.7994239531256,33,SB-21-X-B,2023
17503.427744429067,3,SA-21-Z-C,2023
0.1784900390625,4,SA-21-Z-C,2023
54.07979514062517,12,SA-21-Z-C,2023
636.8918836093774,15,SA-21-Z-C,2023
0.5355348203125,18,SA-21-Z-C,2023
241.37894285156304,33,SA-21-Z-C,2023
14557.121043975567,3,SA-21-Z-D,2023
0.1785166015625,4,SA-21-Z-D,2023
17.578949585937483,12,SA-21-Z-D,2023
2834.7909850156725,15,SA-21-Z-D,2023
60.69759725781279,18,SA-21-Z-D,2023
2.8544550078125,25,SA-21-Z-D,2023
929.2721634999953,33,SA-21-Z-D,2023
8159.462045961286,3,SA-21-Z-B,2023
0.7146278359375,4,SA-21-Z-B,2023
785.5792625234556,12,SA-21-Z-B,2023
1951.38203313285,15,SA-21-Z-B,2023
571.3331913671858,18,SA-21-Z-B,2023
70.64992062499998,25,SA-21-Z-B,2023
6386.281062390776,33,SA-21-Z-B,2023
11467.045952078379,3,SA-21-Z-A,2023
0.9825813359375,4,SA-21-Z-A,2023
975.891424828144,12,SA-21-Z-A,2023
1244.5610938593663,15,SA-21-Z-A,2023
11.077030664062493,18,SA-21-Z-A,2023
49.57087451562508,25,SA-21-Z-A,2023
4131.281699945137,33,SA-21-Z-A,2023
14691.63316684166,3,SA-21-Y-D,2023
0.1783918203125,4,SA-21-Y-D,2023
756.4120567734445,12,SA-21-Y-D,2023
546.4745646718715,15,SA-21-Y-D,2023
22.58313253125,25,SA-21-Y-D,2023
2290.063678406247,33,SA-21-Y-D,2023
12497.86682683565,3,SA-21-Y-B,2023
0.35730524218750004,4,SA-21-Y-B,2023
1186.8010227890877,12,SA-21-Y-B,2023
797.6602746406166,15,SA-21-Y-B,2023
2.7685573828125,18,SA-21-Y-B,2023
16.788191320312503,25,SA-21-Y-B,2023
3447.7174604136053,33,SA-21-Y-B,2023
11257.461573810979,3,SA-21-Y-C,2023
3.3009439687499995,4,SA-21-Y-C,2023
1071.6902753827885,12,SA-21-Y-C,2023
2070.6108527499573,15,SA-21-Y-C,2023
144.70365364843772,25,SA-21-Y-C,2023
3586.6924722579847,33,SA-21-Y-C,2023
17707.01010400272,3,SA-21-Y-A,2023
72.78618185156236,12,SA-21-Y-A,2023
385.1621045156228,15,SA-21-Y-A,2023
0.089332875,18,SA-21-Y-A,2023
16.875635187499995,25,SA-21-Y-A,2023
267.5928274921866,33,SA-21-Y-A,2023
18222.484681751983,3,SA-21-V-D,2023
0.2680696953125,4,SA-21-V-D,2023
27.253546015624984,12,SA-21-V-D,2023
27.345573031249984,15,SA-21-V-D,2023
156.8325297265622,33,SA-21-V-D,2023
16237.011891072347,3,SA-21-V-C,2023
102.59626768750041,12,SA-21-V-C,2023
25.822885828124996,15,SA-21-V-C,2023
0.268103203125,18,SA-21-V-C,2023
3.395409640625,25,SA-21-V-C,2023
2097.440504164067,33,SA-21-V-C,2023
13746.132619352793,3,SA-21-X-C,2023
1.4296715156250002,4,SA-21-X-C,2023
676.4319275234338,12,SA-21-X-C,2023
1772.9603964062321,15,SA-21-X-C,2023
2.7698755078125004,18,SA-21-X-C,2023
90.78820367968768,25,SA-21-X-C,2023
2027.3453389140382,33,SA-21-X-C,2023
11688.217856960846,3,SA-21-X-D,2023
0.3575267578125,4,SA-21-X-D,2023
1088.992696210938,12,SA-21-X-D,2023
4702.80389146058,15,SA-21-X-D,2023
7.5947627499999975,18,SA-21-X-D,2023
17.601333390625015,25,SA-21-X-D,2023
695.6669479140421,33,SA-21-X-D,2023
11514.959738976342,3,SA-22-V-C,2023
4.2001875625,4,SA-22-V-C,2023
2158.975539218741,12,SA-22-V-C,2023
2177.062296812591,15,SA-22-V-C,2023
11.527672906249999,18,SA-22-V-C,2023
5.987239312500002,25,SA-22-V-C,2023
1908.341018937481,33,SA-22-V-C,2023
17256.482791000948,3,SB-22-V-A,2023
0.178291953125,4,SB-22-V-A,2023
37.70447825,12,SB-22-V-A,2023
649.7845964531338,15,SB-22-V-A,2023
473.93771345312547,33,SB-22-V-A,2023
12706.464903930017,3,SA-22-Y-C,2023
63.24707974218724,12,SA-22-Y-C,2023
5471.247664726679,15,SA-22-Y-C,2023
6.960844117187502,18,SA-22-Y-C,2023
16.596251750000018,25,SA-22-Y-C,2023
175.45650988281224,33,SA-22-Y-C,2023
16068.4658725242,3,SA-22-Y-A,2023
392.64543724999965,12,SA-22-Y-A,2023
1064.201213812505,15,SA-22-Y-A,2023
10.001574179687497,18,SA-22-Y-A,2023
0.5360201015625,25,SA-22-Y-A,2023
870.7791963515763,33,SA-22-Y-A,2023
13895.641489352347,3,SA-22-V-D,2023
0.2681115234375,4,SA-22-V-D,2023
891.7022467265647,12,SA-22-V-D,2023
909.0321598671972,15,SA-22-V-D,2023
1.16182023875,18,SA-22-V-D,2023
5.004257562499999,25,SA-22-V-D,2023
2463.548350945347,33,SA-22-V-D,2023
14765.629412095286,3,SA-22-Y-B,2023
72.51862560156259,12,SA-22-Y-B,2023
2334.2394987734556,15,SA-22-Y-B,2023
1.250175203125,18,SA-22-Y-B,2023
3.0360776718749984,25,SA-22-Y-B,2023
1271.6771714687418,33,SA-22-Y-B,2023
9787.201915008378,3,SA-22-Y-D,2023
207.59357803124897,12,SA-22-Y-D,2023
7513.370188915507,15,SA-22-Y-D,2023
0.44632107812499994,18,SA-22-Y-D,2023
38.381456484375065,25,SA-22-Y-D,2023
892.9797945703004,33,SA-22-Y-D,2023
18138.01829943379,3,SB-22-V-B,2023
0.97986796875,4,SB-22-V-B,2023
5.4354515234375,12,SB-22-V-B,2023
253.2417233203126,15,SB-22-V-B,2023
20.412528867187508,33,SB-22-V-B,2023
15714.303686899842,3,SA-22-Z-A,2023
2.3224207109375,4,SA-22-Z-A,2023
939.7428588125163,12,SA-22-Z-A,2023
1193.396631445314,15,SA-22-Z-A,2023
1.9645860078124997,18,SA-22-Z-A,2023
14.290924429687493,25,SA-22-Z-A,2023
550.0902801093742,33,SA-22-Z-A,2023
10548.522537000397,3,SA-22-Z-C,2023
1.0704451796875,4,SA-22-Z-C,2023
47.66029367968761,12,SA-22-Z-C,2023
6931.566861624675,15,SA-22-Z-C,2023
4.551013718749999,18,SA-22-Z-C,2023
34.791209273437524,25,SA-22-Z-C,2023
836.1167700546798,33,SA-22-Z-C,2023
16167.476736084944,3,SA-22-X-C,2023
3.2166788828125,4,SA-22-X-C,2023
281.6466938515632,12,SA-22-X-C,2023
110.35770190624984,15,SA-22-X-C,2023
0.5361334843750001,18,SA-22-X-C,2023
18.407157101562497,25,SA-22-X-C,2023
1831.5459364765818,33,SA-22-X-C,2023
9239.35173349167,3,SA-22-X-D,2023
13.048650687499995,4,SA-22-X-D,2023
2554.5687705233513,12,SA-22-X-D,2023
2263.480675851585,15,SA-22-X-D,2023
134.66630286718816,18,SA-22-X-D,2023
423.35162530468733,25,SA-22-X-D,2023
3803.573750327905,33,SA-22-X-D,2023
7511.647056328048,3,SA-23-V-C,2023
0.1787135625,4,SA-23-V-C,2023
64.26195737500008,12,SA-23-V-C,2023
10560.409711741617,15,SA-23-V-C,2023
22.609605304687495,18,SA-23-V-C,2023
143.89023139062533,25,SA-23-V-C,2023
130.74029594531257,33,SA-23-V-C,2023
9834.452015264795,3,SA-23-Y-A,2023
0.0893152578125,4,SA-23-Y-A,2023
38.57845899999998,12,SA-23-Y-A,2023
7785.731858999829,15,SA-23-Y-A,2023
617.2226429375012,18,SA-23-Y-A,2023
47.68954349999996,25,SA-23-Y-A,2023
98.59923638281265,33,SA-23-Y-A,2023
11679.024349203744,3,SA-23-Y-C,2023
0.44609419531250005,4,SA-23-Y-C,2023
14.903524531250014,12,SA-23-Y-C,2023
5484.327262484532,15,SA-23-Y-C,2023
1122.2240093203125,18,SA-23-Y-C,2023
72.91976871093759,25,SA-23-Y-C,2023
29.72075896874995,33,SA-23-Y-C,2023
12906.135744445308,3,SA-22-Z-D,2023
2.141613507812499,4,SA-22-Z-D,2023
25.79151712500003,12,SA-22-Z-D,2023
5295.640725796677,15,SA-22-Z-D,2023
140.20869499218782,18,SA-22-Z-D,2023
5.530519367187499,25,SA-22-Z-D,2023
59.6151998515625,33,SA-22-Z-D,2023
11211.387718392574,3,SA-22-Z-B,2023
4.465900703124999,4,SA-22-Z-B,2023
553.3741305156217,12,SA-22-Z-B,2023
5022.308581382355,15,SA-22-Z-B,2023
1029.6447360468962,18,SA-22-Z-B,2023
39.02667650781251,25,SA-22-Z-B,2023
508.5625299453079,33,SA-22-Z-B,2023
8598.525643500046,3,SB-22-X-A,2023
0.8020280703125,4,SB-22-X-A,2023
11.676443765624997,12,SB-22-X-A,2023
8297.774149218498,15,SB-22-X-A,2023
1.8716277421874998,18,SB-22-X-A,2023
8.113464671875006,25,SB-22-X-A,2023
1465.4557839687448,33,SB-22-X-A,2023
7558.639252234414,3,SB-22-X-B,2023
0.623651890625,4,SB-22-X-B,2023
22.278291593749998,12,SB-22-X-B,2023
9569.958979132618,15,SB-22-X-B,2023
333.3992118203156,18,SB-22-X-B,2023
27.266936070312525,25,SB-22-X-B,2023
894.8741589843788,33,SB-22-X-B,2023
9015.284446890953,3,SB-22-X-C,2023
8.361986406249999,4,SB-22-X-C,2023
8.808445804687496,12,SB-22-X-C,2023
9231.597066243015,15,SB-22-X-C,2023
1.6020191250000002,18,SB-22-X-C,2023
55.239039968750035,25,SB-22-X-C,2023
36.56325859375001,33,SB-22-X-C,2023
4377.4756126176935,3,SB-22-X-D,2023
448.60208599999623,4,SB-22-X-D,2023
136.19904891406293,12,SB-22-X-D,2023
12686.005701161326,15,SB-22-X-D,2023
5.6974061171875015,18,SB-22-X-D,2023
105.57014278125001,25,SB-22-X-D,2023
590.6884455000062,33,SB-22-X-D,2023
6293.207446360133,3,SB-23-V-C,2023
2540.6152198203727,4,SB-23-V-C,2023
71.997933484375,12,SB-23-V-C,2023
8900.948007532097,15,SB-23-V-C,2023
33.83856428125001,18,SB-23-V-C,2023
205.9341055078121,25,SB-23-V-C,2023
117.55087182031255,33,SB-23-V-C,2023
7201.138386890548,3,SB-23-V-A,2023
2.0490475859375006,4,SB-23-V-A,2023
6.507394757812499,12,SB-23-V-A,2023
8968.306026468399,15,SB-23-V-A,2023
1727.5742756249829,18,SB-23-V-A,2023
43.48526818750002,25,SB-23-V-A,2023
20.144467835937498,33,SB-23-V-A,2023
3242.6442760781056,3,SB-23-Y-A,2023
9751.364002680224,4,SB-23-Y-A,2023
1397.260138335921,12,SB-23-Y-A,2023
3164.9141087578096,15,SB-23-Y-A,2023
110.72981067187548,18,SB-23-Y-A,2023
57.83560210937479,25,SB-23-Y-A,2023
187.2329346562502,33,SB-23-Y-A,2023
3209.983981562372,3,SB-22-Z-D,2023
2823.4915581795,4,SB-22-Z-D,2023
779.0219871171696,12,SB-22-Z-D,2023
11056.16007868047,15,SB-22-Z-D,2023
97.31984365625007,18,SB-22-Z-D,2023
110.13484016406242,25,SB-22-Z-D,2023
232.53295506250004,33,SB-22-Z-D,2023
2608.002048437522,3,SC-22-X-B,2023
5338.966748383127,4,SC-22-X-B,2023
939.9717803437445,12,SC-22-X-B,2023
8075.652033709825,15,SC-22-X-B,2023
717.1975994140536,18,SC-22-X-B,2023
101.98069284374975,25,SC-22-X-B,2023
223.97918120312602,33,SC-22-X-B,2023
3631.6693583906076,3,SB-22-Z-B,2023
618.0536871249963,4,SB-22-Z-B,2023
196.63106792187452,12,SB-22-Z-B,2023
13495.594413999956,15,SB-22-Z-B,2023
53.28770646093768,18,SB-22-Z-B,2023
23.19208585156249,25,SB-22-Z-B,2023
276.7678734140627,33,SB-22-Z-B,2023
8822.321552266418,3,SB-22-Z-A,2023
268.00922189843783,4,SB-22-Z-A,2023
82.73031506250001,12,SB-22-Z-A,2023
8917.371039710692,15,SB-22-Z-A,2023
12.787620367187499,18,SB-22-Z-A,2023
206.6529645234382,25,SB-22-Z-A,2023
12.8854425390625,33,SB-22-Z-A,2023
4907.156583663794,3,SB-22-Z-C,2023
1120.7598028671832,4,SB-22-Z-C,2023
456.12207674218945,12,SB-22-Z-C,2023
11656.051405757187,15,SB-22-Z-C,2023
26.498094335937513,18,SB-22-Z-C,2023
84.9976085546875,25,SB-22-Z-C,2023
10.4604851328125,33,SB-22-Z-C,2023
4020.4536791328314,3,SC-22-X-A,2023
2605.717323406264,4,SC-22-X-A,2023
507.97484461718676,12,SC-22-X-A,2023
10189.133371593587,15,SC-22-X-A,2023
422.2491131171885,18,SC-22-X-A,2023
40.35892233593748,25,SC-22-X-A,2023
113.20111310156321,33,SC-22-X-A,2023
16530.02197375999,3,SB-22-Y-D,2023
759.3693746015555,4,SB-22-Y-D,2023
557.014303124997,12,SB-22-Y-D,2023
429.0445477109303,15,SB-22-Y-D,2023
1.4180928593750002,18,SB-22-Y-D,2023
13.033278734375001,25,SB-22-Y-D,2023
69.09469364062498,33,SB-22-Y-D,2023
13021.976111789983,3,SC-22-V-B,2023
749.3401352187552,4,SC-22-V-B,2023
1076.1841186640504,12,SC-22-V-B,2023
3205.88686714071,15,SC-22-V-B,2023
78.82672507812522,18,SC-22-V-B,2023
8.7656924375,25,SC-22-V-B,2023
125.25181356250033,33,SC-22-V-B,2023
17996.975337814594,3,SC-22-V-A,2023
83.8154288437499,4,SC-22-V-A,2023
14.863313898437498,12,SC-22-V-A,2023
17.686559976562503,15,SC-22-V-A,2023
0.6192746484375,18,SC-22-V-A,2023
161.64664525781274,33,SC-22-V-A,2023
17835.668714860272,3,SB-22-Y-C,2023
16.308825960937504,4,SB-22-Y-C,2023
64.18958367968753,12,SB-22-Y-C,2023
240.6221493906262,15,SB-22-Y-C,2023
0.265684359375,18,SB-22-Y-C,2023
211.59990234375007,33,SB-22-Y-C,2023
6575.038334586379,3,SB-22-Y-B,2023
185.94752526562485,4,SB-22-Y-B,2023
43.33692266406255,12,SB-22-Y-B,2023
11135.389204975649,15,SB-22-Y-B,2023
3.2870791328124995,18,SB-22-Y-B,2023
133.12807718749974,25,SB-22-Y-B,2023
281.63307563281325,33,SB-22-Y-B,2023
14038.189403360513,3,SB-22-Y-A,2023
36.25230316406255,4,SB-22-Y-A,2023
117.59178978125011,12,SB-22-Y-A,2023
4100.409513374928,15,SB-22-Y-A,2023
1.599697203125,18,SB-22-Y-A,2023
63.895051890625005,33,SB-22-Y-A,2023
15225.102192433611,3,SB-22-V-D,2023
151.88285573437568,4,SB-22-V-D,2023
3.0255273359375,12,SB-22-V-D,2023
2988.6667769142487,15,SB-22-V-D,2023
1.8677306796875,18,SB-22-V-D,2023
11.6515901484375,25,SB-22-V-D,2023
8.543903414062502,33,SB-22-V-D,2023
17209.032534068072,3,SB-22-V-C,2023
2.4909073671875004,4,SB-22-V-C,2023
113.31428341406243,12,SB-22-V-C,2023
804.5134654843994,15,SB-22-V-C,2023
0.1779348828125,18,SB-22-V-C,2023
0.17790830468750002,25,SB-22-V-C,2023
261.0335431406255,33,SB-22-V-C,2023
11931.501827360164,3,SC-21-X-D,2023
398.1112707968727,4,SC-21-X-D,2023
830.3930872343687,12,SC-21-X-D,2023
4567.86212878153,15,SC-21-X-D,2023
412.56665528124574,18,SC-21-X-D,2023
25.192979828125033,25,SC-21-X-D,2023
25.918586765624973,33,SC-21-X-D,2023
17063.250076149467,3,SC-22-V-C,2023
294.11070203124905,4,SC-22-V-C,2023
140.89675488281247,12,SC-22-V-C,2023
524.122750101559,15,SC-22-V-C,2023
99.64548955468774,18,SC-22-V-C,2023
81.27607417968748,33,SC-22-V-C,2023
13547.929198429803,3,SC-22-Y-A,2023
151.195556421875,4,SC-22-Y-A,2023
34.388312031249974,12,SC-22-Y-A,2023
3661.206902773467,15,SC-22-Y-A,2023
586.3117518437539,18,SC-22-Y-A,2023
1.4056691171875002,25,SC-22-Y-A,2023
167.9501542578125,33,SC-22-Y-A,2023
7197.492267727598,3,SC-21-Z-B,2023
10.204261976562497,4,SC-21-Z-B,2023
42.466533171875014,12,SC-21-Z-B,2023
9144.69704321302,15,SC-21-Z-B,2023
1516.2626408906644,18,SC-21-Z-B,2023
178.38273403906234,25,SC-21-Z-B,2023
46.712614679687476,33,SC-21-Z-B,2023
15185.46377730365,3,SC-22-Y-C,2023
146.95929746875007,4,SC-22-Y-C,2023
98.84140937499996,12,SC-22-Y-C,2023
738.7515563671811,15,SC-22-Y-C,2023
1363.8839531718975,18,SC-22-Y-C,2023
377.49592673437456,33,SC-22-Y-C,2023
11158.56796415611,3,SC-21-Z-D,2023
0.5267761718749999,4,SC-21-Z-D,2023
80.59058744531222,12,SC-21-Z-D,2023
2596.531194734469,15,SC-21-Z-D,2023
4061.702774906264,18,SC-21-Z-D,2023
41.3475126328125,25,SC-21-Z-D,2023
140.44696604687468,33,SC-21-Z-D,2023
10925.53546796806,3,SD-21-X-B,2023
45.92710912500007,4,SD-21-X-B,2023
24.914266749999975,12,SD-21-X-B,2023
1958.3469616327682,15,SD-21-X-B,2023
4995.993184374988,18,SD-21-X-B,2023
10.484273750000007,25,SD-21-X-B,2023
52.32260261718748,33,SD-21-X-B,2023
6420.8381040939885,3,SD-21-X-D,2023
3402.3527101952996,4,SD-21-X-D,2023
99.86737867968746,12,SD-21-X-D,2023
1967.9414157109663,15,SD-21-X-D,2023
5695.81558321103,18,SD-21-X-D,2023
22.622174328125002,25,SD-21-X-D,2023
20.87455341406252,33,SD-21-X-D,2023
14519.398130304386,3,SD-22-V-A,2023
982.5229800156293,4,SD-22-V-A,2023
168.03220510937547,12,SD-22-V-A,2023
482.3388499140623,15,SD-22-V-A,2023
1154.7780838671947,18,SD-22-V-A,2023
372.28232629687267,33,SD-22-V-A,2023
4480.774630452956,3,SD-22-V-C,2023
4475.299400382793,4,SD-22-V-C,2023
339.56337119531105,12,SD-22-V-C,2023
4145.398644124939,15,SD-22-V-C,2023
4010.5630147653337,18,SD-22-V-C,2023
4.783999374999999,25,SD-22-V-C,2023
69.78985499218749,33,SD-22-V-C,2023
5884.056604283144,3,SC-22-Y-B,2023
972.9846936093936,4,SC-22-Y-B,2023
188.07309131250094,12,SC-22-Y-B,2023
7945.189300392654,15,SC-22-Y-B,2023
1937.2366628438515,18,SC-22-Y-B,2023
24.533064398437496,25,SC-22-Y-B,2023
33.50893328124995,33,SC-22-Y-B,2023
5588.609596062146,3,SC-22-Y-D,2023
2264.4707759062167,4,SC-22-Y-D,2023
264.43434534374927,12,SC-22-Y-D,2023
4907.655925984289,15,SC-22-Y-D,2023
2616.3043107031795,18,SC-22-Y-D,2023
8.326922789062495,25,SC-22-Y-D,2023
60.18500595312486,33,SC-22-Y-D,2023
5157.399218093768,3,SD-22-V-B,2023
2252.1022933826944,4,SD-22-V-B,2023
423.62025156249933,12,SD-22-V-B,2023
3656.4191866013985,15,SD-22-V-B,2023
4243.387597257787,18,SD-22-V-B,2023
16.409771843749994,25,SD-22-V-B,2023
133.98893830468757,33,SD-22-V-B,2023
1791.9482857188061,3,SD-22-V-D,2023
5708.88237824231,4,SD-22-V-D,2023
485.49422855468805,12,SD-22-V-D,2023
3138.4626837968167,15,SD-22-V-D,2023
2472.2758603592333,18,SD-22-V-D,2023
27.822464101562524,25,SD-22-V-D,2023
77.61777181249984,33,SD-22-V-D,2023
4624.430389593668,3,SC-22-Z-A,2023
3269.832705992289,4,SC-22-Z-A,2023
542.6817516562533,12,SC-22-Z-A,2023
2282.352950210983,15,SC-22-Z-A,2023
1052.2451996249813,18,SC-22-Z-A,2023
69.90991775781248,25,SC-22-Z-A,2023
288.98138056250065,33,SC-22-Z-A,2023
6249.3475072269575,3,SC-22-X-C,2023
2184.448106007829,4,SC-22-X-C,2023
360.85182717187513,12,SC-22-X-C,2023
6705.903029969737,15,SC-22-X-C,2023
1505.1316653593833,18,SC-22-X-C,2023
74.35578169531259,25,SC-22-X-C,2023
230.31325346874996,33,SC-22-X-C,2023
10123.246304539947,3,SC-22-V-D,2023
491.68033932031057,4,SC-22-V-D,2023
206.65386562500157,12,SC-22-V-D,2023
7019.670065843561,15,SC-22-V-D,2023
231.11057397656188,18,SC-22-V-D,2023
146.43648595312493,33,SC-22-V-D,2023
1979.216383023492,3,SC-22-X-D,2023
8563.317315055237,4,SC-22-X-D,2023
921.2093860703001,12,SC-22-X-D,2023
5145.457327774102,15,SC-22-X-D,2023
896.7763028359205,18,SC-22-X-D,2023
71.34819509375004,25,SC-22-X-D,2023
158.33442556250031,33,SC-22-X-D,2023
2996.072901203054,3,SE-21-V-B,2023
3065.463875390642,4,SE-21-V-B,2023
5296.210325023398,12,SE-21-V-B,2023
3692.4405110468974,15,SE-21-V-B,2023
66.87536067187506,18,SE-21-V-B,2023
39.467321765624924,25,SE-21-V-B,2023
408.434851515625,33,SE-21-V-B,2023
472.35108813281136,3,SE-21-V-A,2023
779.6040606015896,4,SE-21-V-A,2023
317.61763174219107,12,SE-21-V-A,2023
3478.4251413359743,15,SE-21-V-A,2023
33.267011515624965,18,SE-21-V-A,2023
23.20672863281254,33,SE-21-V-A,2023
2194.3999783437866,3,SD-21-Y-C,2023
3278.5898398751815,4,SD-21-Y-C,2023
339.55483500781185,12,SD-21-Y-C,2023
11275.833395287254,15,SD-21-Y-C,2023
296.76195708593775,18,SD-21-Y-C,2023
35.31157475781254,25,SD-21-Y-C,2023
54.101518773437604,33,SD-21-Y-C,2023
4541.79994064079,3,SD-21-Y-D,2023
1831.0737671094264,4,SD-21-Y-D,2023
421.3829297031257,12,SD-21-Y-D,2023
10119.279350625582,15,SD-21-Y-D,2023
362.1825656640628,18,SD-21-Y-D,2023
49.941626195312494,25,SD-21-Y-D,2023
125.0306707812502,33,SD-21-Y-D,2023
32.50583747656251,3,SE-20-X-B,2023
90.4531836562491,4,SE-20-X-B,2023
4.556867906249999,12,SE-20-X-B,2023
457.2229408203131,15,SE-20-X-B,2023
1.6333459296875,18,SE-20-X-B,2023
2.0631605,33,SE-20-X-B,2023
524.9448139062495,3,SD-20-Z-D,2023
925.8568133671874,4,SD-20-Z-D,2023
45.728876078125026,12,SD-20-Z-D,2023
1759.9610333906705,15,SD-20-Z-D,2023
13.877467414062503,18,SD-20-Z-D,2023
80.08937709374999,33,SD-20-Z-D,2023
1484.4762193905956,3,SD-20-Z-B,2023
251.93932927343604,4,SD-20-Z-B,2023
466.34564360937645,12,SD-20-Z-B,2023
1676.5273717812513,15,SD-20-Z-B,2023
338.81133856250085,18,SD-20-Z-B,2023
44.54368955468748,33,SD-20-Z-B,2023
3749.2933102658294,3,SD-21-Y-A,2023
4511.453961921951,4,SD-21-Y-A,2023
5607.1478208677345,12,SD-21-Y-A,2023
3047.3537650391804,15,SD-21-Y-A,2023
804.4425643203137,18,SD-21-Y-A,2023
58.71571188281259,25,SD-21-Y-A,2023
32.79823699999996,33,SD-21-Y-A,2023
2993.945655914207,3,SD-21-Y-B,2023
2594.78375407029,4,SD-21-Y-B,2023
3108.9948786015766,12,SD-21-Y-B,2023
4749.918623538594,15,SD-21-Y-B,2023
3989.7958305078782,18,SD-21-Y-B,2023
69.28290712500018,25,SD-21-Y-B,2023
50.289053859374945,33,SD-21-Y-B,2023
5754.795451015456,3,SD-21-V-D,2023
2570.912039101542,4,SD-21-V-D,2023
2104.09179378911,12,SD-21-V-D,2023
1134.7978069999663,15,SD-21-V-D,2023
6248.258472843458,18,SD-21-V-D,2023
50.443218,25,SD-21-V-D,2023
8.443717953125002,33,SD-21-V-D,2023
7294.016670851281,3,SD-21-X-C,2023
929.1793981640577,4,SD-21-X-C,2023
108.97730530468733,12,SD-21-X-C,2023
1526.6371238516085,15,SD-21-X-C,2023
7843.616509109015,18,SD-21-X-C,2023
93.36104135156215,25,SD-21-X-C,2023
33.592800179687494,33,SD-21-X-C,2023
3880.78550327356,3,SD-21-Z-A,2023
6422.727543187201,4,SD-21-Z-A,2023
108.17266963281166,12,SD-21-Z-A,2023
3843.8288079533,15,SD-21-Z-A,2023
2837.097135124881,18,SD-21-Z-A,2023
93.82848114843756,25,SD-21-Z-A,2023
266.80523174999695,33,SD-21-Z-A,2023
2949.72604473444,3,SD-21-Z-C,2023
8508.886601844386,4,SD-21-Z-C,2023
235.72023157812426,12,SD-21-Z-C,2023
4859.733363640854,15,SD-21-Z-C,2023
166.15405687499938,18,SD-21-Z-C,2023
370.14345453906185,25,SD-21-Z-C,2023
166.99328071093774,33,SD-21-Z-C,2023
6227.804548515115,3,SD-21-X-A,2023
372.4148601328125,4,SD-21-X-A,2023
44.247497734374974,12,SD-21-X-A,2023
1367.3089942812799,15,SD-21-X-A,2023
9814.241326999329,18,SD-21-X-A,2023
87.74309695312486,25,SD-21-X-A,2023
85.48065941406252,33,SD-21-X-A,2023
11334.956388882058,3,SD-21-V-B,2023
1203.558641320312,4,SD-21-V-B,2023
161.82734776562518,12,SD-21-V-B,2023
2678.0822007811053,15,SD-21-V-B,2023
2568.368710523357,18,SD-21-V-B,2023
18.688456132812483,25,SD-21-V-B,2023
36.43416655468749,33,SD-21-V-B,2023
10004.282658756825,3,SC-21-Y-D,2023
19.6306792890625,12,SC-21-Y-D,2023
6463.000273171831,15,SC-21-Y-D,2023
1436.407743804706,18,SC-21-Y-D,2023
16.48841082031252,25,SC-21-Y-D,2023
139.81641949218766,33,SC-21-Y-D,2023
9312.256585248995,3,SC-21-Z-C,2023
57.61478205468755,4,SC-21-Z-C,2023
134.06668027343736,12,SC-21-Z-C,2023
2576.848983742214,15,SC-21-Z-C,2023
5774.416614585723,18,SC-21-Z-C,2023
60.493817257812545,25,SC-21-Z-C,2023
187.6014712656252,33,SC-21-Z-C,2023
8957.610313282525,3,SC-21-Z-A,2023
40.76252762499996,4,SC-21-Z-A,2023
506.4153912500002,12,SC-21-Z-A,2023
7833.814745143546,15,SC-21-Z-A,2023
646.5595945390655,18,SC-21-Z-A,2023
5.366061351562501,25,SC-21-Z-A,2023
178.31832447656274,33,SC-21-Z-A,2023
11051.295297265506,3,SC-21-X-C,2023
9.268554476562498,4,SC-21-X-C,2023
99.35091446093747,12,SC-21-X-C,2023
6468.370620086646,15,SC-21-X-C,2023
288.0853873437493,18,SC-21-X-C,2023
31.89772213281244,25,SC-21-X-C,2023
277.67629856249704,33,SC-21-X-C,2023
11434.928431313205,3,SC-21-Y-B,2023
15.644313015624991,4,SC-21-Y-B,2023
324.9235884140658,12,SC-21-Y-B,2023
6164.285599025156,15,SC-21-Y-B,2023
8.702052984375003,18,SC-21-Y-B,2023
2.287644421875,25,SC-21-Y-B,2023
188.43869117187504,33,SC-21-Y-B,2023
13798.146042273582,3,SC-21-Y-C,2023
80.07662564843773,4,SC-21-Y-C,2023
40.89110710937494,12,SC-21-Y-C,2023
4134.564501820237,15,SC-21-Y-C,2023
27.9547939140625,18,SC-21-Y-C,2023
20.42987978906253,25,SC-21-Y-C,2023
10.168296359375002,33,SC-21-Y-C,2023
12891.68837187647,3,SC-21-Y-A,2023
6.156727812499998,4,SC-21-Y-A,2023
173.57771531250012,12,SC-21-Y-A,2023
5029.456675282558,15,SC-21-Y-A,2023
37.43195344531251,18,SC-21-Y-A,2023
9.945928960937485,25,SC-21-Y-A,2023
23.92980243749997,33,SC-21-Y-A,2023
16060.048221032117,3,SC-20-Z-B,2023
5.274676593750001,4,SC-20-Z-B,2023
27.966640554687483,12,SC-20-Z-B,2023
2001.5150023124993,15,SC-20-Z-B,2023
1.5826771171875,18,SC-20-Z-B,2023
42.384349851562455,33,SC-20-Z-B,2023
10654.949040662734,3,SC-20-Z-D,2023
121.20990390625019,4,SC-20-Z-D,2023
531.9816675859361,12,SC-20-Z-D,2023
6630.13779933564,15,SC-20-Z-D,2023
23.918791156249995,18,SC-20-Z-D,2023
51.09605432812495,25,SC-20-Z-D,2023
50.91936057031255,33,SC-20-Z-D,2023
9496.446010249216,3,SD-20-X-B,2023
629.2314032968734,4,SD-20-X-B,2023
517.4619261093732,12,SD-20-X-B,2023
6102.1908905702385,15,SD-20-X-B,2023
1087.7504444453152,18,SD-20-X-B,2023
88.05921517968765,25,SD-20-X-B,2023
77.63983533593772,33,SD-20-X-B,2023
5604.874126320157,3,SD-20-X-D,2023
1177.1357274765398,4,SD-20-X-D,2023
290.3142222343759,12,SD-20-X-D,2023
4274.575518765373,15,SD-20-X-D,2023
1535.3719098828615,18,SD-20-X-D,2023
20.119458164062465,25,SD-20-X-D,2023
74.77322881249997,33,SD-20-X-D,2023
9666.075471960174,3,SD-21-V-A,2023
7318.864063358986,4,SD-21-V-A,2023
153.55427408593738,12,SD-21-V-A,2023
330.6117740390623,15,SD-21-V-A,2023
499.7245144218721,18,SD-21-V-A,2023
45.04437329687498,25,SD-21-V-A,2023
21.67138732031252,33,SD-21-V-A,2023
5990.516168148582,3,SD-21-V-C,2023
4444.3121741172845,4,SD-21-V-C,2023
919.8875089687364,12,SD-21-V-C,2023
1145.4750492890616,15,SD-21-V-C,2023
5206.834502663721,18,SD-21-V-C,2023
62.52994632031242,25,SD-21-V-C,2023
18.45687302343749,33,SD-21-V-C,2023
1263.6225646405778,3,SD-20-X-C,2023
1742.6361387735083,4,SD-20-X-C,2023
595.2939253828097,12,SD-20-X-C,2023
136.6477746874993,15,SD-20-X-C,2023
4.439050554687501,18,SD-20-X-C,2023
122.88771285937416,33,SD-20-X-C,2023
4747.0231002420815,3,SD-20-V-B,2023
3.2322372421875,4,SD-20-V-B,2023
974.7705684218798,12,SD-20-V-B,2023
3583.9810187109133,15,SD-20-V-B,2023
3.2366249609375015,18,SD-20-V-B,2023
14.513595796874991,25,SD-20-V-B,2023
137.98955429687493,33,SD-20-V-B,2023
10898.030859586226,3,SD-20-X-A,2023
171.15946367968743,4,SD-20-X-A,2023
1905.1466761796755,12,SD-20-X-A,2023
4510.3095109842925,15,SD-20-X-A,2023
141.49010135937522,18,SD-20-X-A,2023
3.9351928671875003,25,SD-20-X-A,2023
55.75779577343751,33,SD-20-X-A,2023
4814.900900390423,3,SC-20-Z-C,2023
3.0692329531249993,4,SC-20-Z-C,2023
454.1991835312477,12,SC-20-Z-C,2023
12562.943472069728,15,SC-20-Z-C,2023
163.70775610937505,18,SC-20-Z-C,2023
61.59970457812497,25,SC-20-Z-C,2023
50.40750617968746,33,SC-20-Z-C,2023
5325.539179018115,3,SC-20-Z-A,2023
0.967268546875,4,SC-20-Z-A,2023
58.37181775000025,12,SC-20-Z-A,2023
12628.983011087828,15,SC-20-Z-A,2023
4.663971242187501,18,SC-20-Z-A,2023
75.74641703906241,25,SC-20-Z-A,2023
77.73985300781247,33,SC-20-Z-A,2023
9845.794422828763,3,SC-20-Y-B,2023
3.426574046874999,4,SC-20-Y-B,2023
129.6390519609373,12,SC-20-Y-B,2023
8100.564169602979,15,SC-20-Y-B,2023
8.715084718750003,18,SC-20-Y-B,2023
26.40160611718746,25,SC-20-Y-B,2023
56.50303028906237,33,SC-20-Y-B,2023
14788.328005491105,3,SC-20-Y-D,2023
34.10258667187508,4,SC-20-Y-D,2023
1088.7509941172118,12,SC-20-Y-D,2023
2143.5786671718292,15,SC-20-Y-D,2023
34.331017140624894,18,SC-20-Y-D,2023
2.977275625,25,SC-20-Y-D,2023
18.496769617187503,33,SC-20-Y-D,2023
479.24617677343673,3,SD-20-V-A,2023
0.1748711328125,4,SD-20-V-A,2023
120.59466283593815,12,SD-20-V-A,2023
51.42583865625009,15,SD-20-V-A,2023
58.24253482031242,33,SD-20-V-A,2023
8146.103954436999,3,SC-20-Y-C,2023
7.7177748046875,4,SC-20-Y-C,2023
324.7870492812477,12,SC-20-Y-C,2023
174.40445534375,15,SC-20-Y-C,2023
162.4043939765623,33,SC-20-Y-C,2023
6253.622051360295,3,SC-20-Y-A,2023
6.503628515625001,4,SC-20-Y-A,2023
96.31289235156216,12,SC-20-Y-A,2023
3690.1545052107263,15,SC-20-Y-A,2023
21.09433433593751,25,SC-20-Y-A,2023
102.88210025000001,33,SC-20-Y-A,2023
10399.118429247528,3,SB-23-V-D,2024
2577.154815500153,4,SB-23-V-D,2024
357.86050137501144,12,SB-23-V-D,2024
4425.316196961604,15,SB-23-V-D,2024
118.39573579687477,18,SB-23-V-D,2024
132.65799196875008,25,SB-23-V-D,2024
2.7596703671875,33,SB-23-V-D,2024
9740.592969296802,3,SB-23-X-A,2024
1936.9041436953707,4,SB-23-X-A,2024
214.42043919531264,12,SB-23-X-A,2024
5610.542089195386,15,SB-23-X-A,2024
1.8710988828125,18,SB-23-X-A,2024
127.82113207812517,25,SB-23-X-A,2024
57.507880390625,33,SB-23-X-A,2024
7485.877206820372,3,SB-23-V-B,2024
4.276310578124999,4,SB-23-V-B,2024
6.59895325,12,SB-23-V-B,2024
10207.788915765606,15,SB-23-V-B,2024
407.3810438906263,18,SB-23-V-B,2024
42.246527874999984,25,SB-23-V-B,2024
24.784281609375,33,SB-23-V-B,2024
7220.0163675164085,3,SA-23-Y-D,2024
8.655107562499998,4,SA-23-Y-D,2024
255.45071761718842,12,SA-23-Y-D,2024
10278.431718962838,15,SA-23-Y-D,2024
4.193685273437501,18,SA-23-Y-D,2024
67.36725833593763,25,SA-23-Y-D,2024
534.7315165390662,33,SA-23-Y-D,2024
9597.963407017098,3,SA-23-Z-C,2024
1992.4479590155818,4,SA-23-Z-C,2024
569.9800004843721,12,SA-23-Z-C,2024
3672.928877406141,15,SA-23-Z-C,2024
57.47704070312504,18,SA-23-Z-C,2024
69.87480266406257,25,SA-23-Z-C,2024
839.6672562812603,33,SA-23-Z-C,2024
3966.3957881170936,3,SA-23-Z-B,2024
1894.2967125311707,4,SA-23-Z-B,2024
617.8295032734395,12,SA-23-Z-B,2024
28.930590046874997,15,SA-23-Z-B,2024
1209.3432651718824,25,SA-23-Z-B,2024
414.563976195305,33,SA-23-Z-B,2024
2065.985381023413,3,SA-23-X-C,2024
35.83590145312494,4,SA-23-X-C,2024
0.26811839062500004,12,SA-23-X-C,2024
33.595603507812505,15,SA-23-X-C,2024
2.8592143749999996,18,SA-23-X-C,2024
27.25638040624999,25,SA-23-X-C,2024
264.1525529374991,33,SA-23-X-C,2024
7232.011266038705,3,SA-23-Z-A,2024
677.5813312968796,4,SA-23-Z-A,2024
772.969495796872,12,SA-23-Z-A,2024
1281.782550820309,15,SA-23-Z-A,2024
11.3418884296875,18,SA-23-Z-A,2024
415.55940110937365,25,SA-23-Z-A,2024
2849.7293370938432,33,SA-23-Z-A,2024
8764.296685469333,3,SA-23-Y-B,2024
13.131422593750004,4,SA-23-Y-B,2024
310.8362809999985,12,SA-23-Y-B,2024
8947.065624335639,15,SA-23-Y-B,2024
14.294185601562484,18,SA-23-Y-B,2024
44.92761857031253,25,SA-23-Y-B,2024
331.11168164062536,33,SA-23-Y-B,2024
9338.573338116737,3,SA-23-V-D,2024
72.20421901562491,4,SA-23-V-D,2024
102.86924349218744,12,SA-23-V-D,2024
3985.5931021170054,15,SA-23-V-D,2024
42.62185240625001,18,SA-23-V-D,2024
46.91938413281241,25,SA-23-V-D,2024
717.107467867182,33,SA-23-V-D,2024
141.8550244062497,3,SA-23-V-B,2024
2.5922061093750006,12,SA-23-V-B,2024
13.676106890624975,15,SA-23-V-B,2024
2.860379367187499,25,SA-23-V-B,2024
30.659333117187565,33,SA-23-V-B,2024
960.6685994374922,3,NB-22-Y-D,2024
9.451544484375,4,NB-22-Y-D,2024
551.8606677890605,12,NB-22-Y-D,2024
157.38970665625035,15,NB-22-Y-D,2024
284.84761268749946,33,NB-22-Y-D,2024
9668.99433834558,3,NA-22-V-B,2024
9.366732960937501,4,NA-22-V-B,2024
2064.293416328086,12,NA-22-V-B,2024
291.07051642968656,15,NA-22-V-B,2024
0.2677565078125,18,NA-22-V-B,2024
290.51125427343663,33,NA-22-V-B,2024
0.17855575,3,NA-22-X-A,2024
0.53566703125,33,NA-22-X-A,2024
1191.9147977499645,3,NA-22-X-C,2024
6.521116476562498,4,NA-22-X-C,2024
1342.2708641484433,12,NA-22-X-C,2024
24.38492946093749,15,NA-22-X-C,2024
2.0544995625,18,NA-22-X-C,2024
3.930588382812498,25,NA-22-X-C,2024
361.0957157578096,33,NA-22-X-C,2024
3971.9930272421207,3,NA-22-Z-A,2024
26.54177059375001,4,NA-22-Z-A,2024
7374.1298385857035,12,NA-22-Z-A,2024
31.725762414062515,15,NA-22-Z-A,2024
54.42756730468767,18,NA-22-Z-A,2024
2.144815515625001,25,NA-22-Z-A,2024
989.3405463437512,33,NA-22-Z-A,2024
3479.7104647109763,3,SA-23-V-A,2024
0.089390671875,4,SA-23-V-A,2024
200.14018579687476,12,SA-23-V-A,2024
1247.0427159609594,15,SA-23-V-A,2024
4.558721453125,18,SA-23-V-A,2024
64.7185644999999,25,SA-23-V-A,2024
567.8039432031276,33,SA-23-V-A,2024
19.935637882812493,3,NA-22-Z-D,2024
0.715179875,4,NA-22-Z-D,2024
79.92135327343766,12,NA-22-Z-D,2024
138.3868999453123,33,NA-22-Z-D,2024
1521.3201039844066,3,SA-22-X-B,2024
70.97676191406232,4,SA-22-X-B,2024
8739.018312031514,12,SA-22-X-B,2024
341.2805928203126,15,SA-22-X-B,2024
2.6816849453125005,18,SA-22-X-B,2024
27.53180835156251,25,SA-22-X-B,2024
2650.0935526563244,33,SA-22-X-B,2024
5162.468514468905,3,NA-22-Z-C,2024
82.5998440234375,4,NA-22-Z-C,2024
4013.465842179845,12,NA-22-Z-C,2024
456.97835985156314,15,NA-22-Z-C,2024
125.24142359374933,18,NA-22-Z-C,2024
1.3408661718750003,25,NA-22-Z-C,2024
4145.787624085968,33,NA-22-Z-C,2024
12928.585998537797,3,SA-22-X-A,2024
93.23965328125004,4,SA-22-X-A,2024
2077.2029978593596,12,SA-22-X-A,2024
63.914489882812546,15,SA-22-X-A,2024
1.3409537187500002,18,SA-22-X-A,2024
2.3242254296875,25,SA-22-X-A,2024
3238.444424155952,33,SA-22-X-A,2024
14513.213249540726,3,NA-22-Y-D,2024
18.951283179687536,4,NA-22-Y-D,2024
2374.3066794765564,12,NA-22-Y-D,2024
465.2072501953165,15,NA-22-Y-D,2024
28.338152218750043,18,NA-22-Y-D,2024
114.24673257812577,25,NA-22-Y-D,2024
208.10311870312523,33,NA-22-Y-D,2024
14690.122632231056,3,SA-22-V-B,2024
22.527658531250008,4,SA-22-V-B,2024
1271.6407690546378,12,SA-22-V-B,2024
261.02245556250114,15,SA-22-V-B,2024
1.1620497734375002,18,SA-22-V-B,2024
43.357239765624776,25,SA-22-V-B,2024
1953.1571525703039,33,SA-22-V-B,2024
17639.257690449092,3,SA-22-V-A,2024
0.089395234375,4,SA-22-V-A,2024
39.95794848437502,12,SA-22-V-A,2024
136.1373261328127,15,SA-22-V-A,2024
5.005766375,18,SA-22-V-A,2024
9.028199656249999,25,SA-22-V-A,2024
127.20696701562474,33,SA-22-V-A,2024
18395.309354752033,3,NA-22-Y-C,2024
2.145499671875,12,NA-22-Y-C,2024
1.0727108593749999,15,NA-22-Y-C,2024
0.715111015625,18,NA-22-Y-C,2024
73.5712498515624,33,NA-22-Y-C,2024
17784.656204000945,3,NA-22-Y-B,2024
0.446893828125,4,NA-22-Y-B,2024
619.1351175624895,12,NA-22-Y-B,2024
28.422153835937458,15,NA-22-Y-B,2024
2.94948165625,18,NA-22-Y-B,2024
3.485975570312499,25,NA-22-Y-B,2024
26.992318429687472,33,NA-22-Y-B,2024
18427.389532649715,3,NA-22-Y-A,2024
7.7756813906249995,12,NA-22-Y-A,2024
1.2510644218749998,15,NA-22-Y-A,2024
0.9830324843750001,18,NA-22-Y-A,2024
29.94009718749999,33,NA-22-Y-A,2024
17956.516515923042,3,NA-22-V-D,2024
224.954189289062,12,NA-22-V-D,2024
11.967758765625002,15,NA-22-V-D,2024
1.071811734375,18,NA-22-V-D,2024
5.538271921874999,25,NA-22-V-D,2024
27.326572968749975,33,NA-22-V-D,2024
5558.250792898278,3,NA-22-V-C,2024
0.44659905468750005,12,NA-22-V-C,2024
0.17867334375,18,NA-22-V-C,2024
12.504222773437496,33,NA-22-V-C,2024
18336.33002679234,3,NA-21-Z-B,2024
1.9660101171875,4,NA-21-Z-B,2024
71.31191378906229,12,NA-21-Z-B,2024
1.5192179062500004,15,NA-21-Z-B,2024
2.4131345859374993,18,NA-21-Z-B,2024
20.018537218750005,33,NA-21-Z-B,2024
6775.123038226524,3,NA-21-X-D,2024
22.24238437499997,12,NA-21-X-D,2024
3.3944967109374997,15,NA-21-X-D,2024
0.17868264843749998,33,NA-21-X-D,2024
18377.34279878122,3,NA-21-Z-D,2024
1.4302660078125,4,NA-21-Z-D,2024
25.655736187500008,12,NA-21-Z-D,2024
2.5029823984375,15,NA-21-Z-D,2024
0.2681916171875,18,NA-21-Z-D,2024
32.35972206250005,33,NA-21-Z-D,2024
18300.205252645635,3,SA-21-X-B,2024
1.2514926249999998,4,SA-21-X-B,2024
107.26424246875038,12,SA-21-X-B,2024
26.011787265624992,15,SA-21-X-B,2024
0.17878922656250001,18,SA-21-X-B,2024
3.2179737265624997,33,SA-21-X-B,2024
18296.798352357044,3,SA-21-X-A,2024
1.16216384375,4,SA-21-X-A,2024
21.901992828125014,12,SA-21-X-A,2024
1.3409108437500001,15,SA-21-X-A,2024
151.16352537499958,33,SA-21-X-A,2024
17825.976135331795,3,NA-21-Z-C,2024
25.745099937499987,4,NA-21-Z-C,2024
499.6057473046831,12,NA-21-Z-C,2024
4.112121734374999,15,NA-21-Z-C,2024
115.14001824218703,33,NA-21-Z-C,2024
13194.200114117622,3,NA-21-Z-A,2024
15.638128289062498,4,NA-21-Z-A,2024
3929.2557475077206,12,NA-21-Z-A,2024
6.7914779609375,15,NA-21-Z-A,2024
17.248745335937503,33,NA-21-Z-A,2024
2026.7598056328538,3,NA-21-X-C,2024
1.8760513515625,4,NA-21-X-C,2024
881.2252361875118,12,NA-21-X-C,2024
6.699845320312496,15,NA-21-X-C,2024
0.44666474999999994,33,NA-21-X-C,2024
13258.24032129826,3,NA-21-Y-B,2024
0.35747637499999996,12,NA-21-Y-B,2024
1.7874563984374998,15,NA-21-Y-B,2024
18.411981320312496,33,NA-21-Y-B,2024
19.834327499999983,3,NA-21-V-D,2024
18409.791093543336,3,NA-21-Y-D,2024
3.486406249999999,12,NA-21-Y-D,2024
1.4302893359375,15,NA-21-Y-D,2024
24.941300531250015,33,NA-21-Y-D,2024
18313.786917152775,3,SA-21-V-B,2024
0.5363471171874999,4,SA-21-V-B,2024
22.16899442187498,12,SA-21-V-B,2024
9.475354000000003,15,SA-21-V-B,2024
93.68147696093766,33,SA-21-V-B,2024
18328.448893309378,3,SA-21-V-A,2024
15.106917249999997,12,SA-21-V-A,2024
2.1453372890624998,15,SA-21-V-A,2024
10.369417804687492,25,SA-21-V-A,2024
116.74336050781248,33,SA-21-V-A,2024
17557.564781439185,3,NA-21-Y-C,2024
5.452686210937499,4,NA-21-Y-C,2024
7.687301687499999,12,NA-21-Y-C,2024
821.0343813046642,15,NA-21-Y-C,2024
6.435856523437503,25,NA-21-Y-C,2024
74.46014296093784,33,NA-21-Y-C,2024
9508.752484170665,3,NA-21-Y-A,2024
0.6254431875,4,NA-21-Y-A,2024
110.07976532031196,12,NA-21-Y-A,2024
147.7475386796871,15,NA-21-Y-A,2024
7.329205992187502,33,NA-21-Y-A,2024
17771.416370168066,3,SA-20-X-B,2024
363.2195073750013,12,SA-20-X-B,2024
43.89374900000003,15,SA-20-X-B,2024
0.8939750000000001,18,SA-20-X-B,2024
48.538764671875015,25,SA-20-X-B,2024
179.50447703906133,33,SA-20-X-B,2024
14820.899725227371,3,NA-20-Z-D,2024
2.2346447499999997,4,NA-20-Z-D,2024
1813.225379335922,12,NA-20-Z-D,2024
1274.7934038515998,15,NA-20-Z-D,2024
0.625771296875,18,NA-20-Z-D,2024
7.7767172109375,25,NA-20-Z-D,2024
473.24990598437813,33,NA-20-Z-D,2024
13339.75663786643,3,NA-20-Z-B,2024
5.183356601562502,4,NA-20-Z-B,2024
2923.8873080154904,12,NA-20-Z-B,2024
1742.3690551015427,15,NA-20-Z-B,2024
0.1787411640625,18,NA-20-Z-B,2024
9.651411078125001,25,NA-20-Z-B,2024
409.3154491406248,33,NA-20-Z-B,2024
10092.906408641436,3,NA-20-X-D,2024
3.572385921875,4,NA-20-X-D,2024
4582.887876366936,12,NA-20-X-D,2024
3124.3263264452253,15,NA-20-X-D,2024
154.03071585156425,18,NA-20-X-D,2024
119.83301782031288,25,NA-20-X-D,2024
266.22280742968763,33,NA-20-X-D,2024
505.36981528124727,3,NA-21-V-C,2024
3.39368909375,4,NA-21-V-C,2024
910.3268017031027,12,NA-21-V-C,2024
45.99556949218739,15,NA-21-V-C,2024
10.89435296875,33,NA-21-V-C,2024
29.168766343750058,3,NA-21-V-A,2024
12.938596640624999,4,NA-21-V-A,2024
2605.9031160233476,12,NA-21-V-A,2024
31.500670578125018,15,NA-21-V-A,2024
10.618404187500001,18,NA-21-V-A,2024
6.246041859374998,25,NA-21-V-A,2024
40.511350203125026,33,NA-21-V-A,2024
1612.4120604609525,3,NA-20-X-B,2024
8.563218390625,4,NA-20-X-B,2024
15892.656715407835,12,NA-20-X-B,2024
359.4129878750032,15,NA-20-X-B,2024
215.48216555468863,18,NA-20-X-B,2024
304.2368010390678,33,NA-20-X-B,2024
2595.405409773478,3,NB-20-Z-D,2024
36.10856360156251,4,NB-20-Z-D,2024
10943.380277156708,12,NB-20-Z-D,2024
70.1610025859374,15,NB-20-Z-D,2024
2.674513609375,18,NB-20-Z-D,2024
3.2086375078125005,25,NB-20-Z-D,2024
21.483311554687486,33,NB-20-Z-D,2024
219.34826724999675,3,NB-21-Y-C,2024
5.3498329687499995,4,NB-21-Y-C,2024
1542.0220433828554,12,NB-21-Y-C,2024
21.757793687499998,15,NB-21-Y-C,2024
1.6942951093749996,18,NB-21-Y-C,2024
15.6917836953125,33,NB-21-Y-C,2024
1593.033309617245,3,NB-20-Z-B,2024
0.8905676171875001,4,NB-20-Z-B,2024
89.59232557812511,12,NB-20-Z-B,2024
2.582510890625,15,NB-20-Z-B,2024
7.746999382812498,33,NB-20-Z-B,2024
24.66968249218752,3,NB-21-Y-A,2024
0.6234099375,33,NB-21-Y-A,2024
2421.0131858747636,3,NB-20-Z-C,2024
0.4458504296875,12,NB-20-Z-C,2024
1.6942640546875,15,NB-20-Z-C,2024
1.0701479453125,33,NB-20-Z-C,2024
640.6591715937725,3,NB-20-Y-D,2024
3.3889230546875,15,NB-20-Y-D,2024
0.089176828125,33,NB-20-Y-D,2024
591.4807118671845,3,NB-20-Y-C,2024
2.4079285859375,15,NB-20-Y-C,2024
0.4458816953125,33,NB-20-Y-C,2024
171.78266916406324,3,NA-20-V-A,2024
1.15949853125,15,NA-20-V-A,2024
0.624332625,33,NA-20-V-A,2024
370.4885252109346,3,NA-19-X-D,2024
4.3777476718749995,12,NA-19-X-D,2024
0.8040876484375001,33,NA-19-X-D,2024
9522.545548258076,3,NA-20-V-D,2024
0.0893140078125,4,NA-20-V-D,2024
30.360930304687486,12,NA-20-V-D,2024
17.323781132812492,15,NA-20-V-D,2024
0.0893148984375,18,NA-20-V-D,2024
1.6074224687500003,33,NA-20-V-D,2024
14027.722599453042,3,NA-20-V-B,2024
4.3729477812500015,12,NA-20-V-B,2024
16.414499867187505,15,NA-20-V-B,2024
4.01495728125,25,NA-20-V-B,2024
47.11106317187495,33,NA-20-V-B,2024
16390.62675732621,3,NA-20-X-A,2024
8.207911085937502,4,NA-20-X-A,2024
506.8563951953139,12,NA-20-X-A,2024
457.8984894843788,15,NA-20-X-A,2024
0.0892294765625,18,NA-20-X-A,2024
113.88396285937509,33,NA-20-X-A,2024
17145.04087142546,3,NA-20-X-C,2024
6.250547796875001,12,NA-20-X-C,2024
1264.9162943593863,15,NA-20-X-C,2024
0.3572922734375,18,NA-20-X-C,2024
39.826719578124965,33,NA-20-X-C,2024
15645.43321460743,3,NA-20-Y-B,2024
0.17875896875000002,4,NA-20-Y-B,2024
67.65917397656247,12,NA-20-Y-B,2024
18.589206578124998,15,NA-20-Y-B,2024
38.25384695312496,33,NA-20-Y-B,2024
16874.916428524743,3,NA-20-Z-A,2024
1.1618369609375,4,NA-20-Z-A,2024
1350.4927159686956,12,NA-20-Z-A,2024
51.82942722656242,15,NA-20-Z-A,2024
0.7149141484375001,18,NA-20-Z-A,2024
186.70479607031322,33,NA-20-Z-A,2024
12761.490725069532,3,NA-20-Z-C,2024
0.8045478906250001,4,NA-20-Z-C,2024
4244.7927820707555,12,NA-20-Z-C,2024
4.558792734375001,15,NA-20-Z-C,2024
0.17877277343749998,18,NA-20-Z-C,2024
1.6091273593750002,25,NA-20-Z-C,2024
1383.4827321875016,33,NA-20-Z-C,2024
16151.487196831726,3,SA-20-X-A,2024
0.178784,4,SA-20-X-A,2024
991.8208820155897,12,SA-20-X-A,2024
46.12487200781247,15,SA-20-X-A,2024
2.0558550390625006,25,SA-20-X-A,2024
1128.6455367890521,33,SA-20-X-A,2024
15448.351336226071,3,SA-20-V-B,2024
0.268187953125,4,SA-20-V-B,2024
1471.952827445249,12,SA-20-V-B,2024
7.2407781484375,15,SA-20-V-B,2024
1481.7090869765582,33,SA-20-V-B,2024
15559.000901413054,3,NA-20-Y-D,2024
0.9833366171875,4,NA-20-Y-D,2024
2729.8379339530393,12,NA-20-Y-D,2024
11.799532507812504,15,NA-20-Y-D,2024
156.97813717968756,33,NA-20-Y-D,2024
17226.93272859023,3,SA-20-V-A,2024
0.7151216484375,4,SA-20-V-A,2024
314.47985751562675,12,SA-20-V-A,2024
20.82905829687502,15,SA-20-V-A,2024
2.2348807109375,25,SA-20-V-A,2024
805.8030677968668,33,SA-20-V-A,2024
17307.826140603687,3,NA-20-Y-C,2024
50.41788620312499,12,NA-20-Y-C,2024
5.989358343749997,15,NA-20-Y-C,2024
22.169530562500007,33,NA-20-Y-C,2024
2024.6895126642687,3,NA-20-Y-A,2024
4.468932468749998,12,NA-20-Y-A,2024
2.32387765625,15,NA-20-Y-A,2024
3.396356507812499,33,NA-20-Y-A,2024
5380.7345526884,3,NA-19-Z-B,2024
9.025740101562501,12,NA-19-Z-B,2024
3.038436984375,15,NA-19-Z-B,2024
58.988043703125,33,NA-19-Z-B,2024
16722.682013404614,3,NA-19-Z-D,2024
0.178791078125,4,NA-19-Z-D,2024
134.89344010937484,12,NA-19-Z-D,2024
10.816691742187498,15,NA-19-Z-D,2024
298.0335451484368,33,NA-19-Z-D,2024
17910.69667504498,3,SA-19-X-B,2024
0.089390875,4,SA-19-X-B,2024
73.74874696093742,12,SA-19-X-B,2024
23.332609234375035,15,SA-19-X-B,2024
6.257811312500001,25,SA-19-X-B,2024
458.4205209687493,33,SA-19-X-B,2024
18322.007925629154,3,SA-19-X-A,2024
0.2681888984375,4,SA-19-X-A,2024
26.282087523437507,12,SA-19-X-A,2024
0.3575898359375,15,SA-19-X-A,2024
90.7332977812508,33,SA-19-X-A,2024
17947.532615299864,3,NA-19-Z-C,2024
4.559059890624999,4,NA-19-Z-C,2024
188.70774656249853,12,NA-19-Z-C,2024
4.648586593750001,15,NA-19-Z-C,2024
294.2010813125018,33,NA-19-Z-C,2024
15282.396107181303,3,NA-19-Z-A,2024
30.205643179687495,12,NA-19-Z-A,2024
6.881692070312503,15,NA-19-Z-A,2024
97.14505775000016,33,NA-19-Z-A,2024
9219.388067608155,3,SA-19-V-B,2024
6.4364503671875,12,SA-19-V-B,2024
2.1454270859375004,15,SA-19-V-B,2024
15.911277421875004,33,SA-19-V-B,2024
8777.438594874748,3,NA-19-Y-D,2024
4.648404718749999,12,NA-19-Y-D,2024
31.556575390624978,15,NA-19-Y-D,2024
108.7014539921874,33,NA-19-Y-D,2024
7003.040631899612,3,NA-19-Y-B,2024
8.579057164062501,12,NA-19-Y-B,2024
18.498808859374993,15,NA-19-Y-B,2024
54.15926814843758,33,NA-19-Y-B,2024
231.21482853906303,3,NA-19-X-C,2024
0.357376796875,12,NA-19-X-C,2024
0.1786878984375,33,NA-19-X-C,2024
198.93183693749805,3,SC-19-Y-D,2024
0.35118725,15,SC-19-Y-D,2024
0.79012859375,33,SC-19-Y-D,2024
1404.641283156254,3,SC-19-Y-A,2024
0.8797398359375002,12,SC-19-Y-A,2024
0.7912295312500001,33,SC-19-Y-A,2024
16136.17319953124,3,SC-19-Y-B,2024
0.0878698828125,4,SC-19-Y-B,2024
23.396613687499986,12,SC-19-Y-B,2024
1336.118924640643,15,SC-19-Y-B,2024
1.6684821953124997,25,SC-19-Y-B,2024
40.523665390625006,33,SC-19-Y-B,2024
17956.25826914143,3,SC-19-V-D,2024
20.11440854687499,12,SC-19-V-D,2024
186.19345553125004,15,SC-19-V-D,2024
63.466345749999945,33,SC-19-V-D,2024
9595.49034944881,3,SC-19-Z-A,2024
6.599188421874999,12,SC-19-Z-A,2024
5494.675544524894,15,SC-19-Z-A,2024
43.13651092187476,25,SC-19-Z-A,2024
34.21159539843747,33,SC-19-Z-A,2024
11917.421796227092,3,SC-19-X-C,2024
29.728365039062506,12,SC-19-X-C,2024
6080.671037578271,15,SC-19-X-C,2024
83.00082412500005,25,SC-19-X-C,2024
83.19316890625001,33,SC-19-X-C,2024
133.9590886406253,3,SC-19-Z-C,2024
0.438975046875,12,SC-19-Z-C,2024
315.66167560155975,15,SC-19-Z-C,2024
8.9547616484375,25,SC-19-Z-C,2024
6.409017132812495,33,SC-19-Z-C,2024
550.1345685859453,3,SC-19-Z-B,2024
1.2324309375,12,SC-19-Z-B,2024
1836.9090082578762,15,SC-19-Z-B,2024
9.154819398437493,25,SC-19-Z-B,2024
10.827260398437499,33,SC-19-Z-B,2024
10944.604383399888,3,SC-19-X-D,2024
0.0882628125,4,SC-19-X-D,2024
7.233167609375,12,SC-19-X-D,2024
5970.77282210194,15,SC-19-X-D,2024
6.433857867187498,25,SC-19-X-D,2024
40.21132251562503,33,SC-19-X-D,2024
15810.888308677384,3,SC-19-X-B,2024
0.1767835390625,4,SC-19-X-B,2024
72.95575082031223,12,SC-19-X-B,2024
2287.4931956485043,15,SC-19-X-B,2024
5.391311710937501,25,SC-19-X-B,2024
98.96647830468736,33,SC-19-X-B,2024
17696.047686305974,3,SC-19-X-A,2024
14.40316628124999,12,SC-19-X-A,2024
458.28970381249917,15,SC-19-X-A,2024
74.32001228906286,33,SC-19-X-A,2024
17012.870342444916,3,SC-19-V-B,2024
14.3298545234375,12,SC-19-V-B,2024
1193.1356985703087,15,SC-19-V-B,2024
11.326362640625,25,SC-19-V-B,2024
44.2095705234375,33,SC-19-V-B,2024
18267.75175885401,3,SB-19-Z-C,2024
4.5219664609375005,12,SB-19-Z-C,2024
5.940116273437495,15,SB-19-Z-C,2024
57.817146414062684,33,SB-19-Z-C,2024
18019.74231531278,3,SB-19-Y-D,2024
22.427293375000005,12,SB-19-Y-D,2024
225.6719765390645,15,SB-19-Y-D,2024
2.393952570312501,25,SB-19-Y-D,2024
98.77392320312492,33,SB-19-Y-D,2024
17946.313632735073,3,SB-19-Z-D,2024
0.8861691796875,4,SB-19-Z-D,2024
71.16000218750007,12,SB-19-Z-D,2024
142.4893832343737,15,SB-19-Z-D,2024
2.4810928828125,25,SB-19-Z-D,2024
205.67918078124893,33,SB-19-Z-D,2024
18050.67243161497,3,SB-19-Z-A,2024
46.83289296874999,12,SB-19-Z-A,2024
29.50054381250003,15,SB-19-Z-A,2024
197.97329476562365,33,SB-19-Z-A,2024
18304.74314464126,3,SB-19-Z-B,2024
0.710614171875,12,SB-19-Z-B,2024
2.6633147968750004,15,SB-19-Z-B,2024
49.820685164062496,33,SB-19-Z-B,2024
18193.72897606353,3,SB-19-X-C,2024
25.17651400781247,12,SB-19-X-C,2024
4.359991671875002,15,SB-19-X-C,2024
134.45760734375017,33,SB-19-X-C,2024
18175.47071016243,3,SB-19-X-D,2024
38.818574078125025,12,SB-19-X-D,2024
14.514322445312477,15,SB-19-X-D,2024
161.93696997656326,33,SB-19-X-D,2024
18202.120134972407,3,SB-19-X-A,2024
1.247982421875,12,SB-19-X-A,2024
0.3566098515625,15,SB-19-X-A,2024
181.29655882031255,33,SB-19-X-A,2024
18094.143983859387,3,SB-19-X-B,2024
0.1781830078125,4,SB-19-X-B,2024
50.35108309375001,12,SB-19-X-B,2024
65.5699241406252,15,SB-19-X-B,2024
4.275973046874998,25,SB-19-X-B,2024
203.5687239609377,33,SB-19-X-B,2024
17902.700410173977,3,SB-19-Y-B,2024
68.11500876562508,12,SB-19-Y-B,2024
166.51794821875018,15,SB-19-Y-B,2024
6.039110382812503,25,SB-19-Y-B,2024
214.56528123437536,33,SB-19-Y-B,2024
18325.94114000448,3,SB-19-V-D,2024
2.581058703125,12,SB-19-V-D,2024
0.5337688125,15,SB-19-V-D,2024
61.68460914062496,33,SB-19-V-D,2024
15939.454079273764,3,SB-19-V-B,2024
0.0891526015625,4,SB-19-V-B,2024
115.9944143593742,12,SB-19-V-B,2024
81.93661740624982,15,SB-19-V-B,2024
18.990074859374992,25,SB-19-V-B,2024
484.2683977890612,33,SB-19-V-B,2024
17987.56480634606,3,SB-19-Y-C,2024
0.0887397578125,4,SB-19-Y-C,2024
23.138035070312498,12,SB-19-Y-C,2024
270.60645192187576,15,SB-19-Y-C,2024
2.5734646015625002,25,SB-19-Y-C,2024
85.03796330468748,33,SB-19-Y-C,2024
18146.114498671548,3,SB-19-Y-A,2024
30.185612546875,12,SB-19-Y-A,2024
86.816396320313,15,SB-19-Y-A,2024
94.82125124218697,33,SB-19-Y-A,2024
18311.164206983896,3,SB-19-V-C,2024
3.203613656249999,12,SB-19-V-C,2024
1.8677925000000002,15,SB-19-V-C,2024
74.50496351562488,33,SB-19-V-C,2024
11187.719201594959,3,SB-19-V-A,2024
1.9615769453124998,12,SB-19-V-A,2024
4.1006270859375,15,SB-19-V-A,2024
168.99999007812517,33,SB-19-V-A,2024
15942.617675856809,3,SB-18-Z-B,2024
4.087380984375,12,SB-18-Z-B,2024
7.369349140625001,15,SB-18-Z-B,2024
11.465561234374997,33,SB-18-Z-B,2024
11592.647470279626,3,SB-18-X-D,2024
8.899642421875004,12,SB-18-X-D,2024
1.4239162578124995,15,SB-18-X-D,2024
59.631793164062536,33,SB-18-X-D,2024
1397.1748488906337,3,SB-18-X-B,2024
0.6235206093750001,12,SB-18-X-B,2024
0.26726300000000003,15,SB-18-X-B,2024
36.79396774218749,33,SB-18-X-B,2024
16362.910662164863,3,SB-18-Z-D,2024
26.68090518750001,12,SB-18-Z-D,2024
1817.9080437656098,15,SB-18-Z-D,2024
41.389349531250055,25,SB-18-Z-D,2024
87.14202735156236,33,SB-18-Z-D,2024
15535.548149460277,3,SC-18-X-B,2024
28.482534125000008,12,SC-18-X-B,2024
467.0219888906179,15,SC-18-X-B,2024
4.0669608359375005,25,SC-18-X-B,2024
46.968915468749955,33,SC-18-X-B,2024
16772.633620016793,3,SC-19-V-A,2024
38.82188873437491,12,SC-19-V-A,2024
1371.1995278047061,15,SC-19-V-A,2024
7.081339179687494,25,SC-19-V-A,2024
86.13545296875,33,SC-19-V-A,2024
15629.761441664685,3,SC-19-V-C,2024
35.200636351562494,12,SC-19-V-C,2024
150.8637243906252,15,SC-19-V-C,2024
45.97173813281253,33,SC-19-V-C,2024
7079.663239438682,3,SC-18-X-D,2024
14.123941375,12,SC-18-X-D,2024
101.35790689843748,15,SC-18-X-D,2024
12.182278578125,33,SC-18-X-D,2024
369.1305649765637,3,SC-18-X-A,2024
3697.1348673982284,3,SB-18-Z-C,2024
1.0639920078125,12,SB-18-Z-C,2024
10.81671837499999,15,SB-18-Z-C,2024
0.5320453671875,33,SB-18-Z-C,2024
721.9838516250032,3,SB-18-Z-A,2024
0.5328116640625,12,SB-18-Z-A,2024
5474.633176530962,3,SA-19-V-D,2024
0.8042962265624999,12,SA-19-V-D,2024
0.8936962343749999,15,SA-19-V-D,2024
164.16063163281254,33,SA-19-V-D,2024
7551.457559905735,3,SA-19-Y-B,2024
5.000004109374999,12,SA-19-Y-B,2024
3.571379453124999,15,SA-19-Y-B,2024
147.95722322656212,33,SA-19-Y-B,2024
9451.27305282051,3,SA-19-Y-D,2024
0.0892716875,4,SA-19-Y-D,2024
81.46204857812509,12,SA-19-Y-D,2024
41.758330789062526,15,SA-19-Y-D,2024
332.8067801796863,33,SA-19-Y-D,2024
17988.5850099953,3,SA-19-Z-A,2024
48.304078703124944,12,SA-19-Z-A,2024
24.108070578125,15,SA-19-Z-A,2024
1.6072019843749996,25,SA-19-Z-A,2024
360.6520109921908,33,SA-19-Z-A,2024
17393.0824519122,3,SA-19-Z-C,2024
170.75108225781273,12,SA-19-Z-C,2024
119.42612356250025,15,SA-19-Z-C,2024
7.318987023437496,25,SA-19-Z-C,2024
716.2887327187535,33,SA-19-Z-C,2024
17890.261656463634,3,SA-19-Z-D,2024
111.44809439062458,12,SA-19-Z-D,2024
43.726214367187524,15,SA-19-Z-D,2024
1.5170404062499998,25,SA-19-Z-D,2024
382.84470097656185,33,SA-19-Z-D,2024
16635.36132731224,3,SA-19-Z-B,2024
0.0893363046875,4,SA-19-Z-B,2024
314.55074507031213,12,SA-19-Z-B,2024
179.41238819531262,15,SA-19-Z-B,2024
7.501754218749997,25,SA-19-Z-B,2024
1264.5505032421756,33,SA-19-Z-B,2024
17670.10598758473,3,SA-19-X-D,2024
0.178745125,4,SA-19-X-D,2024
143.77586670312527,12,SA-19-X-D,2024
6.433342007812499,15,SA-19-X-D,2024
0.6254544140624999,25,SA-19-X-D,2024
641.8415613359374,33,SA-19-X-D,2024
17904.547570626495,3,SA-19-X-C,2024
7.9539797031249995,12,SA-19-X-C,2024
0.3574362109375,15,SA-19-X-C,2024
521.3254136796816,33,SA-19-X-C,2024
17775.99377065819,3,SA-20-V-C,2024
0.1787651953125,4,SA-20-V-C,2024
196.2246808203116,12,SA-20-V-C,2024
4.5569482421875005,15,SA-20-V-C,2024
1.3402793906250001,25,SA-20-V-C,2024
446.14986076562457,33,SA-20-V-C,2024
16046.86918840801,3,SA-20-Y-A,2024
403.53350218749637,12,SA-20-Y-A,2024
170.40791242968757,15,SA-20-Y-A,2024
1.5177556250000002,25,SA-20-Y-A,2024
1668.0311246406027,33,SA-20-Y-A,2024
18386.921957406415,3,SA-20-Y-B,2024
23.92971651562502,12,SA-20-Y-B,2024
0.44648891406249996,15,SA-20-Y-B,2024
42.32570321093749,33,SA-20-Y-B,2024
18131.548599928155,3,SA-20-V-D,2024
182.15935897656334,12,SA-20-V-D,2024
0.3574928203125,15,SA-20-V-D,2024
151.12875049218744,33,SA-20-V-D,2024
15712.395599649664,3,SA-20-X-C,2024
201.25385690625075,12,SA-20-X-C,2024
35.12514067187504,15,SA-20-X-C,2024
0.089382453125,25,SA-20-X-C,2024
2445.185179726599,33,SA-20-X-C,2024
16888.1599324372,3,SA-20-X-D,2024
229.60406454687663,12,SA-20-X-D,2024
196.4219639531251,15,SA-20-X-D,2024
39.759389695312436,18,SA-20-X-D,2024
1.0722701796875,25,SA-20-X-D,2024
1075.3246973125013,33,SA-20-X-D,2024
18304.58247097849,3,SA-20-Z-A,2024
27.05478162499999,12,SA-20-Z-A,2024
7.857381937500001,15,SA-20-Z-A,2024
113.86141696874972,33,SA-20-Z-A,2024
16350.483060197708,3,SA-20-Z-B,2024
11.7890906796875,12,SA-20-Z-B,2024
235.57424767968695,15,SA-20-Z-B,2024
4.2883246484375,18,SA-20-Z-B,2024
35.80512207812504,25,SA-20-Z-B,2024
1772.9015063984905,33,SA-20-Z-B,2024
15872.997398047617,3,SA-20-Y-D,2024
0.35700146875000005,4,SA-20-Y-D,2024
680.7428062734376,12,SA-20-Y-D,2024
40.05731787500004,15,SA-20-Y-D,2024
1728.1015681250242,33,SA-20-Y-D,2024
16016.876562887288,3,SA-20-Z-C,2024
268.6308365000048,12,SA-20-Z-C,2024
154.2655173828133,15,SA-20-Z-C,2024
6.1552576328125,25,SA-20-Z-C,2024
1935.4263684921232,33,SA-20-Z-C,2024
12672.809620156479,3,SA-20-Z-D,2024
0.2675993203125,4,SA-20-Z-D,2024
498.510817054688,12,SA-20-Z-D,2024
1668.89864153904,15,SA-20-Z-D,2024
0.9816088750000002,18,SA-20-Z-D,2024
153.98360568750027,25,SA-20-Z-D,2024
3301.7344117736793,33,SA-20-Z-D,2024
16552.265993066005,3,SB-20-X-A,2024
0.089181171875,4,SB-20-X-A,2024
219.44111056249938,12,SB-20-X-A,2024
22.11043637500002,15,SB-20-X-A,2024
1589.2480089140445,33,SB-20-X-A,2024
17379.523388883266,3,SB-20-X-B,2024
1.9608409296875,4,SB-20-X-B,2024
407.744520632814,12,SB-20-X-B,2024
28.69713539843749,15,SB-20-X-B,2024
533.048797062504,33,SB-20-X-B,2024
16985.677119749722,3,SB-20-V-B,2024
88.16700553906244,12,SB-20-V-B,2024
41.55236569531241,15,SB-20-V-B,2024
9.185039351562509,25,SB-20-V-B,2024
1286.1071823125071,33,SB-20-V-B,2024
18319.33080773795,3,SB-20-V-A,2024
5.6158104453125,12,SB-20-V-A,2024
7.3095425078125,15,SB-20-V-A,2024
52.765125374999954,33,SB-20-V-A,2024
17164.086400491633,3,SA-20-Y-C,2024
0.1784885078125,4,SA-20-Y-C,2024
201.14606914843722,12,SA-20-Y-C,2024
180.35842749218708,15,SA-20-Y-C,2024
9.014252375,25,SA-20-Y-C,2024
809.7753367656233,33,SA-20-Y-C,2024
18072.392406930958,3,SB-20-V-C,2024
115.44155358593689,12,SB-20-V-C,2024
7.2928051015624975,15,SB-20-V-C,2024
162.59632346874938,33,SB-20-V-C,2024
17288.960213545797,3,SB-20-V-D,2024
0.711966765625,4,SB-20-V-D,2024
377.2531271406259,12,SB-20-V-D,2024
46.00669810937478,15,SB-20-V-D,2024
1.9575209843749997,25,SB-20-V-D,2024
675.8510501171854,33,SB-20-V-D,2024
18072.49375846722,3,SB-20-Y-A,2024
42.21222934375003,12,SB-20-Y-A,2024
4.3544068515625,15,SB-20-Y-A,2024
204.58725411718777,33,SB-20-Y-A,2024
17882.327863156872,3,SB-20-Y-B,2024
0.26625828125,4,SB-20-Y-B,2024
113.01482134375009,12,SB-20-Y-B,2024
146.94178171875018,15,SB-20-Y-B,2024
2.6651652421874994,25,SB-20-Y-B,2024
205.88300450781236,33,SB-20-Y-B,2024
16946.98672774924,3,SB-20-Y-D,2024
102.78380740625073,4,SB-20-Y-D,2024
742.2154646796787,12,SB-20-Y-D,2024
473.0343994609371,15,SB-20-Y-D,2024
9.396990859375,25,SB-20-Y-D,2024
64.37288464843753,33,SB-20-Y-D,2024
17444.91211178349,3,SB-20-Y-C,2024
3.7205406874999993,4,SB-20-Y-C,2024
346.9164679375033,12,SB-20-Y-C,2024
179.20591606249977,15,SB-20-Y-C,2024
6.297644070312503,25,SB-20-Y-C,2024
340.7013674062482,33,SB-20-Y-C,2024
17347.361665185606,3,SC-20-V-A,2024
4.776072140625,4,SC-20-V-A,2024
793.9063344765511,12,SC-20-V-A,2024
41.09733110156247,15,SC-20-V-A,2024
0.17681536718750002,18,SC-20-V-A,2024
55.65380393749993,33,SC-20-V-A,2024
10865.975703656617,3,SC-20-V-C,2024
7.319112593749995,4,SC-20-V-C,2024
128.16943912499949,12,SC-20-V-C,2024
4888.57611216412,15,SC-20-V-C,2024
10.32724603906249,18,SC-20-V-C,2024
28.84227797656252,25,SC-20-V-C,2024
343.2940167343757,33,SC-20-V-C,2024
8506.23930116529,3,SC-20-V-D,2024
1.5889535625,4,SC-20-V-D,2024
99.076154765625,12,SC-20-V-D,2024
8976.476911718994,15,SC-20-V-D,2024
241.16258899999994,18,SC-20-V-D,2024
87.79155724999985,25,SC-20-V-D,2024
313.78524448437605,33,SC-20-V-D,2024
13655.704092828382,3,SC-20-V-B,2024
6.550129109375,4,SC-20-V-B,2024
530.4323015468775,12,SC-20-V-B,2024
3075.6813228438177,15,SC-20-V-B,2024
23.070685812500002,18,SC-20-V-B,2024
121.16994666406194,25,SC-20-V-B,2024
809.491676703128,33,SC-20-V-B,2024
17173.070675475694,3,SB-20-Z-A,2024
3.2872951328125,4,SB-20-Z-A,2024
297.3191616093765,12,SB-20-Z-A,2024
221.025819945313,15,SB-20-Z-A,2024
611.7148101874948,33,SB-20-Z-A,2024
16908.24570476776,3,SB-20-Z-C,2024
4.697002156249999,4,SB-20-Z-C,2024
324.4627534921877,12,SB-20-Z-C,2024
765.83686217188,15,SB-20-Z-C,2024
3.0998059687500006,25,SB-20-Z-C,2024
353.71270674999903,33,SB-20-Z-C,2024
14253.081437673272,3,SC-20-X-A,2024
15.747077890625004,4,SC-20-X-A,2024
2813.4094616719667,12,SC-20-X-A,2024
1039.8873561797002,15,SC-20-X-A,2024
0.7074828124999999,18,SC-20-X-A,2024
151.18050052343776,33,SC-20-X-A,2024
9834.744323031833,3,SC-20-X-C,2024
0.17652625781249998,4,SC-20-X-C,2024
20.916772234375024,12,SC-20-X-C,2024
7985.390681492487,15,SC-20-X-C,2024
265.721678468747,18,SC-20-X-C,2024
27.51739124999998,25,SC-20-X-C,2024
92.1825692656249,33,SC-20-X-C,2024
15762.511349610653,3,SC-20-X-D,2024
48.7462897421875,4,SC-20-X-D,2024
88.83199998437475,12,SC-20-X-D,2024
2233.761397734369,15,SC-20-X-D,2024
1.6770927968749998,18,SC-20-X-D,2024
3.2658274453125005,25,SC-20-X-D,2024
53.984900390625015,33,SC-20-X-D,2024
16800.431856991072,3,SC-20-X-B,2024
25.102836679687492,4,SC-20-X-B,2024
949.0198897656276,12,SC-20-X-B,2024
370.9427923671889,15,SC-20-X-B,2024
1.5025475390624998,18,SC-20-X-B,2024
93.49752546093752,33,SC-20-X-B,2024
16722.447832148813,3,SB-20-Z-D,2024
1.8617197265624998,4,SB-20-Z-D,2024
133.95343384375022,12,SB-20-Z-D,2024
1329.9994857734353,15,SB-20-Z-D,2024
147.14779753124978,33,SB-20-Z-D,2024
17513.51062428283,3,SB-20-Z-B,2024
3.9968252031250002,4,SB-20-Z-B,2024
223.40914053906238,12,SB-20-Z-B,2024
411.35321682812497,15,SB-20-Z-B,2024
170.6666133671876,33,SB-20-Z-B,2024
17783.705010355072,3,SB-20-X-C,2024
0.1779206484375,4,SB-20-X-C,2024
185.6464629843748,12,SB-20-X-C,2024
31.400371109375023,15,SB-20-X-C,2024
381.984467523437,33,SB-20-X-C,2024
17002.464202436215,3,SB-20-X-D,2024
0.3558987734375,4,SB-20-X-D,2024
363.41564517187464,12,SB-20-X-D,2024
224.44292765624988,15,SB-20-X-D,2024
11.479822250000002,25,SB-20-X-D,2024
737.5015735781221,33,SB-20-X-D,2024
17997.0950889939,3,SB-21-V-C,2024
0.0890419765625,4,SB-21-V-C,2024
19.84838,12,SB-21-V-C,2024
105.57992207812458,15,SB-21-V-C,2024
268.1281436093749,33,SB-21-V-C,2024
16923.709701378582,3,SB-21-V-A,2024
4.5456671328125005,4,SB-21-V-A,2024
199.3874891328124,12,SB-21-V-A,2024
215.46653892187564,15,SB-21-V-A,2024
5.0811885078125005,25,SB-21-V-A,2024
1043.1552687343758,33,SB-21-V-A,2024
18091.364143517887,3,SB-21-V-B,2024
0.6237590078125,4,SB-21-V-B,2024
49.9270446015625,12,SB-21-V-B,2024
9.0039174921875,15,SB-21-V-B,2024
4.721275312499998,25,SB-21-V-B,2024
229.3811461328124,33,SB-21-V-B,2024
17777.452701074257,3,SB-21-V-D,2024
5.516707492187502,12,SB-21-V-D,2024
155.23181387499915,15,SB-21-V-D,2024
70.21837594531247,25,SB-21-V-D,2024
349.3034907031224,33,SB-21-V-D,2024
17206.762338065342,3,SB-21-Y-A,2024
3.285231046875,4,SB-21-Y-A,2024
64.56289275000012,12,SB-21-Y-A,2024
1037.3978549375006,15,SB-21-Y-A,2024
45.92944197656245,33,SB-21-Y-A,2024
17115.291345129357,3,SB-21-Y-B,2024
12.340356734374996,4,SB-21-Y-B,2024
304.41664842968817,12,SB-21-Y-B,2024
422.1412855000007,15,SB-21-Y-B,2024
37.86513316406246,25,SB-21-Y-B,2024
431.85906876562456,33,SB-21-Y-B,2024
16875.60706929856,3,SB-21-Y-C,2024
3.013801687500001,4,SB-21-Y-C,2024
41.219441429687485,12,SB-21-Y-C,2024
1426.0244176249394,15,SB-21-Y-C,2024
4.524288218750002,25,SB-21-Y-C,2024
18.53171560156249,33,SB-21-Y-C,2024
12938.268684906658,3,SC-21-V-C,2024
0.352747625,4,SC-21-V-C,2024
17.723630921875,12,SC-21-V-C,2024
5142.981712141038,15,SC-21-V-C,2024
1.7628349453125003,18,SC-21-V-C,2024
16.13659387499997,25,SC-21-V-C,2024
109.5120363671876,33,SC-21-V-C,2024
18204.6148581804,3,SC-21-V-A,2024
0.2654490859375,4,SC-21-V-A,2024
9.374219890625001,12,SC-21-V-A,2024
6.631153492187497,15,SC-21-V-A,2024
54.809228999999945,33,SC-21-V-A,2024
17541.77429478238,3,SC-21-V-B,2024
4.601855328125,4,SC-21-V-B,2024
304.7997518828125,12,SC-21-V-B,2024
111.73096729687495,15,SC-21-V-B,2024
0.971957203125,18,SC-21-V-B,2024
278.8278067500013,33,SC-21-V-B,2024
12100.293961648762,3,SC-21-V-D,2024
3.084588851562499,4,SC-21-V-D,2024
40.30986439843754,12,SC-21-V-D,2024
5827.11185955484,15,SC-21-V-D,2024
8.98716568750001,18,SC-21-V-D,2024
13.661112484375016,25,SC-21-V-D,2024
200.47833852343766,33,SC-21-V-D,2024
16897.38618171205,3,SB-21-Y-D,2024
16.672068874999994,4,SB-21-Y-D,2024
976.6338366406226,12,SB-21-Y-D,2024
102.50979602343747,15,SB-21-Y-D,2024
33.972346703125,25,SB-21-Y-D,2024
302.2059844140623,33,SB-21-Y-D,2024
16344.194327175193,3,SB-21-Z-A,2024
0.26658785937499996,4,SB-21-Z-A,2024
15.015273992187486,12,SB-21-Z-A,2024
1757.4615636484184,15,SB-21-Z-A,2024
1.7765372109375002,18,SB-21-Z-A,2024
151.80182372656196,25,SB-21-Z-A,2024
87.42164516406231,33,SB-21-Z-A,2024
16999.508611165536,3,SB-21-Z-C,2024
5.668849570312499,4,SB-21-Z-C,2024
46.4203341250001,12,SB-21-Z-C,2024
1183.4413212656102,15,SB-21-Z-C,2024
1.4192811875,18,SB-21-Z-C,2024
119.60135124999996,25,SB-21-Z-C,2024
12.9497124375,33,SB-21-Z-C,2024
17109.165762345896,3,SC-21-X-A,2024
94.55232657812508,4,SC-21-X-A,2024
864.8821869062674,12,SC-21-X-A,2024
199.13903775781304,15,SC-21-X-A,2024
1.7683797890624997,18,SC-21-X-A,2024
4.6832329999999995,33,SC-21-X-A,2024
14108.36626357146,3,SC-21-X-B,2024
290.9868247109406,4,SC-21-X-B,2024
508.97648103124214,12,SC-21-X-B,2024
3220.733892937471,15,SC-21-X-B,2024
94.71093687500002,18,SC-21-X-B,2024
6.1045787499999955,25,SC-21-X-B,2024
12.651250179687496,33,SC-21-X-B,2024
14784.44758661827,3,SB-21-Z-D,2024
3.7197766562499988,4,SB-21-Z-D,2024
24.820079882812497,12,SB-21-Z-D,2024
3400.4131336717137,15,SB-21-Z-D,2024
54.877653992187476,18,SB-21-Z-D,2024
11.802524796874998,25,SB-21-Z-D,2024
55.950232382812516,33,SB-21-Z-D,2024
15480.110344853547,3,SB-21-Z-B,2024
5.9524626640625,12,SB-21-Z-B,2024
2755.0402766328675,15,SB-21-Z-B,2024
3.3740830546875,18,SB-21-Z-B,2024
80.50199595312492,33,SB-21-Z-B,2024
17527.227570722538,3,SB-21-X-C,2024
10.416275445312495,12,SB-21-X-C,2024
519.6643083281259,15,SB-21-X-C,2024
0.178089046875,18,SB-21-X-C,2024
78.37555605468745,25,SB-21-X-C,2024
254.87877706249915,33,SB-21-X-C,2024
18214.887019172653,3,SB-21-X-D,2024
0.178081734375,4,SB-21-X-D,2024
5.695585031249999,12,SB-21-X-D,2024
28.743201835937498,15,SB-21-X-D,2024
0.1780226875,18,SB-21-X-D,2024
108.04117862500013,33,SB-21-X-D,2024
14534.087464766679,3,SB-21-X-A,2024
41.18548589843748,12,SB-21-X-A,2024
3202.5661948515485,15,SB-21-X-A,2024
2.1396266562499995,18,SB-21-X-A,2024
30.84627335937501,25,SB-21-X-A,2024
607.262825578123,33,SB-21-X-A,2024
16020.695432042081,3,SB-21-X-B,2024
11.406840359375002,12,SB-21-X-B,2024
2180.4889345233432,15,SB-21-X-B,2024
3.299334554687499,18,SB-21-X-B,2024
6.331320632812504,25,SB-21-X-B,2024
162.7994239531256,33,SB-21-X-B,2024
17503.427744429067,3,SA-21-Z-C,2024
0.1784900390625,4,SA-21-Z-C,2024
54.07979514062517,12,SA-21-Z-C,2024
636.8918836093774,15,SA-21-Z-C,2024
0.5355348203125,18,SA-21-Z-C,2024
241.37894285156304,33,SA-21-Z-C,2024
14557.121043975567,3,SA-21-Z-D,2024
0.1785166015625,4,SA-21-Z-D,2024
17.578949585937483,12,SA-21-Z-D,2024
2834.7909850156725,15,SA-21-Z-D,2024
60.69759725781279,18,SA-21-Z-D,2024
2.8544550078125,25,SA-21-Z-D,2024
929.2721634999953,33,SA-21-Z-D,2024
8159.462045961286,3,SA-21-Z-B,2024
0.7146278359375,4,SA-21-Z-B,2024
785.5792625234556,12,SA-21-Z-B,2024
1951.38203313285,15,SA-21-Z-B,2024
571.3331913671858,18,SA-21-Z-B,2024
70.64992062499998,25,SA-21-Z-B,2024
6386.281062390776,33,SA-21-Z-B,2024
11467.045952078379,3,SA-21-Z-A,2024
0.9825813359375,4,SA-21-Z-A,2024
975.891424828144,12,SA-21-Z-A,2024
1244.5610938593663,15,SA-21-Z-A,2024
11.077030664062493,18,SA-21-Z-A,2024
49.57087451562508,25,SA-21-Z-A,2024
4131.281699945137,33,SA-21-Z-A,2024
14691.63316684166,3,SA-21-Y-D,2024
0.1783918203125,4,SA-21-Y-D,2024
756.4120567734445,12,SA-21-Y-D,2024
546.4745646718715,15,SA-21-Y-D,2024
22.58313253125,25,SA-21-Y-D,2024
2290.063678406247,33,SA-21-Y-D,2024
12497.86682683565,3,SA-21-Y-B,2024
0.35730524218750004,4,SA-21-Y-B,2024
1186.8010227890877,12,SA-21-Y-B,2024
797.6602746406166,15,SA-21-Y-B,2024
2.7685573828125,18,SA-21-Y-B,2024
16.788191320312503,25,SA-21-Y-B,2024
3447.7174604136053,33,SA-21-Y-B,2024
11257.461573810979,3,SA-21-Y-C,2024
3.3009439687499995,4,SA-21-Y-C,2024
1071.6902753827885,12,SA-21-Y-C,2024
2070.6108527499573,15,SA-21-Y-C,2024
144.70365364843772,25,SA-21-Y-C,2024
3586.6924722579847,33,SA-21-Y-C,2024
17707.01010400272,3,SA-21-Y-A,2024
72.78618185156236,12,SA-21-Y-A,2024
385.1621045156228,15,SA-21-Y-A,2024
0.089332875,18,SA-21-Y-A,2024
16.875635187499995,25,SA-21-Y-A,2024
267.5928274921866,33,SA-21-Y-A,2024
18222.484681751983,3,SA-21-V-D,2024
0.2680696953125,4,SA-21-V-D,2024
27.253546015624984,12,SA-21-V-D,2024
27.345573031249984,15,SA-21-V-D,2024
156.8325297265622,33,SA-21-V-D,2024
16237.011891072347,3,SA-21-V-C,2024
102.59626768750041,12,SA-21-V-C,2024
25.822885828124996,15,SA-21-V-C,2024
0.268103203125,18,SA-21-V-C,2024
3.395409640625,25,SA-21-V-C,2024
2097.440504164067,33,SA-21-V-C,2024
13746.132619352793,3,SA-21-X-C,2024
1.4296715156250002,4,SA-21-X-C,2024
676.4319275234338,12,SA-21-X-C,2024
1772.9603964062321,15,SA-21-X-C,2024
2.7698755078125004,18,SA-21-X-C,2024
90.78820367968768,25,SA-21-X-C,2024
2027.3453389140382,33,SA-21-X-C,2024
11688.217856960846,3,SA-21-X-D,2024
0.3575267578125,4,SA-21-X-D,2024
1088.992696210938,12,SA-21-X-D,2024
4702.80389146058,15,SA-21-X-D,2024
7.5947627499999975,18,SA-21-X-D,2024
17.601333390625015,25,SA-21-X-D,2024
695.6669479140421,33,SA-21-X-D,2024
11514.959738976342,3,SA-22-V-C,2024
4.2001875625,4,SA-22-V-C,2024
2158.975539218741,12,SA-22-V-C,2024
2177.062296812591,15,SA-22-V-C,2024
11.527672906249999,18,SA-22-V-C,2024
5.987239312500002,25,SA-22-V-C,2024
1908.341018937481,33,SA-22-V-C,2024
17256.482791000948,3,SB-22-V-A,2024
0.178291953125,4,SB-22-V-A,2024
37.70447825,12,SB-22-V-A,2024
649.7845964531338,15,SB-22-V-A,2024
473.93771345312547,33,SB-22-V-A,2024
12706.464903930017,3,SA-22-Y-C,2024
63.24707974218724,12,SA-22-Y-C,2024
5471.247664726679,15,SA-22-Y-C,2024
6.960844117187502,18,SA-22-Y-C,2024
16.596251750000018,25,SA-22-Y-C,2024
175.45650988281224,33,SA-22-Y-C,2024
16068.4658725242,3,SA-22-Y-A,2024
392.64543724999965,12,SA-22-Y-A,2024
1064.201213812505,15,SA-22-Y-A,2024
10.001574179687497,18,SA-22-Y-A,2024
0.5360201015625,25,SA-22-Y-A,2024
870.7791963515763,33,SA-22-Y-A,2024
13895.641489352347,3,SA-22-V-D,2024
0.2681115234375,4,SA-22-V-D,2024
891.7022467265647,12,SA-22-V-D,2024
909.0321598671972,15,SA-22-V-D,2024
1.16182024875,18,SA-22-V-D,2024
5.004257562499999,25,SA-22-V-D,2024
2463.548350945347,33,SA-22-V-D,2024
14765.629412095286,3,SA-22-Y-B,2024
72.51862560156259,12,SA-22-Y-B,2024
2334.2394987734556,15,SA-22-Y-B,2024
1.250175203125,18,SA-22-Y-B,2024
3.0360776718749984,25,SA-22-Y-B,2024
1271.6771714687418,33,SA-22-Y-B,2024
9787.201915008378,3,SA-22-Y-D,2024
207.59357803124897,12,SA-22-Y-D,2024
7513.370188915507,15,SA-22-Y-D,2024
0.44632107812499994,18,SA-22-Y-D,2024
38.381456484375065,25,SA-22-Y-D,2024
892.9797945703004,33,SA-22-Y-D,2024
18138.01829943379,3,SB-22-V-B,2024
0.97986796875,4,SB-22-V-B,2024
5.4354515234375,12,SB-22-V-B,2024
253.2417233203126,15,SB-22-V-B,2024
20.412528867187508,33,SB-22-V-B,2024
15714.303686899842,3,SA-22-Z-A,2024
2.3224207109375,4,SA-22-Z-A,2024
939.7428588125163,12,SA-22-Z-A,2024
1193.396631445314,15,SA-22-Z-A,2024
1.9645860078124997,18,SA-22-Z-A,2024
14.290924429687493,25,SA-22-Z-A,2024
550.0902801093742,33,SA-22-Z-A,2024
10548.522537000397,3,SA-22-Z-C,2024
1.0704451796875,4,SA-22-Z-C,2024
47.66029367968761,12,SA-22-Z-C,2024
6931.566861624675,15,SA-22-Z-C,2024
4.551013718749999,18,SA-22-Z-C,2024
34.791209273437524,25,SA-22-Z-C,2024
836.1167700546798,33,SA-22-Z-C,2024
16167.476736084944,3,SA-22-X-C,2024
3.2166788828125,4,SA-22-X-C,2024
281.6466938515632,12,SA-22-X-C,2024
110.35770190624984,15,SA-22-X-C,2024
0.5361334843750001,18,SA-22-X-C,2024
18.407157101562497,25,SA-22-X-C,2024
1831.5459364765818,33,SA-22-X-C,2024
9239.35173349167,3,SA-22-X-D,2024
13.048650687499995,4,SA-22-X-D,2024
2554.5687705233513,12,SA-22-X-D,2024
2263.480675851585,15,SA-22-X-D,2024
134.66630286718816,18,SA-22-X-D,2024
423.35162530468733,25,SA-22-X-D,2024
3803.573750327905,33,SA-22-X-D,2024
7511.647056328048,3,SA-23-V-C,2024
0.1787135625,4,SA-23-V-C,2024
64.26195737500008,12,SA-23-V-C,2024
10560.409711741617,15,SA-23-V-C,2024
22.609605304687495,18,SA-23-V-C,2024
143.89023139062533,25,SA-23-V-C,2024
130.74029594531257,33,SA-23-V-C,2024
9834.452015264795,3,SA-23-Y-A,2024
0.0893152578125,4,SA-23-Y-A,2024
38.57845899999998,12,SA-23-Y-A,2024
7785.731858999829,15,SA-23-Y-A,2024
617.2226429375012,18,SA-23-Y-A,2024
47.68954349999996,25,SA-23-Y-A,2024
98.59923638281265,33,SA-23-Y-A,2024
11679.024349203744,3,SA-23-Y-C,2024
0.44609419531250005,4,SA-23-Y-C,2024
14.903524531250014,12,SA-23-Y-C,2024
5484.327262484532,15,SA-23-Y-C,2024
1122.2240093203125,18,SA-23-Y-C,2024
72.91976871093759,25,SA-23-Y-C,2024
29.72075896874995,33,SA-23-Y-C,2024
12906.135744445308,3,SA-22-Z-D,2024
2.141613507812499,4,SA-22-Z-D,2024
25.79151712500003,12,SA-22-Z-D,2024
5295.640725796677,15,SA-22-Z-D,2024
140.20869499218782,18,SA-22-Z-D,2024
5.530519367187499,25,SA-22-Z-D,2024
59.6151998515625,33,SA-22-Z-D,2024
11211.387718392574,3,SA-22-Z-B,2024
4.465900703124999,4,SA-22-Z-B,2024
553.3741305156217,12,SA-22-Z-B,2024
5022.308581382355,15,SA-22-Z-B,2024
1029.6447360468962,18,SA-22-Z-B,2024
39.02667650781251,25,SA-22-Z-B,2024
508.5625299453079,33,SA-22-Z-B,2024
8598.525643500046,3,SB-22-X-A,2024
0.8020280703125,4,SB-22-X-A,2024
11.676443765624997,12,SB-22-X-A,2024
8297.774149218498,15,SB-22-X-A,2024
1.8716277421874998,18,SB-22-X-A,2024
8.113464671875006,25,SB-22-X-A,2024
1465.4557839687448,33,SB-22-X-A,2024
7558.639252234414,3,SB-22-X-B,2024
0.623651890625,4,SB-22-X-B,2024
22.278291593749998,12,SB-22-X-B,2024
9569.958979132618,15,SB-22-X-B,2024
333.3992118203156,18,SB-22-X-B,2024
27.266936070312525,25,SB-22-X-B,2024
894.8741589843788,33,SB-22-X-B,2024
9015.284446890953,3,SB-22-X-C,2024
8.361986406249999,4,SB-22-X-C,2024
8.808445804687496,12,SB-22-X-C,2024
9231.597066243015,15,SB-22-X-C,2024
1.6020191250000002,18,SB-22-X-C,2024
55.239039968750035,25,SB-22-X-C,2024
36.56325859375001,33,SB-22-X-C,2024
4377.4756126176935,3,SB-22-X-D,2024
448.60208599999623,4,SB-22-X-D,2024
136.19904891406293,12,SB-22-X-D,2024
12686.005701161326,15,SB-22-X-D,2024
5.6974061171875015,18,SB-22-X-D,2024
105.57014278125001,25,SB-22-X-D,2024
590.6884455000062,33,SB-22-X-D,2024
6293.207446360133,3,SB-23-V-C,2024
2540.6152198203727,4,SB-23-V-C,2024
71.997933484375,12,SB-23-V-C,2024
8900.948007532097,15,SB-23-V-C,2024
33.83856428125001,18,SB-23-V-C,2024
205.9341055078121,25,SB-23-V-C,2024
117.55087182031255,33,SB-23-V-C,2024
7201.138386890548,3,SB-23-V-A,2024
2.0490475859375006,4,SB-23-V-A,2024
6.507394757812499,12,SB-23-V-A,2024
8968.306026468399,15,SB-23-V-A,2024
1727.5742756249829,18,SB-23-V-A,2024
43.48526818750002,25,SB-23-V-A,2024
20.144467835937498,33,SB-23-V-A,2024
3242.6442760781056,3,SB-23-Y-A,2024
9751.364002680224,4,SB-23-Y-A,2024
1397.260138335921,12,SB-23-Y-A,2024
3164.9141087578096,15,SB-23-Y-A,2024
110.72981067187548,18,SB-23-Y-A,2024
57.83560210937479,25,SB-23-Y-A,2024
187.2329346562502,33,SB-23-Y-A,2024
3209.983981562372,3,SB-22-Z-D,2024
2823.4915581795,4,SB-22-Z-D,2024
779.0219871171696,12,SB-22-Z-D,2024
11056.16007868047,15,SB-22-Z-D,2024
97.31984365625007,18,SB-22-Z-D,2024
110.13484016406242,25,SB-22-Z-D,2024
232.53295506250004,33,SB-22-Z-D,2024
2608.002048437522,3,SC-22-X-B,2024
5338.966748383127,4,SC-22-X-B,2024
939.9717803437445,12,SC-22-X-B,2024
8075.652033709825,15,SC-22-X-B,2024
717.1975994140536,18,SC-22-X-B,2024
101.98069284374975,25,SC-22-X-B,2024
223.97918120312602,33,SC-22-X-B,2024
3631.6693583906076,3,SB-22-Z-B,2024
618.0536871249963,4,SB-22-Z-B,2024
196.63106792187452,12,SB-22-Z-B,2024
13495.594413999956,15,SB-22-Z-B,2024
53.28770646093768,18,SB-22-Z-B,2024
23.19208585156249,25,SB-22-Z-B,2024
276.7678734140627,33,SB-22-Z-B,2024
8822.321552266418,3,SB-22-Z-A,2024
268.00922189843783,4,SB-22-Z-A,2024
82.73031506250001,12,SB-22-Z-A,2024
8917.371039710692,15,SB-22-Z-A,2024
12.787620367187499,18,SB-22-Z-A,2024
206.6529645234382,25,SB-22-Z-A,2024
12.8854425390625,33,SB-22-Z-A,2024
4907.156583663794,3,SB-22-Z-C,2024
1120.7598028671832,4,SB-22-Z-C,2024
456.12207674218945,12,SB-22-Z-C,2024
11656.051405757187,15,SB-22-Z-C,2024
26.498094335937513,18,SB-22-Z-C,2024
84.9976085546875,25,SB-22-Z-C,2024
10.4604851328125,33,SB-22-Z-C,2024
4020.4536791328314,3,SC-22-X-A,2024
2605.717323406264,4,SC-22-X-A,2024
507.97484461718676,12,SC-22-X-A,2024
10189.133371593587,15,SC-22-X-A,2024
422.2491131171885,18,SC-22-X-A,2024
40.35892233593748,25,SC-22-X-A,2024
113.20111310156321,33,SC-22-X-A,2024
16530.02197375999,3,SB-22-Y-D,2024
759.3693746015555,4,SB-22-Y-D,2024
557.014303124997,12,SB-22-Y-D,2024
429.0445477109303,15,SB-22-Y-D,2024
1.4180928593750002,18,SB-22-Y-D,2024
13.033278734375001,25,SB-22-Y-D,2024
69.09469364062498,33,SB-22-Y-D,2024
13021.976111789983,3,SC-22-V-B,2024
749.3401352187552,4,SC-22-V-B,2024
1076.1841186640504,12,SC-22-V-B,2024
3205.88686714071,15,SC-22-V-B,2024
78.82672507812522,18,SC-22-V-B,2024
8.7656924375,25,SC-22-V-B,2024
125.25181356250033,33,SC-22-V-B,2024
17996.975337814594,3,SC-22-V-A,2024
83.8154288437499,4,SC-22-V-A,2024
14.863313898437498,12,SC-22-V-A,2024
17.686559976562503,15,SC-22-V-A,2024
0.6192746484375,18,SC-22-V-A,2024
161.64664525781274,33,SC-22-V-A,2024
17835.668714860272,3,SB-22-Y-C,2024
16.308825960937504,4,SB-22-Y-C,2024
64.18958367968753,12,SB-22-Y-C,2024
240.6221493906262,15,SB-22-Y-C,2024
0.265684359375,18,SB-22-Y-C,2024
211.59990234375007,33,SB-22-Y-C,2024
6575.038334586379,3,SB-22-Y-B,2024
185.94752526562485,4,SB-22-Y-B,2024
43.33692266406255,12,SB-22-Y-B,2024
11135.389204975649,15,SB-22-Y-B,2024
3.2870791328124995,18,SB-22-Y-B,2024
133.12807718749974,25,SB-22-Y-B,2024
281.63307563281325,33,SB-22-Y-B,2024
14038.189403360513,3,SB-22-Y-A,2024
36.25230316406255,4,SB-22-Y-A,2024
117.59178978125011,12,SB-22-Y-A,2024
4100.409513374928,15,SB-22-Y-A,2024
1.599697203125,18,SB-22-Y-A,2024
63.895051890625005,33,SB-22-Y-A,2024
15225.102192433611,3,SB-22-V-D,2024
151.88285573437568,4,SB-22-V-D,2024
3.0255273359375,12,SB-22-V-D,2024
2988.6667769142487,15,SB-22-V-D,2024
1.8677306796875,18,SB-22-V-D,2024
11.6515901484375,25,SB-22-V-D,2024
8.543903414062502,33,SB-22-V-D,2024
17209.032534068072,3,SB-22-V-C,2024
2.4909073671875004,4,SB-22-V-C,2024
113.31428341406243,12,SB-22-V-C,2024
804.5134654843994,15,SB-22-V-C,2024
0.1779348828125,18,SB-22-V-C,2024
0.17790830468750002,25,SB-22-V-C,2024
261.0335431406255,33,SB-22-V-C,2024
11931.501827360164,3,SC-21-X-D,2024
398.1112707968727,4,SC-21-X-D,2024
830.3930872343687,12,SC-21-X-D,2024
4567.86212878153,15,SC-21-X-D,2024
412.56665528124574,18,SC-21-X-D,2024
25.192979828125033,25,SC-21-X-D,2024
25.918586765624973,33,SC-21-X-D,2024
17063.250076149467,3,SC-22-V-C,2024
294.11070203124905,4,SC-22-V-C,2024
140.89675488281247,12,SC-22-V-C,2024
524.122750101559,15,SC-22-V-C,2024
99.64548955468774,18,SC-22-V-C,2024
81.27607417968748,33,SC-22-V-C,2024
13547.929198429803,3,SC-22-Y-A,2024
151.195556421875,4,SC-22-Y-A,2024
34.388312031249974,12,SC-22-Y-A,2024
3661.206902773467,15,SC-22-Y-A,2024
586.3117518437539,18,SC-22-Y-A,2024
1.4056691171875002,25,SC-22-Y-A,2024
167.9501542578125,33,SC-22-Y-A,2024
7197.492267727598,3,SC-21-Z-B,2024
10.204261976562497,4,SC-21-Z-B,2024
42.466533171875014,12,SC-21-Z-B,2024
9144.69704321302,15,SC-21-Z-B,2024
1516.2626408906644,18,SC-21-Z-B,2024
178.38273403906234,25,SC-21-Z-B,2024
46.712614679687476,33,SC-21-Z-B,2024
15185.46377730365,3,SC-22-Y-C,2024
146.95929746875007,4,SC-22-Y-C,2024
98.84140937499996,12,SC-22-Y-C,2024
738.7515563671811,15,SC-22-Y-C,2024
1363.8839531718975,18,SC-22-Y-C,2024
377.49592673437456,33,SC-22-Y-C,2024
11158.56796415611,3,SC-21-Z-D,2024
0.5267761718749999,4,SC-21-Z-D,2024
80.59058744531222,12,SC-21-Z-D,2024
2596.531194734469,15,SC-21-Z-D,2024
4061.702774906264,18,SC-21-Z-D,2024
41.3475126328125,25,SC-21-Z-D,2024
140.44696604687468,33,SC-21-Z-D,2024
10925.53546796806,3,SD-21-X-B,2024
45.92710912500007,4,SD-21-X-B,2024
24.914266749999975,12,SD-21-X-B,2024
1958.3469616327682,15,SD-21-X-B,2024
4995.993184374988,18,SD-21-X-B,2024
10.484273750000007,25,SD-21-X-B,2024
52.32260261718748,33,SD-21-X-B,2024
6420.8381040939885,3,SD-21-X-D,2024
3402.3527101952996,4,SD-21-X-D,2024
99.86737867968746,12,SD-21-X-D,2024
1967.9414157109663,15,SD-21-X-D,2024
5695.81558321103,18,SD-21-X-D,2024
22.622174328125002,25,SD-21-X-D,2024
20.87455341406252,33,SD-21-X-D,2024
14519.398130304386,3,SD-22-V-A,2024
982.5229800156293,4,SD-22-V-A,2024
168.03220510937547,12,SD-22-V-A,2024
482.3388499140623,15,SD-22-V-A,2024
1154.7780838671947,18,SD-22-V-A,2024
372.28232629687267,33,SD-22-V-A,2024
4480.774630452956,3,SD-22-V-C,2024
4475.299400382793,4,SD-22-V-C,2024
339.56337119531105,12,SD-22-V-C,2024
4145.398644124939,15,SD-22-V-C,2024
4010.5630147653337,18,SD-22-V-C,2024
4.783999374999999,25,SD-22-V-C,2024
69.78985499218749,33,SD-22-V-C,2024
5884.056604283144,3,SC-22-Y-B,2024
972.9846936093936,4,SC-22-Y-B,2024
188.07309131250094,12,SC-22-Y-B,2024
7945.189300392654,15,SC-22-Y-B,2024
1937.2366628438515,18,SC-22-Y-B,2024
24.533064398437496,25,SC-22-Y-B,2024
33.50893328124995,33,SC-22-Y-B,2024
5588.609596062146,3,SC-22-Y-D,2024
2264.4707759062167,4,SC-22-Y-D,2024
264.43434534374927,12,SC-22-Y-D,2024
4907.655925984289,15,SC-22-Y-D,2024
2616.3043107031795,18,SC-22-Y-D,2024
8.326922789062495,25,SC-22-Y-D,2024
60.18500595312486,33,SC-22-Y-D,2024
5157.399218093768,3,SD-22-V-B,2024
2252.1022933826944,4,SD-22-V-B,2024
423.62025156249933,12,SD-22-V-B,2024
3656.4191866013985,15,SD-22-V-B,2024
4243.387597257787,18,SD-22-V-B,2024
16.409771843749994,25,SD-22-V-B,2024
133.98893830468757,33,SD-22-V-B,2024
1791.9482857188061,3,SD-22-V-D,2024
5708.88237824231,4,SD-22-V-D,2024
485.49422855468805,12,SD-22-V-D,2024
3138.4626837968167,15,SD-22-V-D,2024
2472.2758603592333,18,SD-22-V-D,2024
27.822464101562524,25,SD-22-V-D,2024
77.61777181249984,33,SD-22-V-D,2024
4624.430389593668,3,SC-22-Z-A,2024
3269.832705992289,4,SC-22-Z-A,2024
542.6817516562533,12,SC-22-Z-A,2024
2282.352950210983,15,SC-22-Z-A,2024
1052.2451996249813,18,SC-22-Z-A,2024
69.90991775781248,25,SC-22-Z-A,2024
288.98138056250065,33,SC-22-Z-A,2024
6249.3475072269575,3,SC-22-X-C,2024
2184.448106007829,4,SC-22-X-C,2024
360.85182717187513,12,SC-22-X-C,2024
6705.903029969737,15,SC-22-X-C,2024
1505.1316653593833,18,SC-22-X-C,2024
74.35578169531259,25,SC-22-X-C,2024
230.31325346874996,33,SC-22-X-C,2024
10123.246304539947,3,SC-22-V-D,2024
491.68033932031057,4,SC-22-V-D,2024
206.65386562500157,12,SC-22-V-D,2024
7019.670065843561,15,SC-22-V-D,2024
231.11057397656188,18,SC-22-V-D,2024
146.43648595312493,33,SC-22-V-D,2024
1979.216383023492,3,SC-22-X-D,2024
8563.317315055237,4,SC-22-X-D,2024
921.2093860703001,12,SC-22-X-D,2024
5145.457327774102,15,SC-22-X-D,2024
896.7763028359205,18,SC-22-X-D,2024
71.34819509375004,25,SC-22-X-D,2024
158.33442556250031,33,SC-22-X-D,2024
2996.072901203054,3,SE-21-V-B,2024
3065.463875390642,4,SE-21-V-B,2024
5296.210325023398,12,SE-21-V-B,2024
3692.4405110468974,15,SE-21-V-B,2024
66.87536067187506,18,SE-21-V-B,2024
39.467321765624924,25,SE-21-V-B,2024
408.434851515625,33,SE-21-V-B,2024
472.35108813281136,3,SE-21-V-A,2024
779.6040606015896,4,SE-21-V-A,2024
317.61763174219107,12,SE-21-V-A,2024
3478.4251413359743,15,SE-21-V-A,2024
33.267011515624965,18,SE-21-V-A,2024
23.20672863281254,33,SE-21-V-A,2024
2194.3999783437866,3,SD-21-Y-C,2024
3278.5898398751815,4,SD-21-Y-C,2024
339.55483500781185,12,SD-21-Y-C,2024
11275.833395287254,15,SD-21-Y-C,2024
296.76195708593775,18,SD-21-Y-C,2024
35.31157475781254,25,SD-21-Y-C,2024
54.101518773437604,33,SD-21-Y-C,2024
4541.79994064079,3,SD-21-Y-D,2024
1831.0737671094264,4,SD-21-Y-D,2024
421.3829297031257,12,SD-21-Y-D,2024
10119.279350625582,15,SD-21-Y-D,2024
362.1825656640628,18,SD-21-Y-D,2024
49.941626195312494,25,SD-21-Y-D,2024
125.0306707812502,33,SD-21-Y-D,2024
32.50583747656251,3,SE-20-X-B,2024
90.4531836562491,4,SE-20-X-B,2024
4.556867906249999,12,SE-20-X-B,2024
457.2229408203131,15,SE-20-X-B,2024
1.6333459296875,18,SE-20-X-B,2024
2.0631605,33,SE-20-X-B,2024
524.9448139062495,3,SD-20-Z-D,2024
925.8568133671874,4,SD-20-Z-D,2024
45.728876078125026,12,SD-20-Z-D,2024
1759.9610333906705,15,SD-20-Z-D,2024
13.877467414062503,18,SD-20-Z-D,2024
80.08937709374999,33,SD-20-Z-D,2024
1484.4762193905956,3,SD-20-Z-B,2024
251.93932927343604,4,SD-20-Z-B,2024
466.34564360937645,12,SD-20-Z-B,2024
1676.5273717812513,15,SD-20-Z-B,2024
338.81133856250085,18,SD-20-Z-B,2024
44.54368955468748,33,SD-20-Z-B,2024
3749.2933102658294,3,SD-21-Y-A,2024
4511.453961921951,4,SD-21-Y-A,2024
5607.1478208677345,12,SD-21-Y-A,2024
3047.3537650391804,15,SD-21-Y-A,2024
804.4425643203137,18,SD-21-Y-A,2024
58.71571188281259,25,SD-21-Y-A,2024
32.79823699999996,33,SD-21-Y-A,2024
2993.945655914207,3,SD-21-Y-B,2024
2594.78375407029,4,SD-21-Y-B,2024
3108.9948786015766,12,SD-21-Y-B,2024
4749.918623538594,15,SD-21-Y-B,2024
3989.7958305078782,18,SD-21-Y-B,2024
69.28290712500018,25,SD-21-Y-B,2024
50.289053859374945,33,SD-21-Y-B,2024
5754.795451015456,3,SD-21-V-D,2024
2570.912039101542,4,SD-21-V-D,2024
2104.09179378911,12,SD-21-V-D,2024
1134.7978069999663,15,SD-21-V-D,2024
6248.258472843458,18,SD-21-V-D,2024
50.443218,25,SD-21-V-D,2024
8.443717953125002,33,SD-21-V-D,2024
7294.016670851281,3,SD-21-X-C,2024
929.1793981640577,4,SD-21-X-C,2024
108.97730530468733,12,SD-21-X-C,2024
1526.6371238516085,15,SD-21-X-C,2024
7843.616509109015,18,SD-21-X-C,2024
93.36104135156215,25,SD-21-X-C,2024
33.592800179687494,33,SD-21-X-C,2024
3880.78550327356,3,SD-21-Z-A,2024
6422.727543187201,4,SD-21-Z-A,2024
108.17266963281166,12,SD-21-Z-A,2024
3843.8288079533,15,SD-21-Z-A,2024
2837.097135124881,18,SD-21-Z-A,2024
93.82848114843756,25,SD-21-Z-A,2024
266.80523174999695,33,SD-21-Z-A,2024
2949.72604473444,3,SD-21-Z-C,2024
8508.886601844386,4,SD-21-Z-C,2024
235.72024157812426,12,SD-21-Z-C,2024
4859.733363640854,15,SD-21-Z-C,2024
166.15405687499938,18,SD-21-Z-C,2024
370.14345453906185,25,SD-21-Z-C,2024
166.99328071093774,33,SD-21-Z-C,2024
6227.804548515115,3,SD-21-X-A,2024
372.4148601328125,4,SD-21-X-A,2024
44.247497734374974,12,SD-21-X-A,2024
1367.3089942812799,15,SD-21-X-A,2024
9814.241326999329,18,SD-21-X-A,2024
87.74309695312486,25,SD-21-X-A,2024
85.48065941406252,33,SD-21-X-A,2024
11334.956388882058,3,SD-21-V-B,2024
1203.558641320312,4,SD-21-V-B,2024
161.82734776562518,12,SD-21-V-B,2024
2678.0822007811053,15,SD-21-V-B,2024
2568.368710523357,18,SD-21-V-B,2024
18.688456132812483,25,SD-21-V-B,2024
36.43416655468749,33,SD-21-V-B,2024
10004.282658756825,3,SC-21-Y-D,2024
19.6306792890625,12,SC-21-Y-D,2024
6463.000273171831,15,SC-21-Y-D,2024
1436.407743804706,18,SC-21-Y-D,2024
16.48841082031252,25,SC-21-Y-D,2024
139.81641949218766,33,SC-21-Y-D,2024
9312.256585248995,3,SC-21-Z-C,2024
57.61478205468755,4,SC-21-Z-C,2024
134.06668027343736,12,SC-21-Z-C,2024
2576.848983742214,15,SC-21-Z-C,2024
5774.416614585723,18,SC-21-Z-C,2024
60.493817257812545,25,SC-21-Z-C,2024
187.6014712656252,33,SC-21-Z-C,2024
8957.610313282525,3,SC-21-Z-A,2024
40.76252762499996,4,SC-21-Z-A,2024
506.4153912500002,12,SC-21-Z-A,2024
7833.814745143546,15,SC-21-Z-A,2024
646.5595945390655,18,SC-21-Z-A,2024
5.366061351562501,25,SC-21-Z-A,2024
178.31832447656274,33,SC-21-Z-A,2024
11051.295297265506,3,SC-21-X-C,2024
9.268554476562498,4,SC-21-X-C,2024
99.35091446093747,12,SC-21-X-C,2024
6468.370620086646,15,SC-21-X-C,2024
288.0853873437493,18,SC-21-X-C,2024
31.89772213281244,25,SC-21-X-C,2024
277.67629856249704,33,SC-21-X-C,2024
11434.928431313205,3,SC-21-Y-B,2024
15.644313015624991,4,SC-21-Y-B,2024
324.9235884140658,12,SC-21-Y-B,2024
6164.285599025156,15,SC-21-Y-B,2024
8.702052984375003,18,SC-21-Y-B,2024
2.287644421875,25,SC-21-Y-B,2024
188.43869117187504,33,SC-21-Y-B,2024
13798.146042273582,3,SC-21-Y-C,2024
80.07662564843773,4,SC-21-Y-C,2024
40.89110710937494,12,SC-21-Y-C,2024
4134.564501820247,15,SC-21-Y-C,2024
27.9547939140625,18,SC-21-Y-C,2024
20.42987978906253,25,SC-21-Y-C,2024
10.168296359375002,33,SC-21-Y-C,2024
12891.68837187647,3,SC-21-Y-A,2024
6.156727812499998,4,SC-21-Y-A,2024
173.57771531250012,12,SC-21-Y-A,2024
5029.456675282558,15,SC-21-Y-A,2024
37.43195344531251,18,SC-21-Y-A,2024
9.945928960937485,25,SC-21-Y-A,2024
23.92980243749997,33,SC-21-Y-A,2024
16060.048221032117,3,SC-20-Z-B,2024
5.274676593750001,4,SC-20-Z-B,2024
27.966640554687483,12,SC-20-Z-B,2024
2001.5150023124993,15,SC-20-Z-B,2024
1.5826771171875,18,SC-20-Z-B,2024
42.384349851562455,33,SC-20-Z-B,2024
10654.949040662734,3,SC-20-Z-D,2024
121.20990390625019,4,SC-20-Z-D,2024
531.9816675859361,12,SC-20-Z-D,2024
6630.13779933564,15,SC-20-Z-D,2024
23.918791156249995,18,SC-20-Z-D,2024
51.09605432812495,25,SC-20-Z-D,2024
50.91936057031255,33,SC-20-Z-D,2024
9496.446010249216,3,SD-20-X-B,2024
629.2314032968734,4,SD-20-X-B,2024
517.4619261093732,12,SD-20-X-B,2024
6102.1908905702385,15,SD-20-X-B,2024
1087.7504444453152,18,SD-20-X-B,2024
88.05921517968765,25,SD-20-X-B,2024
77.63983533593772,33,SD-20-X-B,2024
5604.874126320157,3,SD-20-X-D,2024
1177.1357274765398,4,SD-20-X-D,2024
290.3142222343759,12,SD-20-X-D,2024
4274.575518765373,15,SD-20-X-D,2024
1535.3719098828615,18,SD-20-X-D,2024
20.119458164062465,25,SD-20-X-D,2024
74.77322881249997,33,SD-20-X-D,2024
9666.075471960174,3,SD-21-V-A,2024
7318.864063358986,4,SD-21-V-A,2024
153.55427408593738,12,SD-21-V-A,2024
330.6117740390623,15,SD-21-V-A,2024
499.7245144218721,18,SD-21-V-A,2024
45.04437329687498,25,SD-21-V-A,2024
21.67138732031252,33,SD-21-V-A,2024
5990.516168148582,3,SD-21-V-C,2024
4444.3121741172845,4,SD-21-V-C,2024
919.8875089687364,12,SD-21-V-C,2024
1145.4750492890616,15,SD-21-V-C,2024
5206.834502663721,18,SD-21-V-C,2024
62.52994632031242,25,SD-21-V-C,2024
18.45687302343749,33,SD-21-V-C,2024
1263.6225646405778,3,SD-20-X-C,2024
1742.6361387735083,4,SD-20-X-C,2024
595.2939253828097,12,SD-20-X-C,2024
136.6477746874993,15,SD-20-X-C,2024
4.439050554687501,18,SD-20-X-C,2024
122.88771285937416,33,SD-20-X-C,2024
4747.0231002420815,3,SD-20-V-B,2024
3.2322372421875,4,SD-20-V-B,2024
974.7705684218798,12,SD-20-V-B,2024
3583.9810187109133,15,SD-20-V-B,2024
3.2366249609375015,18,SD-20-V-B,2024
14.513595796874991,25,SD-20-V-B,2024
137.98955429687493,33,SD-20-V-B,2024
10898.030859586226,3,SD-20-X-A,2024
171.15946367968743,4,SD-20-X-A,2024
1905.1466761796755,12,SD-20-X-A,2024
4510.3095109842925,15,SD-20-X-A,2024
141.49010135937522,18,SD-20-X-A,2024
3.9351928671875003,25,SD-20-X-A,2024
55.75779577343751,33,SD-20-X-A,2024
4814.900900390423,3,SC-20-Z-C,2024
3.0692329531249993,4,SC-20-Z-C,2024
454.1991835312477,12,SC-20-Z-C,2024
12562.943472069728,15,SC-20-Z-C,2024
163.70775610937505,18,SC-20-Z-C,2024
61.59970457812497,25,SC-20-Z-C,2024
50.40750617968746,33,SC-20-Z-C,2024
5325.539179018115,3,SC-20-Z-A,2024
0.967268546875,4,SC-20-Z-A,2024
58.37181775000025,12,SC-20-Z-A,2024
12628.983011087828,15,SC-20-Z-A,2024
4.663971242187501,18,SC-20-Z-A,2024
75.74641703906241,25,SC-20-Z-A,2024
77.73985300781247,33,SC-20-Z-A,2024
9845.794422828763,3,SC-20-Y-B,2024
3.426574046874999,4,SC-20-Y-B,2024
129.6390519609373,12,SC-20-Y-B,2024
8100.564169602979,15,SC-20-Y-B,2024
8.715084718750003,18,SC-20-Y-B,2024
26.40160611718746,25,SC-20-Y-B,2024
56.50303028906237,33,SC-20-Y-B,2024
14788.328005491105,3,SC-20-Y-D,2024
34.10258667187508,4,SC-20-Y-D,2024
1088.7509941172118,12,SC-20-Y-D,2024
2143.5786671718292,15,SC-20-Y-D,2024
34.331017140624894,18,SC-20-Y-D,2024
2.977275625,25,SC-20-Y-D,2024
18.496769617187503,33,SC-20-Y-D,2024
479.24617677343673,3,SD-20-V-A,2024
0.1748711328125,4,SD-20-V-A,2024
120.59466283593815,12,SD-20-V-A,2024
51.42583865625009,15,SD-20-V-A,2024
58.24253482031242,33,SD-20-V-A,2024
8146.103954436999,3,SC-20-Y-C,2024
7.7177748046875,4,SC-20-Y-C,2024
324.7870492812477,12,SC-20-Y-C,2024
174.40445534375,15,SC-20-Y-C,2024
162.4043939765623,33,SC-20-Y-C,2024
6253.622051360295,3,SC-20-Y-A,2024
6.503628515625001,4,SC-20-Y-A,2024
96.31289235156216,12,SC-20-Y-A,2024
3690.1545052107263,15,SC-20-Y-A,2024
21.09433433593751,25,SC-20-Y-A,2024
102.88210025000001,33,SC-20-Y-A,2024
10399.118429247528,3,SB-23-V-D,2025
2577.154815500153,4,SB-23-V-D,2025
357.86050137501144,12,SB-23-V-D,2025
4425.316196961604,15,SB-23-V-D,2025
118.39573579687477,18,SB-23-V-D,2025
132.65799196875008,25,SB-23-V-D,2025
2.7596703671875,33,SB-23-V-D,2025
9740.592969296802,3,SB-23-X-A,2025
1936.9041436953707,4,SB-23-X-A,2025
214.42043919531264,12,SB-23-X-A,2025
5610.542089195386,15,SB-23-X-A,2025
1.8710988828125,18,SB-23-X-A,2025
127.82113207812517,25,SB-23-X-A,2025
57.507880390625,33,SB-23-X-A,2025
7485.877206820372,3,SB-23-V-B,2025
4.276310578124999,4,SB-23-V-B,2025
6.59895325,12,SB-23-V-B,2025
10207.788915765606,15,SB-23-V-B,2025
407.3810438906263,18,SB-23-V-B,2025
42.246527874999984,25,SB-23-V-B,2025
24.784281609375,33,SB-23-V-B,2025
7220.0163675164085,3,SA-23-Y-D,2025
8.655107562499998,4,SA-23-Y-D,2025
255.45071761718842,12,SA-23-Y-D,2025
10278.431718962838,15,SA-23-Y-D,2025
4.193685273437501,18,SA-23-Y-D,2025
67.36725833593763,25,SA-23-Y-D,2025
534.7315165390662,33,SA-23-Y-D,2025
9597.963407017098,3,SA-23-Z-C,2025
1992.4479590155818,4,SA-23-Z-C,2025
569.9800004843721,12,SA-23-Z-C,2025
3672.928877406141,15,SA-23-Z-C,2025
57.47704070312504,18,SA-23-Z-C,2025
69.87480266406257,25,SA-23-Z-C,2025
839.6672562812603,33,SA-23-Z-C,2025
3966.3957881170936,3,SA-23-Z-B,2025
1894.2967125311707,4,SA-23-Z-B,2025
617.8295032734395,12,SA-23-Z-B,2025
28.930590046874997,15,SA-23-Z-B,2025
1209.3432651718824,25,SA-23-Z-B,2025
414.563976195305,33,SA-23-Z-B,2025
2065.985381023413,3,SA-23-X-C,2025
35.83590145312494,4,SA-23-X-C,2025
0.26811839062500004,12,SA-23-X-C,2025
33.595603507812505,15,SA-23-X-C,2025
2.8592143749999996,18,SA-23-X-C,2025
27.25638040624999,25,SA-23-X-C,2025
264.1525529374991,33,SA-23-X-C,2025
7232.011266038705,3,SA-23-Z-A,2025
677.5813312968796,4,SA-23-Z-A,2025
772.969495796872,12,SA-23-Z-A,2025
1281.782550820309,15,SA-23-Z-A,2025
11.3418884296875,18,SA-23-Z-A,2025
415.55940110937365,25,SA-23-Z-A,2025
2849.7293370938432,33,SA-23-Z-A,2025
8764.296685469333,3,SA-23-Y-B,2025
13.131422593750004,4,SA-23-Y-B,2025
310.8362809999985,12,SA-23-Y-B,2025
8947.065624335639,15,SA-23-Y-B,2025
14.294185601562484,18,SA-23-Y-B,2025
44.92761857031253,25,SA-23-Y-B,2025
331.11168164062536,33,SA-23-Y-B,2025
9338.573338116737,3,SA-23-V-D,2025
72.20421901562491,4,SA-23-V-D,2025
102.86924349218744,12,SA-23-V-D,2025
3985.5931021170054,15,SA-23-V-D,2025
42.62185240625001,18,SA-23-V-D,2025
46.91938413281241,25,SA-23-V-D,2025
717.107467867182,33,SA-23-V-D,2025
141.8550244062497,3,SA-23-V-B,2025
2.5922061093750006,12,SA-23-V-B,2025
13.676106890624975,15,SA-23-V-B,2025
2.860379367187499,25,SA-23-V-B,2025
30.659333117187565,33,SA-23-V-B,2025
960.6685994374922,3,NB-22-Y-D,2025
9.451544484375,4,NB-22-Y-D,2025
551.8606677890605,12,NB-22-Y-D,2025
157.38970665625035,15,NB-22-Y-D,2025
284.84761268749946,33,NB-22-Y-D,2025
9668.99433834558,3,NA-22-V-B,2025
9.366732960937501,4,NA-22-V-B,2025
2064.293416328086,12,NA-22-V-B,2025
291.07051642968656,15,NA-22-V-B,2025
0.2677565078125,18,NA-22-V-B,2025
290.51125427343663,33,NA-22-V-B,2025
0.17855575,3,NA-22-X-A,2025
0.53566703125,33,NA-22-X-A,2025
1191.9147977499645,3,NA-22-X-C,2025
6.521116476562498,4,NA-22-X-C,2025
1342.2708641484433,12,NA-22-X-C,2025
24.38492946093749,15,NA-22-X-C,2025
2.0544995625,18,NA-22-X-C,2025
3.930588382812498,25,NA-22-X-C,2025
361.0957157578096,33,NA-22-X-C,2025
3971.9930272421207,3,NA-22-Z-A,2025
26.54177059375001,4,NA-22-Z-A,2025
7374.1298385857035,12,NA-22-Z-A,2025
31.725762414062515,15,NA-22-Z-A,2025
54.42756730468767,18,NA-22-Z-A,2025
2.144815515625001,25,NA-22-Z-A,2025
989.3405463437512,33,NA-22-Z-A,2025
3479.7104647109763,3,SA-23-V-A,2025
0.089390671875,4,SA-23-V-A,2025
200.14018579687476,12,SA-23-V-A,2025
1247.0427159609594,15,SA-23-V-A,2025
4.558721453125,18,SA-23-V-A,2025
64.7185644999999,25,SA-23-V-A,2025
567.8039432031276,33,SA-23-V-A,2025
19.935637882812493,3,NA-22-Z-D,2025
0.715179875,4,NA-22-Z-D,2025
79.92135327343766,12,NA-22-Z-D,2025
138.3868999453123,33,NA-22-Z-D,2025
1521.3201039844066,3,SA-22-X-B,2025
70.97676191406232,4,SA-22-X-B,2025
8739.018312031514,12,SA-22-X-B,2025
341.2805928203126,15,SA-22-X-B,2025
2.6816849453125005,18,SA-22-X-B,2025
27.53180835156251,25,SA-22-X-B,2025
2650.0935526563244,33,SA-22-X-B,2025
5162.468514468905,3,NA-22-Z-C,2025
82.5998440234375,4,NA-22-Z-C,2025
4013.465842179845,12,NA-22-Z-C,2025
456.97835985156314,15,NA-22-Z-C,2025
125.24142359374933,18,NA-22-Z-C,2025
1.3408661718750003,25,NA-22-Z-C,2025
4145.787624085968,33,NA-22-Z-C,2025
12928.585998537797,3,SA-22-X-A,2025
93.23965328125004,4,SA-22-X-A,2025
2077.2029978593596,12,SA-22-X-A,2025
63.914489882812546,15,SA-22-X-A,2025
1.3409537187500002,18,SA-22-X-A,2025
2.3242254296875,25,SA-22-X-A,2025
3238.444424155952,33,SA-22-X-A,2025
14513.213249540726,3,NA-22-Y-D,2025
18.951283179687536,4,NA-22-Y-D,2025
2374.3066794765564,12,NA-22-Y-D,2025
465.2072501953165,15,NA-22-Y-D,2025
28.338152218750043,18,NA-22-Y-D,2025
114.24673257812577,25,NA-22-Y-D,2025
208.10311870312523,33,NA-22-Y-D,2025
14690.122632231056,3,SA-22-V-B,2025
22.527658531250008,4,SA-22-V-B,2025
1271.6407690546378,12,SA-22-V-B,2025
261.02245556250114,15,SA-22-V-B,2025
1.1620497734375002,18,SA-22-V-B,2025
43.357239765624776,25,SA-22-V-B,2025
1953.1571525703039,33,SA-22-V-B,2025
17639.257690449092,3,SA-22-V-A,2025
0.089395234375,4,SA-22-V-A,2025
39.95794848437502,12,SA-22-V-A,2025
136.1373261328127,15,SA-22-V-A,2025
5.005766375,18,SA-22-V-A,2025
9.028199656249999,25,SA-22-V-A,2025
127.20696701562474,33,SA-22-V-A,2025
18395.309354752033,3,NA-22-Y-C,2025
2.145499671875,12,NA-22-Y-C,2025
1.0727108593749999,15,NA-22-Y-C,2025
0.715111015625,18,NA-22-Y-C,2025
73.5712498515624,33,NA-22-Y-C,2025
17784.656204000945,3,NA-22-Y-B,2025
0.446893828125,4,NA-22-Y-B,2025
619.1351175624895,12,NA-22-Y-B,2025
28.422153835937458,15,NA-22-Y-B,2025
2.94948165625,18,NA-22-Y-B,2025
3.485975570312499,25,NA-22-Y-B,2025
26.992318429687472,33,NA-22-Y-B,2025
18427.389532649715,3,NA-22-Y-A,2025
7.7756813906249995,12,NA-22-Y-A,2025
1.2510644218749998,15,NA-22-Y-A,2025
0.9830324843750001,18,NA-22-Y-A,2025
29.94009718749999,33,NA-22-Y-A,2025
17956.516515923042,3,NA-22-V-D,2025
224.954189289062,12,NA-22-V-D,2025
11.967758765625002,15,NA-22-V-D,2025
1.071811734375,18,NA-22-V-D,2025
5.538271921874999,25,NA-22-V-D,2025
27.326572968749975,33,NA-22-V-D,2025
5558.250792898278,3,NA-22-V-C,2025
0.44659905468750005,12,NA-22-V-C,2025
0.17867334375,18,NA-22-V-C,2025
12.504222773437496,33,NA-22-V-C,2025
18336.33002679234,3,NA-21-Z-B,2025
1.9660101171875,4,NA-21-Z-B,2025
71.31191378906229,12,NA-21-Z-B,2025
1.5192179062500004,15,NA-21-Z-B,2025
2.4131345859374993,18,NA-21-Z-B,2025
20.018537218750005,33,NA-21-Z-B,2025
6775.123038226524,3,NA-21-X-D,2025
22.24238437499997,12,NA-21-X-D,2025
3.3944967109374997,15,NA-21-X-D,2025
0.17868264843749998,33,NA-21-X-D,2025
18377.34279878122,3,NA-21-Z-D,2025
1.4302660078125,4,NA-21-Z-D,2025
25.655736187500008,12,NA-21-Z-D,2025
2.5029823984375,15,NA-21-Z-D,2025
0.2681916171875,18,NA-21-Z-D,2025
32.35972206250005,33,NA-21-Z-D,2025
18300.205252645635,3,SA-21-X-B,2025
1.2514926249999998,4,SA-21-X-B,2025
107.26424246875038,12,SA-21-X-B,2025
26.011787265624992,15,SA-21-X-B,2025
0.17878922656250001,18,SA-21-X-B,2025
3.2179737265624997,33,SA-21-X-B,2025
18296.798352357044,3,SA-21-X-A,2025
1.16216384375,4,SA-21-X-A,2025
21.901992828125014,12,SA-21-X-A,2025
1.3409108437500001,15,SA-21-X-A,2025
151.16352537499958,33,SA-21-X-A,2025
17825.976135331795,3,NA-21-Z-C,2025
25.745099937499987,4,NA-21-Z-C,2025
499.6057473046831,12,NA-21-Z-C,2025
4.112121734374999,15,NA-21-Z-C,2025
115.14001824218703,33,NA-21-Z-C,2025
13194.200114117622,3,NA-21-Z-A,2025
15.638128289062498,4,NA-21-Z-A,2025
3929.2557475077206,12,NA-21-Z-A,2025
6.7914779609375,15,NA-21-Z-A,2025
17.248745335937503,33,NA-21-Z-A,2025
2026.7598056328538,3,NA-21-X-C,2025
1.8760513515625,4,NA-21-X-C,2025
881.2252361875118,12,NA-21-X-C,2025
6.699845320312496,15,NA-21-X-C,2025
0.44666474999999994,33,NA-21-X-C,2025
13258.24032129826,3,NA-21-Y-B,2025
0.35747637499999996,12,NA-21-Y-B,2025
1.7874563984374998,15,NA-21-Y-B,2025
18.411981320312496,33,NA-21-Y-B,2025
19.834327499999983,3,NA-21-V-D,2025
18409.791093543336,3,NA-21-Y-D,2025
3.486406249999999,12,NA-21-Y-D,2025
1.4302893359375,15,NA-21-Y-D,2025
24.941300531250015,33,NA-21-Y-D,2025
18313.786917152775,3,SA-21-V-B,2025
0.5363471171874999,4,SA-21-V-B,2025
22.16899442187498,12,SA-21-V-B,2025
9.475354000000003,15,SA-21-V-B,2025
93.68147696093766,33,SA-21-V-B,2025
18328.448893309378,3,SA-21-V-A,2025
15.106917249999997,12,SA-21-V-A,2025
2.1453372890624998,15,SA-21-V-A,2025
10.369417804687492,25,SA-21-V-A,2025
116.74336050781248,33,SA-21-V-A,2025
17557.564781439185,3,NA-21-Y-C,2025
5.452686210937499,4,NA-21-Y-C,2025
7.687301687499999,12,NA-21-Y-C,2025
821.0343813046642,15,NA-21-Y-C,2025
6.435856523437503,25,NA-21-Y-C,2025
74.46014296093784,33,NA-21-Y-C,2025
9508.752484170665,3,NA-21-Y-A,2025
0.6254431875,4,NA-21-Y-A,2025
110.07976532031196,12,NA-21-Y-A,2025
147.7475386796871,15,NA-21-Y-A,2025
7.329205992187502,33,NA-21-Y-A,2025
17771.416370168066,3,SA-20-X-B,2025
363.2195073750013,12,SA-20-X-B,2025
43.89374900000003,15,SA-20-X-B,2025
0.8939750000000001,18,SA-20-X-B,2025
48.538764671875015,25,SA-20-X-B,2025
179.50447703906133,33,SA-20-X-B,2025
14820.899725227371,3,NA-20-Z-D,2025
2.2346447499999997,4,NA-20-Z-D,2025
1813.225379335922,12,NA-20-Z-D,2025
1274.7934038515998,15,NA-20-Z-D,2025
0.625771296875,18,NA-20-Z-D,2025
7.7767172109375,25,NA-20-Z-D,2025
473.24990598437813,33,NA-20-Z-D,2025
13339.75663786643,3,NA-20-Z-B,2025
5.183356601562502,4,NA-20-Z-B,2025
2923.8873080154904,12,NA-20-Z-B,2025
1742.3690551015427,15,NA-20-Z-B,2025
0.1787411640625,18,NA-20-Z-B,2025
9.651411078125001,25,NA-20-Z-B,2025
409.3154491406248,33,NA-20-Z-B,2025
10092.906408641436,3,NA-20-X-D,2025
3.572385921875,4,NA-20-X-D,2025
4582.887876366936,12,NA-20-X-D,2025
3124.3263264452253,15,NA-20-X-D,2025
154.03071585156425,18,NA-20-X-D,2025
119.83301782031288,25,NA-20-X-D,2025
266.22280742968763,33,NA-20-X-D,2025
505.36981528124727,3,NA-21-V-C,2025
3.39368909375,4,NA-21-V-C,2025
910.3268017031027,12,NA-21-V-C,2025
45.99556949218739,15,NA-21-V-C,2025
10.89435296875,33,NA-21-V-C,2025
29.168766343750058,3,NA-21-V-A,2025
12.938596640624999,4,NA-21-V-A,2025
2605.9031160233476,12,NA-21-V-A,2025
31.500670578125018,15,NA-21-V-A,2025
10.618404187500001,18,NA-21-V-A,2025
6.246041859374998,25,NA-21-V-A,2025
40.511350203125026,33,NA-21-V-A,2025
1612.4120604609525,3,NA-20-X-B,2025
8.563218390625,4,NA-20-X-B,2025
15892.656715407835,12,NA-20-X-B,2025
359.4129878750032,15,NA-20-X-B,2025
215.48216555468863,18,NA-20-X-B,2025
304.2368010390678,33,NA-20-X-B,2025
2595.405409773478,3,NB-20-Z-D,2025
36.10856360156251,4,NB-20-Z-D,2025
10943.380277156708,12,NB-20-Z-D,2025
70.1610025859374,15,NB-20-Z-D,2025
2.674513609375,18,NB-20-Z-D,2025
3.2086375078125005,25,NB-20-Z-D,2025
21.483311554687486,33,NB-20-Z-D,2025
219.34826724999675,3,NB-21-Y-C,2025
5.3498329687499995,4,NB-21-Y-C,2025
1542.0220433828554,12,NB-21-Y-C,2025
21.757793687499998,15,NB-21-Y-C,2025
1.6942951093749996,18,NB-21-Y-C,2025
15.6917836953125,33,NB-21-Y-C,2025
1593.033309617245,3,NB-20-Z-B,2025
0.8905676171875001,4,NB-20-Z-B,2025
89.59232557812511,12,NB-20-Z-B,2025
2.582510890625,15,NB-20-Z-B,2025
7.746999382812498,33,NB-20-Z-B,2025
24.66968249218752,3,NB-21-Y-A,2025
0.6234099375,33,NB-21-Y-A,2025
2421.0131858747636,3,NB-20-Z-C,2025
0.4458504296875,12,NB-20-Z-C,2025
1.6942640546875,15,NB-20-Z-C,2025
1.0701479453125,33,NB-20-Z-C,2025
640.6591715937725,3,NB-20-Y-D,2025
3.3889230546875,15,NB-20-Y-D,2025
0.089176828125,33,NB-20-Y-D,2025
591.4807118671845,3,NB-20-Y-C,2025
2.4079285859375,15,NB-20-Y-C,2025
0.4458816953125,33,NB-20-Y-C,2025
171.78266916406324,3,NA-20-V-A,2025
1.15949853125,15,NA-20-V-A,2025
0.624332625,33,NA-20-V-A,2025
370.4885252109346,3,NA-19-X-D,2025
4.3777476718749995,12,NA-19-X-D,2025
0.8040876484375001,33,NA-19-X-D,2025
9522.545548258076,3,NA-20-V-D,2025
0.0893140078125,4,NA-20-V-D,2025
30.360930304687486,12,NA-20-V-D,2025
17.323781132812492,15,NA-20-V-D,2025
0.0893148984375,18,NA-20-V-D,2025
1.6074224687500003,33,NA-20-V-D,2025
14027.722599453042,3,NA-20-V-B,2025
4.3729477812500015,12,NA-20-V-B,2025
16.414499867187505,15,NA-20-V-B,2025
4.01495728125,25,NA-20-V-B,2025
47.11106317187495,33,NA-20-V-B,2025
16390.62675732621,3,NA-20-X-A,2025
8.207911085937502,4,NA-20-X-A,2025
506.8563951953139,12,NA-20-X-A,2025
457.8984894843788,15,NA-20-X-A,2025
0.0892294765625,18,NA-20-X-A,2025
113.88396285937509,33,NA-20-X-A,2025
17145.04087142546,3,NA-20-X-C,2025
6.250547796875001,12,NA-20-X-C,2025
1264.9162943593863,15,NA-20-X-C,2025
0.3572922734375,18,NA-20-X-C,2025
39.826719578124965,33,NA-20-X-C,2025
15645.43321460743,3,NA-20-Y-B,2025
0.17875896875000002,4,NA-20-Y-B,2025
67.65917397656247,12,NA-20-Y-B,2025
18.589206578124998,15,NA-20-Y-B,2025
38.25384695312496,33,NA-20-Y-B,2025
16874.916428524743,3,NA-20-Z-A,2025
1.1618369609375,4,NA-20-Z-A,2025
1350.4927159686956,12,NA-20-Z-A,2025
51.82942722656242,15,NA-20-Z-A,2025
0.7149141484375001,18,NA-20-Z-A,2025
186.70479607031322,33,NA-20-Z-A,2025
12761.490725069532,3,NA-20-Z-C,2025
0.8045478906250001,4,NA-20-Z-C,2025
4244.7927820707555,12,NA-20-Z-C,2025
4.558792734375001,15,NA-20-Z-C,2025
0.17877277343749998,18,NA-20-Z-C,2025
1.6091273593750002,25,NA-20-Z-C,2025
1383.4827321875016,33,NA-20-Z-C,2025
16151.487196831726,3,SA-20-X-A,2025
0.178784,4,SA-20-X-A,2025
991.8208820155897,12,SA-20-X-A,2025
46.12487200781247,15,SA-20-X-A,2025
2.0558550390625006,25,SA-20-X-A,2025
1128.6455367890521,33,SA-20-X-A,2025
15448.351336226071,3,SA-20-V-B,2025
0.268187953125,4,SA-20-V-B,2025
1471.952827445249,12,SA-20-V-B,2025
7.2407781484375,15,SA-20-V-B,2025
1481.7090869765582,33,SA-20-V-B,2025
15559.000901413054,3,NA-20-Y-D,2025
0.9833366171875,4,NA-20-Y-D,2025
2729.8379339530393,12,NA-20-Y-D,2025
11.799532507812504,15,NA-20-Y-D,2025
156.97813717968756,33,NA-20-Y-D,2025
17226.93272859023,3,SA-20-V-A,2025
0.7151216484375,4,SA-20-V-A,2025
314.47985751562675,12,SA-20-V-A,2025
20.82905829687502,15,SA-20-V-A,2025
2.2348807109375,25,SA-20-V-A,2025
805.8030677968668,33,SA-20-V-A,2025
17307.826140603687,3,NA-20-Y-C,2025
50.41788620312499,12,NA-20-Y-C,2025
5.989358343749997,15,NA-20-Y-C,2025
22.169530562500007,33,NA-20-Y-C,2025
2025.6895126642687,3,NA-20-Y-A,2025
4.468932468749998,12,NA-20-Y-A,2025
2.32387765625,15,NA-20-Y-A,2025
3.396356507812499,33,NA-20-Y-A,2025
5380.7345526884,3,NA-19-Z-B,2025
9.025740101562501,12,NA-19-Z-B,2025
3.038436984375,15,NA-19-Z-B,2025
58.988043703125,33,NA-19-Z-B,2025
16722.682013404614,3,NA-19-Z-D,2025
0.178791078125,4,NA-19-Z-D,2025
134.89344010937484,12,NA-19-Z-D,2025
10.816691742187498,15,NA-19-Z-D,2025
298.0335451484368,33,NA-19-Z-D,2025
17910.69667504498,3,SA-19-X-B,2025
0.089390875,4,SA-19-X-B,2025
73.74874696093742,12,SA-19-X-B,2025
23.332609234375035,15,SA-19-X-B,2025
6.257811312500001,25,SA-19-X-B,2025
458.4205209687493,33,SA-19-X-B,2025
18322.007925629154,3,SA-19-X-A,2025
0.2681888984375,4,SA-19-X-A,2025
26.282087523437507,12,SA-19-X-A,2025
0.3575898359375,15,SA-19-X-A,2025
90.7332977812508,33,SA-19-X-A,2025
17947.532615299864,3,NA-19-Z-C,2025
4.559059890624999,4,NA-19-Z-C,2025
188.70774656249853,12,NA-19-Z-C,2025
4.648586593750001,15,NA-19-Z-C,2025
294.2010813125018,33,NA-19-Z-C,2025
15282.396107181303,3,NA-19-Z-A,2025
30.205643179687495,12,NA-19-Z-A,2025
6.881692070312503,15,NA-19-Z-A,2025
97.14505775000016,33,NA-19-Z-A,2025
9219.388067608155,3,SA-19-V-B,2025
6.4364503671875,12,SA-19-V-B,2025
2.1454270859375004,15,SA-19-V-B,2025
15.911277421875004,33,SA-19-V-B,2025
8777.438594874748,3,NA-19-Y-D,2025
4.648404718749999,12,NA-19-Y-D,2025
31.556575390624978,15,NA-19-Y-D,2025
108.7014539921874,33,NA-19-Y-D,2025
7003.040631899612,3,NA-19-Y-B,2025
8.579057164062501,12,NA-19-Y-B,2025
18.498808859374993,15,NA-19-Y-B,2025
54.15926814843758,33,NA-19-Y-B,2025
231.21482853906303,3,NA-19-X-C,2025
0.357376796875,12,NA-19-X-C,2025
0.1786878984375,33,NA-19-X-C,2025
198.93183693749805,3,SC-19-Y-D,2025
0.35118725,15,SC-19-Y-D,2025
0.79012859375,33,SC-19-Y-D,2025
1404.641283156254,3,SC-19-Y-A,2025
0.8797398359375002,12,SC-19-Y-A,2025
0.7912295312500001,33,SC-19-Y-A,2025
16136.17319953124,3,SC-19-Y-B,2025
0.0878698828125,4,SC-19-Y-B,2025
23.396613687499986,12,SC-19-Y-B,2025
1336.118924640643,15,SC-19-Y-B,2025
1.6684821953124997,25,SC-19-Y-B,2025
40.523665390625006,33,SC-19-Y-B,2025
17956.25826914143,3,SC-19-V-D,2025
20.11440854687499,12,SC-19-V-D,2025
186.19345553125004,15,SC-19-V-D,2025
63.466345749999945,33,SC-19-V-D,2025
9595.49034944881,3,SC-19-Z-A,2025
6.599188421874999,12,SC-19-Z-A,2025
5494.675544524894,15,SC-19-Z-A,2025
43.13651092187476,25,SC-19-Z-A,2025
34.21159539843747,33,SC-19-Z-A,2025
11917.421796227092,3,SC-19-X-C,2025
29.728365039062506,12,SC-19-X-C,2025
6080.671037578271,15,SC-19-X-C,2025
83.00082412500005,25,SC-19-X-C,2025
83.19316890625001,33,SC-19-X-C,2025
133.9590886406253,3,SC-19-Z-C,2025
0.438975046875,12,SC-19-Z-C,2025
315.66167560155975,15,SC-19-Z-C,2025
8.9547616484375,25,SC-19-Z-C,2025
6.409017132812495,33,SC-19-Z-C,2025
550.1345685859453,3,SC-19-Z-B,2025
1.2324309375,12,SC-19-Z-B,2025
1836.9090082578762,15,SC-19-Z-B,2025
9.154819398437493,25,SC-19-Z-B,2025
10.827260398437499,33,SC-19-Z-B,2025
10944.604383399888,3,SC-19-X-D,2025
0.0882628125,4,SC-19-X-D,2025
7.233167609375,12,SC-19-X-D,2025
5970.77282210194,15,SC-19-X-D,2025
6.433857867187498,25,SC-19-X-D,2025
40.21132251562503,33,SC-19-X-D,2025
15810.888308677384,3,SC-19-X-B,2025
0.1767835390625,4,SC-19-X-B,2025
72.95575082031223,12,SC-19-X-B,2025
2287.4931956485043,15,SC-19-X-B,2025
5.391311710937501,25,SC-19-X-B,2025
98.96647830468736,33,SC-19-X-B,2025
17696.047686305974,3,SC-19-X-A,2025
14.40316628124999,12,SC-19-X-A,2025
458.28970381249917,15,SC-19-X-A,2025
74.32001228906286,33,SC-19-X-A,2025
17012.870342444916,3,SC-19-V-B,2025
14.3298545234375,12,SC-19-V-B,2025
1193.1356985703087,15,SC-19-V-B,2025
11.326362640625,25,SC-19-V-B,2025
44.2095705234375,33,SC-19-V-B,2025
18267.75175885401,3,SB-19-Z-C,2025
4.5219664609375005,12,SB-19-Z-C,2025
5.940116273437495,15,SB-19-Z-C,2025
57.817146414062684,33,SB-19-Z-C,2025
18019.74231531278,3,SB-19-Y-D,2025
22.427293375000005,12,SB-19-Y-D,2025
225.6719765390645,15,SB-19-Y-D,2025
2.393952570312501,25,SB-19-Y-D,2025
98.77392320312492,33,SB-19-Y-D,2025
17946.313632735073,3,SB-19-Z-D,2025
0.8861691796875,4,SB-19-Z-D,2025
71.16000218750007,12,SB-19-Z-D,2025
142.4893832343737,15,SB-19-Z-D,2025
2.4810928828125,25,SB-19-Z-D,2025
205.67918078124893,33,SB-19-Z-D,2025
18050.67243161497,3,SB-19-Z-A,2025
46.83289296874999,12,SB-19-Z-A,2025
29.50054381250003,15,SB-19-Z-A,2025
197.97329476562365,33,SB-19-Z-A,2025
18304.74314464126,3,SB-19-Z-B,2025
0.710614171875,12,SB-19-Z-B,2025
2.6633147968750004,15,SB-19-Z-B,2025
49.820685164062496,33,SB-19-Z-B,2025
18193.72897606353,3,SB-19-X-C,2025
25.17651400781247,12,SB-19-X-C,2025
4.359991671875002,15,SB-19-X-C,2025
134.45760734375017,33,SB-19-X-C,2025
18175.47071016243,3,SB-19-X-D,2025
38.818574078125025,12,SB-19-X-D,2025
14.514322445312477,15,SB-19-X-D,2025
161.93696997656326,33,SB-19-X-D,2025
18202.120134972407,3,SB-19-X-A,2025
1.247982421875,12,SB-19-X-A,2025
0.3566098515625,15,SB-19-X-A,2025
181.29655882031255,33,SB-19-X-A,2025
18094.143983859387,3,SB-19-X-B,2025
0.1781830078125,4,SB-19-X-B,2025
50.35108309375001,12,SB-19-X-B,2025
65.5699241406252,15,SB-19-X-B,2025
4.275973046874998,25,SB-19-X-B,2025
203.5687239609377,33,SB-19-X-B,2025
17902.700410173977,3,SB-19-Y-B,2025
68.11500876562508,12,SB-19-Y-B,2025
166.51794821875018,15,SB-19-Y-B,2025
6.039110382812503,25,SB-19-Y-B,2025
214.56528123437536,33,SB-19-Y-B,2025
18325.94114000448,3,SB-19-V-D,2025
2.581058703125,12,SB-19-V-D,2025
0.5337688125,15,SB-19-V-D,2025
61.68460914062496,33,SB-19-V-D,2025
15939.454079273764,3,SB-19-V-B,2025
0.0891526015625,4,SB-19-V-B,2025
115.9944143593742,12,SB-19-V-B,2025
81.93661740624982,15,SB-19-V-B,2025
18.990074859374992,25,SB-19-V-B,2025
484.2683977890612,33,SB-19-V-B,2025
17987.56480634606,3,SB-19-Y-C,2025
0.0887397578125,4,SB-19-Y-C,2025
23.138035070312498,12,SB-19-Y-C,2025
270.60645192187576,15,SB-19-Y-C,2025
2.5734646015625002,25,SB-19-Y-C,2025
85.03796330468748,33,SB-19-Y-C,2025
18146.114498671548,3,SB-19-Y-A,2025
30.185612546875,12,SB-19-Y-A,2025
86.816396320313,15,SB-19-Y-A,2025
94.82125124218697,33,SB-19-Y-A,2025
18311.164206983896,3,SB-19-V-C,2025
3.203613656249999,12,SB-19-V-C,2025
1.8677925000000002,15,SB-19-V-C,2025
74.50496351562488,33,SB-19-V-C,2025
11187.719201594959,3,SB-19-V-A,2025
1.9615769453124998,12,SB-19-V-A,2025
4.1006270859375,15,SB-19-V-A,2025
168.99999007812517,33,SB-19-V-A,2025
15942.617675856809,3,SB-18-Z-B,2025
4.087380984375,12,SB-18-Z-B,2025
7.369349140625001,15,SB-18-Z-B,2025
11.465561234374997,33,SB-18-Z-B,2025
11592.647470279626,3,SB-18-X-D,2025
8.899642421875004,12,SB-18-X-D,2025
1.4239162578124995,15,SB-18-X-D,2025
59.631793164062536,33,SB-18-X-D,2025
1397.1748488906337,3,SB-18-X-B,2025
0.6235206093750001,12,SB-18-X-B,2025
0.26726300000000003,15,SB-18-X-B,2025
36.79396774218749,33,SB-18-X-B,2025
16362.910662164863,3,SB-18-Z-D,2025
26.68090518750001,12,SB-18-Z-D,2025
1817.9080437656098,15,SB-18-Z-D,2025
41.389349531250055,25,SB-18-Z-D,2025
87.14202735156236,33,SB-18-Z-D,2025
15535.548149460277,3,SC-18-X-B,2025
28.482534125000008,12,SC-18-X-B,2025
467.0219888906179,15,SC-18-X-B,2025
4.0669608359375005,25,SC-18-X-B,2025
46.968915468749955,33,SC-18-X-B,2025
16772.633620016793,3,SC-19-V-A,2025
38.82188873437491,12,SC-19-V-A,2025
1371.1995278047061,15,SC-19-V-A,2025
7.081339179687494,25,SC-19-V-A,2025
86.13545296875,33,SC-19-V-A,2025
15629.761441664685,3,SC-19-V-C,2025
35.200636351562494,12,SC-19-V-C,2025
150.8637243906252,15,SC-19-V-C,2025
45.97173813281253,33,SC-19-V-C,2025
7079.663239438682,3,SC-18-X-D,2025
14.123941375,12,SC-18-X-D,2025
101.35790689843748,15,SC-18-X-D,2025
12.182278578125,33,SC-18-X-D,2025
369.1305649765637,3,SC-18-X-A,2025
3697.1348673982284,3,SB-18-Z-C,2025
1.0639920078125,12,SB-18-Z-C,2025
10.81671837499999,15,SB-18-Z-C,2025
0.5320453671875,33,SB-18-Z-C,2025
721.9838516250032,3,SB-18-Z-A,2025
0.5328116640625,12,SB-18-Z-A,2025
5474.633176530962,3,SA-19-V-D,2025
0.8042962265624999,12,SA-19-V-D,2025
0.8936962343749999,15,SA-19-V-D,2025
164.16063163281254,33,SA-19-V-D,2025
7551.457559905735,3,SA-19-Y-B,2025
5.000004109374999,12,SA-19-Y-B,2025
3.571379453124999,15,SA-19-Y-B,2025
147.95722322656212,33,SA-19-Y-B,2025
9451.27305282051,3,SA-19-Y-D,2025
0.0892716875,4,SA-19-Y-D,2025
81.46204857812509,12,SA-19-Y-D,2025
41.758330789062526,15,SA-19-Y-D,2025
332.8067801796863,33,SA-19-Y-D,2025
17988.5850099953,3,SA-19-Z-A,2025
48.304078703124944,12,SA-19-Z-A,2025
24.108070578125,15,SA-19-Z-A,2025
1.6072019843749996,25,SA-19-Z-A,2025
360.6520109921908,33,SA-19-Z-A,2025
17393.0824519122,3,SA-19-Z-C,2025
170.75108225781273,12,SA-19-Z-C,2025
119.42612356250025,15,SA-19-Z-C,2025
7.318987023437496,25,SA-19-Z-C,2025
716.2887327187535,33,SA-19-Z-C,2025
17890.261656463634,3,SA-19-Z-D,2025
111.44809439062458,12,SA-19-Z-D,2025
43.726214367187524,15,SA-19-Z-D,2025
1.5170404062499998,25,SA-19-Z-D,2025
382.84470097656185,33,SA-19-Z-D,2025
16635.36132731224,3,SA-19-Z-B,2025
0.0893363046875,4,SA-19-Z-B,2025
314.55074507031213,12,SA-19-Z-B,2025
179.41238819531262,15,SA-19-Z-B,2025
7.501754218749997,25,SA-19-Z-B,2025
1264.5505032421756,33,SA-19-Z-B,2025
17670.10598758473,3,SA-19-X-D,2025
0.178745125,4,SA-19-X-D,2025
143.77586670312527,12,SA-19-X-D,2025
6.433342007812499,15,SA-19-X-D,2025
0.6254544140624999,25,SA-19-X-D,2025
641.8415613359374,33,SA-19-X-D,2025
17904.547570626495,3,SA-19-X-C,2025
7.9539797031249995,12,SA-19-X-C,2025
0.3574362109375,15,SA-19-X-C,2025
521.3254136796816,33,SA-19-X-C,2025
17775.99377065819,3,SA-20-V-C,2025
0.1787651953125,4,SA-20-V-C,2025
196.2246808203116,12,SA-20-V-C,2025
4.5569482421875005,15,SA-20-V-C,2025
1.3402793906250001,25,SA-20-V-C,2025
446.14986076562457,33,SA-20-V-C,2025
16046.86918840801,3,SA-20-Y-A,2025
403.53350218749637,12,SA-20-Y-A,2025
170.40791242968757,15,SA-20-Y-A,2025
1.5177556250000002,25,SA-20-Y-A,2025
1668.0311246406027,33,SA-20-Y-A,2025
18386.921957406415,3,SA-20-Y-B,2025
23.92971651562502,12,SA-20-Y-B,2025
0.44648891406249996,15,SA-20-Y-B,2025
42.32570321093749,33,SA-20-Y-B,2025
18131.548599928155,3,SA-20-V-D,2025
182.15935897656334,12,SA-20-V-D,2025
0.3574928203125,15,SA-20-V-D,2025
151.12875049218744,33,SA-20-V-D,2025
15712.395599649664,3,SA-20-X-C,2025
201.25385690625075,12,SA-20-X-C,2025
35.12514067187504,15,SA-20-X-C,2025
0.089382453125,25,SA-20-X-C,2025
2445.185179726599,33,SA-20-X-C,2025
16888.1599324372,3,SA-20-X-D,2025
229.60406454687663,12,SA-20-X-D,2025
196.4219639531251,15,SA-20-X-D,2025
39.759389695312436,18,SA-20-X-D,2025
1.0722701796875,25,SA-20-X-D,2025
1075.3246973125013,33,SA-20-X-D,2025
18304.58247097849,3,SA-20-Z-A,2025
27.05478162499999,12,SA-20-Z-A,2025
7.857381937500001,15,SA-20-Z-A,2025
113.86141696874972,33,SA-20-Z-A,2025
16350.483060197708,3,SA-20-Z-B,2025
11.7890906796875,12,SA-20-Z-B,2025
235.57424767968695,15,SA-20-Z-B,2025
4.2883246484375,18,SA-20-Z-B,2025
35.80512207812504,25,SA-20-Z-B,2025
1772.9015063984905,33,SA-20-Z-B,2025
15872.997398047617,3,SA-20-Y-D,2025
0.35700146875000005,4,SA-20-Y-D,2025
680.7428062734376,12,SA-20-Y-D,2025
40.05731787500004,15,SA-20-Y-D,2025
1728.1015681250242,33,SA-20-Y-D,2025
16016.876562887288,3,SA-20-Z-C,2025
268.6308365000048,12,SA-20-Z-C,2025
154.2655173828133,15,SA-20-Z-C,2025
6.1552576328125,25,SA-20-Z-C,2025
1935.4263684921232,33,SA-20-Z-C,2025
12672.809620156479,3,SA-20-Z-D,2025
0.2675993203125,4,SA-20-Z-D,2025
498.510817054688,12,SA-20-Z-D,2025
1668.89864153904,15,SA-20-Z-D,2025
0.9816088750000002,18,SA-20-Z-D,2025
153.98360568750027,25,SA-20-Z-D,2025
3301.7344117736793,33,SA-20-Z-D,2025
16552.265993066005,3,SB-20-X-A,2025
0.089181171875,4,SB-20-X-A,2025
219.44111056249938,12,SB-20-X-A,2025
22.11043637500002,15,SB-20-X-A,2025
1589.2480089140445,33,SB-20-X-A,2025
17379.523388883266,3,SB-20-X-B,2025
1.9608409296875,4,SB-20-X-B,2025
407.744520632814,12,SB-20-X-B,2025
28.69713539843749,15,SB-20-X-B,2025
533.048797062504,33,SB-20-X-B,2025
16985.677119749722,3,SB-20-V-B,2025
88.16700553906244,12,SB-20-V-B,2025
41.55236569531241,15,SB-20-V-B,2025
9.185039351562509,25,SB-20-V-B,2025
1286.1071823125071,33,SB-20-V-B,2025
18319.33080773795,3,SB-20-V-A,2025
5.6158104453125,12,SB-20-V-A,2025
7.3095425078125,15,SB-20-V-A,2025
52.765125374999954,33,SB-20-V-A,2025
17164.086400491633,3,SA-20-Y-C,2025
0.1784885078125,4,SA-20-Y-C,2025
201.14606914843722,12,SA-20-Y-C,2025
180.35842749218708,15,SA-20-Y-C,2025
9.014252375,25,SA-20-Y-C,2025
809.7753367656233,33,SA-20-Y-C,2025
18072.392406930958,3,SB-20-V-C,2025
115.44155358593689,12,SB-20-V-C,2025
7.2928051015624975,15,SB-20-V-C,2025
162.59632346874938,33,SB-20-V-C,2025
17288.960213545797,3,SB-20-V-D,2025
0.711966765625,4,SB-20-V-D,2025
377.2531271406259,12,SB-20-V-D,2025
46.00669810937478,15,SB-20-V-D,2025
1.9575209843749997,25,SB-20-V-D,2025
675.8510501171854,33,SB-20-V-D,2025
18072.49375846722,3,SB-20-Y-A,2025
42.21222934375003,12,SB-20-Y-A,2025
4.3544068515625,15,SB-20-Y-A,2025
204.58725411718777,33,SB-20-Y-A,2025
17882.327863156872,3,SB-20-Y-B,2025
0.26625828125,4,SB-20-Y-B,2025
113.01482134375009,12,SB-20-Y-B,2025
146.94178171875018,15,SB-20-Y-B,2025
2.6651652421874994,25,SB-20-Y-B,2025
205.88300450781236,33,SB-20-Y-B,2025
16946.98672774924,3,SB-20-Y-D,2025
102.78380740625073,4,SB-20-Y-D,2025
742.2154646796787,12,SB-20-Y-D,2025
473.0343994609371,15,SB-20-Y-D,2025
9.396990859375,25,SB-20-Y-D,2025
64.37288464843753,33,SB-20-Y-D,2025
17444.91211178349,3,SB-20-Y-C,2025
3.7205406874999993,4,SB-20-Y-C,2025
346.9164679375033,12,SB-20-Y-C,2025
179.20591606249977,15,SB-20-Y-C,2025
6.297644070312503,25,SB-20-Y-C,2025
340.7013674062482,33,SB-20-Y-C,2025
17347.361665185606,3,SC-20-V-A,2025
4.776072140625,4,SC-20-V-A,2025
793.9063344765511,12,SC-20-V-A,2025
41.09733110156247,15,SC-20-V-A,2025
0.17681536718750002,18,SC-20-V-A,2025
55.65380393749993,33,SC-20-V-A,2025
10865.975703656617,3,SC-20-V-C,2025
7.319112593749995,4,SC-20-V-C,2025
128.16943912499949,12,SC-20-V-C,2025
4888.57611216412,15,SC-20-V-C,2025
10.32724603906249,18,SC-20-V-C,2025
28.84227797656252,25,SC-20-V-C,2025
343.2940167343757,33,SC-20-V-C,2025
8506.23930116529,3,SC-20-V-D,2025
1.5889535625,4,SC-20-V-D,2025
99.076154765625,12,SC-20-V-D,2025
8976.476911718994,15,SC-20-V-D,2025
241.16258899999994,18,SC-20-V-D,2025
87.79155724999985,25,SC-20-V-D,2025
313.78524448437605,33,SC-20-V-D,2025
13655.704092828382,3,SC-20-V-B,2025
6.550129109375,4,SC-20-V-B,2025
530.4323015468775,12,SC-20-V-B,2025
3075.6813228438177,15,SC-20-V-B,2025
23.070685812500002,18,SC-20-V-B,2025
121.16994666406194,25,SC-20-V-B,2025
809.491676703128,33,SC-20-V-B,2025
17173.070675475694,3,SB-20-Z-A,2025
3.2872951328125,4,SB-20-Z-A,2025
297.3191616093765,12,SB-20-Z-A,2025
221.025819945313,15,SB-20-Z-A,2025
611.7148101874948,33,SB-20-Z-A,2025
16908.24570476776,3,SB-20-Z-C,2025
4.697002156249999,4,SB-20-Z-C,2025
324.4627534921877,12,SB-20-Z-C,2025
765.83686217188,15,SB-20-Z-C,2025
3.0998059687500006,25,SB-20-Z-C,2025
353.71270674999903,33,SB-20-Z-C,2025
14253.081437673272,3,SC-20-X-A,2025
15.747077890625004,4,SC-20-X-A,2025
2813.4094616719667,12,SC-20-X-A,2025
1039.8873561797002,15,SC-20-X-A,2025
0.7074828124999999,18,SC-20-X-A,2025
151.18050052343776,33,SC-20-X-A,2025
9834.744323031833,3,SC-20-X-C,2025
0.17652625781249998,4,SC-20-X-C,2025
20.916772234375024,12,SC-20-X-C,2025
7985.390681492487,15,SC-20-X-C,2025
265.721678468747,18,SC-20-X-C,2025
27.51739124999998,25,SC-20-X-C,2025
92.1825692656249,33,SC-20-X-C,2025
15762.511349610653,3,SC-20-X-D,2025
48.7462897421875,4,SC-20-X-D,2025
88.83199998437475,12,SC-20-X-D,2025
2233.761397734369,15,SC-20-X-D,2025
1.6770927968749998,18,SC-20-X-D,2025
3.2658274453125005,25,SC-20-X-D,2025
53.984900390625015,33,SC-20-X-D,2025
16800.431856991072,3,SC-20-X-B,2025
25.102836679687492,4,SC-20-X-B,2025
949.0198897656276,12,SC-20-X-B,2025
370.9427923671889,15,SC-20-X-B,2025
1.5025475390624998,18,SC-20-X-B,2025
93.49752546093752,33,SC-20-X-B,2025
16722.447832148813,3,SB-20-Z-D,2025
1.8617197265624998,4,SB-20-Z-D,2025
133.95343384375022,12,SB-20-Z-D,2025
1329.9994857734353,15,SB-20-Z-D,2025
147.14779753124978,33,SB-20-Z-D,2025
17513.51062428283,3,SB-20-Z-B,2025
3.9968252031250002,4,SB-20-Z-B,2025
223.40914053906238,12,SB-20-Z-B,2025
411.35321682812497,15,SB-20-Z-B,2025
170.6666133671876,33,SB-20-Z-B,2025
17783.705010355072,3,SB-20-X-C,2025
0.1779206484375,4,SB-20-X-C,2025
185.6464629843748,12,SB-20-X-C,2025
31.400371109375023,15,SB-20-X-C,2025
381.984467523437,33,SB-20-X-C,2025
17002.464202536215,3,SB-20-X-D,2025
0.3558987734375,4,SB-20-X-D,2025
363.41564517187464,12,SB-20-X-D,2025
224.44292765624988,15,SB-20-X-D,2025
11.479822250000002,25,SB-20-X-D,2025
737.5015735781221,33,SB-20-X-D,2025
17997.0950889939,3,SB-21-V-C,2025
0.0890419765625,4,SB-21-V-C,2025
19.84838,12,SB-21-V-C,2025
105.57992207812458,15,SB-21-V-C,2025
268.1281436093749,33,SB-21-V-C,2025
16923.709701378582,3,SB-21-V-A,2025
4.5456671328125005,4,SB-21-V-A,2025
199.3874891328124,12,SB-21-V-A,2025
215.46653892187564,15,SB-21-V-A,2025
5.0811885078125005,25,SB-21-V-A,2025
1043.1552687343758,33,SB-21-V-A,2025
18091.364143517887,3,SB-21-V-B,2025
0.6237590078125,4,SB-21-V-B,2025
49.9270446015625,12,SB-21-V-B,2025
9.0039174921875,15,SB-21-V-B,2025
4.721275312499998,25,SB-21-V-B,2025
229.3811461328124,33,SB-21-V-B,2025
17777.452701074257,3,SB-21-V-D,2025
5.516707492187502,12,SB-21-V-D,2025
155.23181387499915,15,SB-21-V-D,2025
70.21837594531247,25,SB-21-V-D,2025
349.3034907031224,33,SB-21-V-D,2025
17206.762338065342,3,SB-21-Y-A,2025
3.285231046875,4,SB-21-Y-A,2025
64.56289275000012,12,SB-21-Y-A,2025
1037.3978549375006,15,SB-21-Y-A,2025
45.92944197656245,33,SB-21-Y-A,2025
17115.291345129357,3,SB-21-Y-B,2025
12.340356734374996,4,SB-21-Y-B,2025
304.41664842968817,12,SB-21-Y-B,2025
422.1412855000007,15,SB-21-Y-B,2025
37.86513316406246,25,SB-21-Y-B,2025
431.85906876562456,33,SB-21-Y-B,2025
16875.60706929856,3,SB-21-Y-C,2025
3.013801687500001,4,SB-21-Y-C,2025
41.219441429687485,12,SB-21-Y-C,2025
1426.0244176249394,15,SB-21-Y-C,2025
4.524288218750002,25,SB-21-Y-C,2025
18.53171560156249,33,SB-21-Y-C,2025
12938.268684906658,3,SC-21-V-C,2025
0.352747625,4,SC-21-V-C,2025
17.723630921875,12,SC-21-V-C,2025
5142.981712141038,15,SC-21-V-C,2025
1.7628349453125003,18,SC-21-V-C,2025
16.13659387499997,25,SC-21-V-C,2025
109.5120363671876,33,SC-21-V-C,2025
18204.6148581804,3,SC-21-V-A,2025
0.2654490859375,4,SC-21-V-A,2025
9.374219890625001,12,SC-21-V-A,2025
6.631153492187497,15,SC-21-V-A,2025
54.809228999999945,33,SC-21-V-A,2025
17541.77429478238,3,SC-21-V-B,2025
4.601855328125,4,SC-21-V-B,2025
304.7997518828125,12,SC-21-V-B,2025
111.73096729687495,15,SC-21-V-B,2025
0.971957203125,18,SC-21-V-B,2025
278.8278067500013,33,SC-21-V-B,2025
12100.293961648762,3,SC-21-V-D,2025
3.084588851562499,4,SC-21-V-D,2025
40.30986439843754,12,SC-21-V-D,2025
5827.11185955484,15,SC-21-V-D,2025
8.98716568750001,18,SC-21-V-D,2025
13.661112484375016,25,SC-21-V-D,2025
200.47833852343766,33,SC-21-V-D,2025
16897.38618171205,3,SB-21-Y-D,2025
16.672068874999994,4,SB-21-Y-D,2025
976.6338366406226,12,SB-21-Y-D,2025
102.50979602343747,15,SB-21-Y-D,2025
33.972346703125,25,SB-21-Y-D,2025
302.2059844140623,33,SB-21-Y-D,2025
16344.194327175193,3,SB-21-Z-A,2025
0.26658785937499996,4,SB-21-Z-A,2025
15.015273992187486,12,SB-21-Z-A,2025
1757.4615636484184,15,SB-21-Z-A,2025
1.7765372109375002,18,SB-21-Z-A,2025
151.80182372656196,25,SB-21-Z-A,2025
87.42164516406231,33,SB-21-Z-A,2025
16999.508611165536,3,SB-21-Z-C,2025
5.668849570312499,4,SB-21-Z-C,2025
46.4203341250001,12,SB-21-Z-C,2025
1183.4413212656102,15,SB-21-Z-C,2025
1.4192811875,18,SB-21-Z-C,2025
119.60135124999996,25,SB-21-Z-C,2025
12.9497124375,33,SB-21-Z-C,2025
17109.165762345896,3,SC-21-X-A,2025
94.55232657812508,4,SC-21-X-A,2025
864.8821869062674,12,SC-21-X-A,2025
199.13903775781304,15,SC-21-X-A,2025
1.7683797890624997,18,SC-21-X-A,2025
4.6832329999999995,33,SC-21-X-A,2025
14108.36626357146,3,SC-21-X-B,2025
290.9868247109406,4,SC-21-X-B,2025
508.97648103124214,12,SC-21-X-B,2025
3220.733892937471,15,SC-21-X-B,2025
94.71093687500002,18,SC-21-X-B,2025
6.1045787499999955,25,SC-21-X-B,2025
12.651250179687496,33,SC-21-X-B,2025
14784.44758661827,3,SB-21-Z-D,2025
3.7197766562499988,4,SB-21-Z-D,2025
24.820079882812497,12,SB-21-Z-D,2025
3400.4131336717137,15,SB-21-Z-D,2025
54.877653992187476,18,SB-21-Z-D,2025
11.802524796874998,25,SB-21-Z-D,2025
55.950232382812516,33,SB-21-Z-D,2025
15480.110344853547,3,SB-21-Z-B,2025
5.9524626640625,12,SB-21-Z-B,2025
2755.0402766328675,15,SB-21-Z-B,2025
3.3740830546875,18,SB-21-Z-B,2025
80.50199595312492,33,SB-21-Z-B,2025
17527.227570722538,3,SB-21-X-C,2025
10.416275445312495,12,SB-21-X-C,2025
519.6643083281259,15,SB-21-X-C,2025
0.178089046875,18,SB-21-X-C,2025
78.37555605468745,25,SB-21-X-C,2025
254.87877706249915,33,SB-21-X-C,2025
18214.887019172653,3,SB-21-X-D,2025
0.178081734375,4,SB-21-X-D,2025
5.695585031249999,12,SB-21-X-D,2025
28.743201835937498,15,SB-21-X-D,2025
0.1780226875,18,SB-21-X-D,2025
108.04117862500013,33,SB-21-X-D,2025
14534.087464766679,3,SB-21-X-A,2025
41.18548589843748,12,SB-21-X-A,2025
3202.5661948515485,15,SB-21-X-A,2025
2.1396266562499995,18,SB-21-X-A,2025
30.84627335937501,25,SB-21-X-A,2025
607.262825578123,33,SB-21-X-A,2025
16020.695432042081,3,SB-21-X-B,2025
11.406840359375002,12,SB-21-X-B,2025
2180.4889345233432,15,SB-21-X-B,2025
3.299334554687499,18,SB-21-X-B,2025
6.331320632812504,25,SB-21-X-B,2025
162.7994239531256,33,SB-21-X-B,2025
17503.427744429067,3,SA-21-Z-C,2025
0.1784900390625,4,SA-21-Z-C,2025
54.07979514062517,12,SA-21-Z-C,2025
636.8918836093774,15,SA-21-Z-C,2025
0.5355348203125,18,SA-21-Z-C,2025
241.37894285156304,33,SA-21-Z-C,2025
14557.121043975567,3,SA-21-Z-D,2025
0.1785166015625,4,SA-21-Z-D,2025
17.578949585937483,12,SA-21-Z-D,2025
2834.7909850156725,15,SA-21-Z-D,2025
60.69759725781279,18,SA-21-Z-D,2025
2.8544550078125,25,SA-21-Z-D,2025
929.2721634999953,33,SA-21-Z-D,2025
8159.462045961286,3,SA-21-Z-B,2025
0.7146278359375,4,SA-21-Z-B,2025
785.5792625234556,12,SA-21-Z-B,2025
1951.38203313285,15,SA-21-Z-B,2025
571.3331913671858,18,SA-21-Z-B,2025
70.64992062499998,25,SA-21-Z-B,2025
6386.281062390776,33,SA-21-Z-B,2025
11467.045952078379,3,SA-21-Z-A,2025
0.9825813359375,4,SA-21-Z-A,2025
975.891424828144,12,SA-21-Z-A,2025
1244.5610938593663,15,SA-21-Z-A,2025
11.077030664062493,18,SA-21-Z-A,2025
49.57087451562508,25,SA-21-Z-A,2025
4131.281699945137,33,SA-21-Z-A,2025
14691.63316684166,3,SA-21-Y-D,2025
0.1783918203125,4,SA-21-Y-D,2025
756.4120567734445,12,SA-21-Y-D,2025
546.4745646718715,15,SA-21-Y-D,2025
22.58313253125,25,SA-21-Y-D,2025
2290.063678406247,33,SA-21-Y-D,2025
12497.86682683565,3,SA-21-Y-B,2025
0.35730524218750004,4,SA-21-Y-B,2025
1186.8010227890877,12,SA-21-Y-B,2025
797.6602746406166,15,SA-21-Y-B,2025
2.7685573828125,18,SA-21-Y-B,2025
16.788191320312503,25,SA-21-Y-B,2025
3447.7174604136053,33,SA-21-Y-B,2025
11257.461573810979,3,SA-21-Y-C,2025
3.3009439687499995,4,SA-21-Y-C,2025
1071.6902753827885,12,SA-21-Y-C,2025
2070.6108527499573,15,SA-21-Y-C,2025
144.70365364843772,25,SA-21-Y-C,2025
3586.6924722579847,33,SA-21-Y-C,2025
17707.01010400272,3,SA-21-Y-A,2025
72.78618185156236,12,SA-21-Y-A,2025
385.1621045156228,15,SA-21-Y-A,2025
0.089332875,18,SA-21-Y-A,2025
16.875635187499995,25,SA-21-Y-A,2025
267.5928274921866,33,SA-21-Y-A,2025
18222.484681751983,3,SA-21-V-D,2025
0.2680696953125,4,SA-21-V-D,2025
27.253546015624984,12,SA-21-V-D,2025
27.345573031249984,15,SA-21-V-D,2025
156.8325297265622,33,SA-21-V-D,2025
16237.011891072347,3,SA-21-V-C,2025
102.59626768750041,12,SA-21-V-C,2025
25.822885828124996,15,SA-21-V-C,2025
0.268103203125,18,SA-21-V-C,2025
3.395409640625,25,SA-21-V-C,2025
2097.440504164067,33,SA-21-V-C,2025
13746.132619352793,3,SA-21-X-C,2025
1.4296715156250002,4,SA-21-X-C,2025
676.4319275234338,12,SA-21-X-C,2025
1772.9603964062321,15,SA-21-X-C,2025
2.7698755078125004,18,SA-21-X-C,2025
90.78820367968768,25,SA-21-X-C,2025
2027.3453389140382,33,SA-21-X-C,2025
11688.217856960846,3,SA-21-X-D,2025
0.3575267578125,4,SA-21-X-D,2025
1088.992696210938,12,SA-21-X-D,2025
4702.80389146058,15,SA-21-X-D,2025
7.5947627499999975,18,SA-21-X-D,2025
17.601333390625015,25,SA-21-X-D,2025
695.6669479140421,33,SA-21-X-D,2025
11514.959738976342,3,SA-22-V-C,2025
4.2001875625,4,SA-22-V-C,2025
2158.975539218741,12,SA-22-V-C,2025
2177.062296812591,15,SA-22-V-C,2025
11.527672906249999,18,SA-22-V-C,2025
5.987239312500002,25,SA-22-V-C,2025
1908.341018937481,33,SA-22-V-C,2025
17256.482791000948,3,SB-22-V-A,2025
0.178291953125,4,SB-22-V-A,2025
37.70447825,12,SB-22-V-A,2025
649.7845964531338,15,SB-22-V-A,2025
473.93771345312547,33,SB-22-V-A,2025
12706.464903930017,3,SA-22-Y-C,2025
63.24707974218724,12,SA-22-Y-C,2025
5471.247664726679,15,SA-22-Y-C,2025
6.960844117187502,18,SA-22-Y-C,2025
16.596251750000018,25,SA-22-Y-C,2025
175.45650988281224,33,SA-22-Y-C,2025
16068.4658725242,3,SA-22-Y-A,2025
392.64543724999965,12,SA-22-Y-A,2025
1064.201213812505,15,SA-22-Y-A,2025
10.001574179687497,18,SA-22-Y-A,2025
0.5360201015625,25,SA-22-Y-A,2025
870.7791963515763,33,SA-22-Y-A,2025
13895.641489352347,3,SA-22-V-D,2025
0.2681115234375,4,SA-22-V-D,2025
891.7022467265647,12,SA-22-V-D,2025
909.0321598671972,15,SA-22-V-D,2025
1.16182025875,18,SA-22-V-D,2025
5.004257562499999,25,SA-22-V-D,2025
2463.548350945347,33,SA-22-V-D,2025
14765.629412095286,3,SA-22-Y-B,2025
72.51862560156259,12,SA-22-Y-B,2025
2334.2394987734556,15,SA-22-Y-B,2025
1.250175203125,18,SA-22-Y-B,2025
3.0360776718749984,25,SA-22-Y-B,2025
1271.6771714687418,33,SA-22-Y-B,2025
9787.201915008378,3,SA-22-Y-D,2025
207.59357803124897,12,SA-22-Y-D,2025
7513.370188915507,15,SA-22-Y-D,2025
0.44632107812499994,18,SA-22-Y-D,2025
38.381456484375065,25,SA-22-Y-D,2025
892.9797945703004,33,SA-22-Y-D,2025
18138.01829943379,3,SB-22-V-B,2025
0.97986796875,4,SB-22-V-B,2025
5.4354515234375,12,SB-22-V-B,2025
253.2417233203126,15,SB-22-V-B,2025
20.412528867187508,33,SB-22-V-B,2025
15714.303686899842,3,SA-22-Z-A,2025
2.3224207109375,4,SA-22-Z-A,2025
939.7428588125163,12,SA-22-Z-A,2025
1193.396631445314,15,SA-22-Z-A,2025
1.9645860078124997,18,SA-22-Z-A,2025
14.290924429687493,25,SA-22-Z-A,2025
550.0902801093742,33,SA-22-Z-A,2025
10548.522537000397,3,SA-22-Z-C,2025
1.0704451796875,4,SA-22-Z-C,2025
47.66029367968761,12,SA-22-Z-C,2025
6931.566861624675,15,SA-22-Z-C,2025
4.551013718749999,18,SA-22-Z-C,2025
34.791209273437524,25,SA-22-Z-C,2025
836.1167700546798,33,SA-22-Z-C,2025
16167.476736084944,3,SA-22-X-C,2025
3.2166788828125,4,SA-22-X-C,2025
281.6466938515632,12,SA-22-X-C,2025
110.35770190624984,15,SA-22-X-C,2025
0.5361334843750001,18,SA-22-X-C,2025
18.407157101562497,25,SA-22-X-C,2025
1831.5459364765818,33,SA-22-X-C,2025
9239.35173349167,3,SA-22-X-D,2025
13.048650687499995,4,SA-22-X-D,2025
2554.5687705233513,12,SA-22-X-D,2025
2263.480675851585,15,SA-22-X-D,2025
134.66630286718816,18,SA-22-X-D,2025
423.35162530468733,25,SA-22-X-D,2025
3803.573750327905,33,SA-22-X-D,2025
7511.647056328048,3,SA-23-V-C,2025
0.1787135625,4,SA-23-V-C,2025
64.26195737500008,12,SA-23-V-C,2025
10560.409711741617,15,SA-23-V-C,2025
22.609605304687495,18,SA-23-V-C,2025
143.89023139062533,25,SA-23-V-C,2025
130.74029594531257,33,SA-23-V-C,2025
9834.452015264795,3,SA-23-Y-A,2025
0.0893152578125,4,SA-23-Y-A,2025
38.57845899999998,12,SA-23-Y-A,2025
7785.731858999829,15,SA-23-Y-A,2025
617.2226429375012,18,SA-23-Y-A,2025
47.68954349999996,25,SA-23-Y-A,2025
98.59923638281265,33,SA-23-Y-A,2025
11679.024349203744,3,SA-23-Y-C,2025
0.44609419531250005,4,SA-23-Y-C,2025
14.903524531250014,12,SA-23-Y-C,2025
5484.327262484532,15,SA-23-Y-C,2025
1122.2240093203125,18,SA-23-Y-C,2025
72.91976871093759,25,SA-23-Y-C,2025
29.72075896874995,33,SA-23-Y-C,2025
12906.135744445308,3,SA-22-Z-D,2025
2.141613507812499,4,SA-22-Z-D,2025
25.79151712500003,12,SA-22-Z-D,2025
5295.640725796677,15,SA-22-Z-D,2025
140.20869499218782,18,SA-22-Z-D,2025
5.530519367187499,25,SA-22-Z-D,2025
59.6151998515625,33,SA-22-Z-D,2025
11211.387718392574,3,SA-22-Z-B,2025
4.465900703124999,4,SA-22-Z-B,2025
553.3741305156217,12,SA-22-Z-B,2025
5022.308581382355,15,SA-22-Z-B,2025
1029.6447360468962,18,SA-22-Z-B,2025
39.02667650781251,25,SA-22-Z-B,2025
508.5625299453079,33,SA-22-Z-B,2025
8598.525643500046,3,SB-22-X-A,2025
0.8020280703125,4,SB-22-X-A,2025
11.676443765624997,12,SB-22-X-A,2025
8297.774149218498,15,SB-22-X-A,2025
1.8716277421874998,18,SB-22-X-A,2025
8.113464671875006,25,SB-22-X-A,2025
1465.4557839687448,33,SB-22-X-A,2025
7558.639252234414,3,SB-22-X-B,2025
0.623651890625,4,SB-22-X-B,2025
22.278291593749998,12,SB-22-X-B,2025
9569.958979132618,15,SB-22-X-B,2025
333.3992118203156,18,SB-22-X-B,2025
27.266936070312525,25,SB-22-X-B,2025
894.8741589843788,33,SB-22-X-B,2025
9015.284446890953,3,SB-22-X-C,2025
8.361986406249999,4,SB-22-X-C,2025
8.808445804687496,12,SB-22-X-C,2025
9231.597066243015,15,SB-22-X-C,2025
1.6020191250000002,18,SB-22-X-C,2025
55.239039968750035,25,SB-22-X-C,2025
36.56325859375001,33,SB-22-X-C,2025
4377.4756126176935,3,SB-22-X-D,2025
448.60208599999623,4,SB-22-X-D,2025
136.19904891406293,12,SB-22-X-D,2025
12686.005701161326,15,SB-22-X-D,2025
5.6974061171875015,18,SB-22-X-D,2025
105.57014278125001,25,SB-22-X-D,2025
590.6884455000062,33,SB-22-X-D,2025
6293.207446360133,3,SB-23-V-C,2025
2540.6152198203727,4,SB-23-V-C,2025
71.997933484375,12,SB-23-V-C,2025
8900.948007532097,15,SB-23-V-C,2025
33.83856428125001,18,SB-23-V-C,2025
205.9341055078121,25,SB-23-V-C,2025
117.55087182031255,33,SB-23-V-C,2025
7201.138386890548,3,SB-23-V-A,2025
2.0490475859375006,4,SB-23-V-A,2025
6.507394757812499,12,SB-23-V-A,2025
8968.306026468399,15,SB-23-V-A,2025
1727.5742756249829,18,SB-23-V-A,2025
43.48526818750002,25,SB-23-V-A,2025
20.144467835937498,33,SB-23-V-A,2025
3242.6442760781056,3,SB-23-Y-A,2025
9751.364002680224,4,SB-23-Y-A,2025
1397.260138335921,12,SB-23-Y-A,2025
3164.9141087578096,15,SB-23-Y-A,2025
110.72981067187548,18,SB-23-Y-A,2025
57.83560210937479,25,SB-23-Y-A,2025
187.2329346562502,33,SB-23-Y-A,2025
3209.983981562372,3,SB-22-Z-D,2025
2823.4915581795,4,SB-22-Z-D,2025
779.0219871171696,12,SB-22-Z-D,2025
11056.16007868047,15,SB-22-Z-D,2025
97.31984365625007,18,SB-22-Z-D,2025
110.13484016406242,25,SB-22-Z-D,2025
232.53295506250004,33,SB-22-Z-D,2025
2608.002048437522,3,SC-22-X-B,2025
5338.966748383127,4,SC-22-X-B,2025
939.9717803437445,12,SC-22-X-B,2025
8075.652033709825,15,SC-22-X-B,2025
717.1975994140536,18,SC-22-X-B,2025
101.98069284374975,25,SC-22-X-B,2025
223.97918120312602,33,SC-22-X-B,2025
3631.6693583906076,3,SB-22-Z-B,2025
618.0536871249963,4,SB-22-Z-B,2025
196.63106792187452,12,SB-22-Z-B,2025
13495.594413999956,15,SB-22-Z-B,2025
53.28770646093768,18,SB-22-Z-B,2025
23.19208585156249,25,SB-22-Z-B,2025
276.7678734140627,33,SB-22-Z-B,2025
8822.321552266418,3,SB-22-Z-A,2025
268.00922189843783,4,SB-22-Z-A,2025
82.73031506250001,12,SB-22-Z-A,2025
8917.371039710692,15,SB-22-Z-A,2025
12.787620367187499,18,SB-22-Z-A,2025
206.6529645234382,25,SB-22-Z-A,2025
12.8854425390625,33,SB-22-Z-A,2025
4907.156583663794,3,SB-22-Z-C,2025
1120.7598028671832,4,SB-22-Z-C,2025
456.12207674218945,12,SB-22-Z-C,2025
11656.051405757187,15,SB-22-Z-C,2025
26.498094335937513,18,SB-22-Z-C,2025
84.9976085546875,25,SB-22-Z-C,2025
10.4604851328125,33,SB-22-Z-C,2025
4020.4536791328314,3,SC-22-X-A,2025
2605.717323406264,4,SC-22-X-A,2025
507.97484461718676,12,SC-22-X-A,2025
10189.133371593587,15,SC-22-X-A,2025
422.2491131171885,18,SC-22-X-A,2025
40.35892233593748,25,SC-22-X-A,2025
113.20111310156321,33,SC-22-X-A,2025
16530.02197375999,3,SB-22-Y-D,2025
759.3693746015555,4,SB-22-Y-D,2025
557.014303124997,12,SB-22-Y-D,2025
429.0445477109303,15,SB-22-Y-D,2025
1.4180928593750002,18,SB-22-Y-D,2025
13.033278734375001,25,SB-22-Y-D,2025
69.09469364062498,33,SB-22-Y-D,2025
13021.976111789983,3,SC-22-V-B,2025
749.3401352187552,4,SC-22-V-B,2025
1076.1841186640504,12,SC-22-V-B,2025
3205.88686714071,15,SC-22-V-B,2025
78.82672507812522,18,SC-22-V-B,2025
8.7656924375,25,SC-22-V-B,2025
125.25181356250033,33,SC-22-V-B,2025
17996.975337814594,3,SC-22-V-A,2025
83.8154288437499,4,SC-22-V-A,2025
14.863313898437498,12,SC-22-V-A,2025
17.686559976562503,15,SC-22-V-A,2025
0.6192746484375,18,SC-22-V-A,2025
161.64664525781274,33,SC-22-V-A,2025
17835.668714860272,3,SB-22-Y-C,2025
16.308825960937504,4,SB-22-Y-C,2025
64.18958367968753,12,SB-22-Y-C,2025
240.6221493906262,15,SB-22-Y-C,2025
0.265684359375,18,SB-22-Y-C,2025
211.59990234375007,33,SB-22-Y-C,2025
6575.038334586379,3,SB-22-Y-B,2025
185.94752526562485,4,SB-22-Y-B,2025
43.33692266406255,12,SB-22-Y-B,2025
11135.389204975649,15,SB-22-Y-B,2025
3.2870791328124995,18,SB-22-Y-B,2025
133.12807718749974,25,SB-22-Y-B,2025
281.63307563281325,33,SB-22-Y-B,2025
14038.189403360513,3,SB-22-Y-A,2025
36.25230316406255,4,SB-22-Y-A,2025
117.59178978125011,12,SB-22-Y-A,2025
4100.409513374928,15,SB-22-Y-A,2025
1.599697203125,18,SB-22-Y-A,2025
63.895051890625005,33,SB-22-Y-A,2025
15225.102192433611,3,SB-22-V-D,2025
151.88285573437568,4,SB-22-V-D,2025
3.0255273359375,12,SB-22-V-D,2025
2988.6667769142487,15,SB-22-V-D,2025
1.8677306796875,18,SB-22-V-D,2025
11.6515901484375,25,SB-22-V-D,2025
8.543903414062502,33,SB-22-V-D,2025
17209.032534068072,3,SB-22-V-C,2025
2.4909073671875004,4,SB-22-V-C,2025
113.31428341406243,12,SB-22-V-C,2025
804.5134654843994,15,SB-22-V-C,2025
0.1779348828125,18,SB-22-V-C,2025
0.17790830468750002,25,SB-22-V-C,2025
261.0335431406255,33,SB-22-V-C,2025
11931.501827360164,3,SC-21-X-D,2025
398.1112707968727,4,SC-21-X-D,2025
830.3930872343687,12,SC-21-X-D,2025
4567.86212878153,15,SC-21-X-D,2025
412.56665528124574,18,SC-21-X-D,2025
25.192979828125033,25,SC-21-X-D,2025
25.918586765624973,33,SC-21-X-D,2025
17063.250076149467,3,SC-22-V-C,2025
294.11070203124905,4,SC-22-V-C,2025
140.89675488281247,12,SC-22-V-C,2025
524.122750101559,15,SC-22-V-C,2025
99.64548955468774,18,SC-22-V-C,2025
81.27607417968748,33,SC-22-V-C,2025
13547.929198429803,3,SC-22-Y-A,2025
151.195556421875,4,SC-22-Y-A,2025
34.388312031249974,12,SC-22-Y-A,2025
3661.206902773467,15,SC-22-Y-A,2025
586.3117518437539,18,SC-22-Y-A,2025
1.4056691171875002,25,SC-22-Y-A,2025
167.9501542578125,33,SC-22-Y-A,2025
7197.492267727598,3,SC-21-Z-B,2025
10.204261976562497,4,SC-21-Z-B,2025
42.466533171875014,12,SC-21-Z-B,2025
9144.69704321302,15,SC-21-Z-B,2025
1516.2626408906644,18,SC-21-Z-B,2025
178.38273403906234,25,SC-21-Z-B,2025
46.712614679687476,33,SC-21-Z-B,2025
15185.46377730365,3,SC-22-Y-C,2025
146.95929746875007,4,SC-22-Y-C,2025
98.84140937499996,12,SC-22-Y-C,2025
738.7515563671811,15,SC-22-Y-C,2025
1363.8839531718975,18,SC-22-Y-C,2025
377.49592673437456,33,SC-22-Y-C,2025
11158.56796415611,3,SC-21-Z-D,2025
0.5267761718749999,4,SC-21-Z-D,2025
80.59058744531222,12,SC-21-Z-D,2025
2596.531194734469,15,SC-21-Z-D,2025
4061.702774906264,18,SC-21-Z-D,2025
41.3475126328125,25,SC-21-Z-D,2025
140.44696604687468,33,SC-21-Z-D,2025
10925.53546796806,3,SD-21-X-B,2025
45.92710912500007,4,SD-21-X-B,2025
24.914266749999975,12,SD-21-X-B,2025
1958.3469616327682,15,SD-21-X-B,2025
4995.993184374988,18,SD-21-X-B,2025
10.484273750000007,25,SD-21-X-B,2025
52.32260261718748,33,SD-21-X-B,2025
6420.8381040939885,3,SD-21-X-D,2025
3402.3527101952996,4,SD-21-X-D,2025
99.86737867968746,12,SD-21-X-D,2025
1967.9414157109663,15,SD-21-X-D,2025
5695.81558321103,18,SD-21-X-D,2025
22.622174328125002,25,SD-21-X-D,2025
20.87455341406252,33,SD-21-X-D,2025
14519.398130304386,3,SD-22-V-A,2025
982.5229800156293,4,SD-22-V-A,2025
168.03220510937547,12,SD-22-V-A,2025
482.3388499140623,15,SD-22-V-A,2025
1154.7780838671947,18,SD-22-V-A,2025
372.28232629687267,33,SD-22-V-A,2025
4480.774630452956,3,SD-22-V-C,2025
4475.299400382793,4,SD-22-V-C,2025
339.56337119531105,12,SD-22-V-C,2025
4145.398644124939,15,SD-22-V-C,2025
4010.5630147653337,18,SD-22-V-C,2025
4.783999374999999,25,SD-22-V-C,2025
69.78985499218749,33,SD-22-V-C,2025
5884.056604283144,3,SC-22-Y-B,2025
972.9846936093936,4,SC-22-Y-B,2025
188.07309131250094,12,SC-22-Y-B,2025
7945.189300392654,15,SC-22-Y-B,2025
1937.2366628438515,18,SC-22-Y-B,2025
24.533064398437496,25,SC-22-Y-B,2025
33.50893328124995,33,SC-22-Y-B,2025
5588.609596062146,3,SC-22-Y-D,2025
2264.4707759062167,4,SC-22-Y-D,2025
264.43434534374927,12,SC-22-Y-D,2025
4907.655925984289,15,SC-22-Y-D,2025
2616.3043107031795,18,SC-22-Y-D,2025
8.326922789062495,25,SC-22-Y-D,2025
60.18500595312486,33,SC-22-Y-D,2025
5157.399218093768,3,SD-22-V-B,2025
2252.1022933826944,4,SD-22-V-B,2025
423.62025156249933,12,SD-22-V-B,2025
3656.4191866013985,15,SD-22-V-B,2025
4243.387597257787,18,SD-22-V-B,2025
16.409771843749994,25,SD-22-V-B,2025
133.98893830468757,33,SD-22-V-B,2025
1791.9482857188061,3,SD-22-V-D,2025
5708.88237824231,4,SD-22-V-D,2025
485.49422855468805,12,SD-22-V-D,2025
3138.4626837968167,15,SD-22-V-D,2025
2472.2758603592333,18,SD-22-V-D,2025
27.822464101562524,25,SD-22-V-D,2025
77.61777181249984,33,SD-22-V-D,2025
4624.430389593668,3,SC-22-Z-A,2025
3269.832705992289,4,SC-22-Z-A,2025
542.6817516562533,12,SC-22-Z-A,2025
2282.352950210983,15,SC-22-Z-A,2025
1052.2451996249813,18,SC-22-Z-A,2025
69.90991775781248,25,SC-22-Z-A,2025
288.98138056250065,33,SC-22-Z-A,2025
6249.3475072269575,3,SC-22-X-C,2025
2184.448106007829,4,SC-22-X-C,2025
360.85182717187513,12,SC-22-X-C,2025
6705.903029969737,15,SC-22-X-C,2025
1505.1316653593833,18,SC-22-X-C,2025
74.35578169531259,25,SC-22-X-C,2025
230.31325346874996,33,SC-22-X-C,2025
10123.246304539947,3,SC-22-V-D,2025
491.68033932031057,4,SC-22-V-D,2025
206.65386562500157,12,SC-22-V-D,2025
7019.670065843561,15,SC-22-V-D,2025
231.11057397656188,18,SC-22-V-D,2025
146.43648595312493,33,SC-22-V-D,2025
1979.216383023492,3,SC-22-X-D,2025
8563.317315055237,4,SC-22-X-D,2025
921.2093860703001,12,SC-22-X-D,2025
5145.457327774102,15,SC-22-X-D,2025
896.7763028359205,18,SC-22-X-D,2025
71.34819509375004,25,SC-22-X-D,2025
158.33442556250031,33,SC-22-X-D,2025
2996.072901203054,3,SE-21-V-B,2025
3065.463875390642,4,SE-21-V-B,2025
5296.210325023398,12,SE-21-V-B,2025
3692.4405110468974,15,SE-21-V-B,2025
66.87536067187506,18,SE-21-V-B,2025
39.467321765624924,25,SE-21-V-B,2025
408.434851515625,33,SE-21-V-B,2025
472.35108813281136,3,SE-21-V-A,2025
779.6040606015896,4,SE-21-V-A,2025
317.61763174219107,12,SE-21-V-A,2025
3478.4251413359743,15,SE-21-V-A,2025
33.267011515624965,18,SE-21-V-A,2025
23.20672863281254,33,SE-21-V-A,2025
2194.3999783437866,3,SD-21-Y-C,2025
3278.5898398751815,4,SD-21-Y-C,2025
339.55483500781185,12,SD-21-Y-C,2025
11275.833395287254,15,SD-21-Y-C,2025
296.76195708593775,18,SD-21-Y-C,2025
35.31157475781254,25,SD-21-Y-C,2025
54.101518773437604,33,SD-21-Y-C,2025
4541.79994064079,3,SD-21-Y-D,2025
1831.0737671094264,4,SD-21-Y-D,2025
421.3829297031257,12,SD-21-Y-D,2025
10119.279350625582,15,SD-21-Y-D,2025
362.1825656640628,18,SD-21-Y-D,2025
49.941626195312494,25,SD-21-Y-D,2025
125.0306707812502,33,SD-21-Y-D,2025
32.50583747656251,3,SE-20-X-B,2025
90.4531836562491,4,SE-20-X-B,2025
4.556867906249999,12,SE-20-X-B,2025
457.2229408203131,15,SE-20-X-B,2025
1.6333459296875,18,SE-20-X-B,2025
2.0631605,33,SE-20-X-B,2025
524.9448139062495,3,SD-20-Z-D,2025
925.8568133671874,4,SD-20-Z-D,2025
45.728876078125026,12,SD-20-Z-D,2025
1759.9610333906705,15,SD-20-Z-D,2025
13.877467414062503,18,SD-20-Z-D,2025
80.08937709374999,33,SD-20-Z-D,2025
1484.4762193905956,3,SD-20-Z-B,2025
251.93932927343604,4,SD-20-Z-B,2025
466.34564360937645,12,SD-20-Z-B,2025
1676.5273717812513,15,SD-20-Z-B,2025
338.81133856250085,18,SD-20-Z-B,2025
44.54368955468748,33,SD-20-Z-B,2025
3749.2933102658294,3,SD-21-Y-A,2025
4511.453961921951,4,SD-21-Y-A,2025
5607.1478208677345,12,SD-21-Y-A,2025
3047.3537650391804,15,SD-21-Y-A,2025
804.4425643203137,18,SD-21-Y-A,2025
58.71571188281259,25,SD-21-Y-A,2025
32.79823699999996,33,SD-21-Y-A,2025
2993.945655914207,3,SD-21-Y-B,2025
2594.78375407029,4,SD-21-Y-B,2025
3108.9948786015766,12,SD-21-Y-B,2025
4749.918623538594,15,SD-21-Y-B,2025
3989.7958305078782,18,SD-21-Y-B,2025
69.28290712500018,25,SD-21-Y-B,2025
50.289053859374945,33,SD-21-Y-B,2025
5754.795451015456,3,SD-21-V-D,2025
2570.912039101542,4,SD-21-V-D,2025
2104.09179378911,12,SD-21-V-D,2025
1134.7978069999663,15,SD-21-V-D,2025
6248.258472843458,18,SD-21-V-D,2025
50.443218,25,SD-21-V-D,2025
8.443717953125002,33,SD-21-V-D,2025
7294.016670851281,3,SD-21-X-C,2025
929.1793981640577,4,SD-21-X-C,2025
108.97730530468733,12,SD-21-X-C,2025
1526.6371238516085,15,SD-21-X-C,2025
7843.616509109015,18,SD-21-X-C,2025
93.36104135156215,25,SD-21-X-C,2025
33.592800179687494,33,SD-21-X-C,2025
3880.78550327356,3,SD-21-Z-A,2025
6422.727543187201,4,SD-21-Z-A,2025
108.17266963281166,12,SD-21-Z-A,2025
3843.8288079533,15,SD-21-Z-A,2025
2837.097135124881,18,SD-21-Z-A,2025
93.82848114843756,25,SD-21-Z-A,2025
266.80523174999695,33,SD-21-Z-A,2025
2949.72604473444,3,SD-21-Z-C,2025
8508.886601844386,4,SD-21-Z-C,2025
235.72025157812426,12,SD-21-Z-C,2025
4859.733363640854,15,SD-21-Z-C,2025
166.15405687499938,18,SD-21-Z-C,2025
370.14345453906185,25,SD-21-Z-C,2025
166.99328071093774,33,SD-21-Z-C,2025
6227.804548515115,3,SD-21-X-A,2025
372.4148601328125,4,SD-21-X-A,2025
44.247497734374974,12,SD-21-X-A,2025
1367.3089942812799,15,SD-21-X-A,2025
9814.241326999329,18,SD-21-X-A,2025
87.74309695312486,25,SD-21-X-A,2025
85.48065941406252,33,SD-21-X-A,2025
11334.956388882058,3,SD-21-V-B,2025
1203.558641320312,4,SD-21-V-B,2025
161.82734776562518,12,SD-21-V-B,2025
2678.0822007811053,15,SD-21-V-B,2025
2568.368710523357,18,SD-21-V-B,2025
18.688456132812483,25,SD-21-V-B,2025
36.43416655468749,33,SD-21-V-B,2025
10004.282658756825,3,SC-21-Y-D,2025
19.6306792890625,12,SC-21-Y-D,2025
6463.000273171831,15,SC-21-Y-D,2025
1436.407743804706,18,SC-21-Y-D,2025
16.48841082031252,25,SC-21-Y-D,2025
139.81641949218766,33,SC-21-Y-D,2025
9312.256585248995,3,SC-21-Z-C,2025
57.61478205468755,4,SC-21-Z-C,2025
134.06668027343736,12,SC-21-Z-C,2025
2576.848983742214,15,SC-21-Z-C,2025
5774.416614585723,18,SC-21-Z-C,2025
60.493817257812545,25,SC-21-Z-C,2025
187.6014712656252,33,SC-21-Z-C,2025
8957.610313282525,3,SC-21-Z-A,2025
40.76252762499996,4,SC-21-Z-A,2025
506.4153912500002,12,SC-21-Z-A,2025
7833.814745143546,15,SC-21-Z-A,2025
646.5595945390655,18,SC-21-Z-A,2025
5.366061351562501,25,SC-21-Z-A,2025
178.31832447656274,33,SC-21-Z-A,2025
11051.295297265506,3,SC-21-X-C,2025
9.268554476562498,4,SC-21-X-C,2025
99.35091446093747,12,SC-21-X-C,2025
6468.370620086646,15,SC-21-X-C,2025
288.0853873437493,18,SC-21-X-C,2025
31.89772213281244,25,SC-21-X-C,2025
277.67629856249704,33,SC-21-X-C,2025
11434.928431313205,3,SC-21-Y-B,2025
15.644313015624991,4,SC-21-Y-B,2025
324.9235884140658,12,SC-21-Y-B,2025
6164.285599025156,15,SC-21-Y-B,2025
8.702052984375003,18,SC-21-Y-B,2025
2.287644421875,25,SC-21-Y-B,2025
188.43869117187504,33,SC-21-Y-B,2025
13798.146042273582,3,SC-21-Y-C,2025
80.07662564843773,4,SC-21-Y-C,2025
40.89110710937494,12,SC-21-Y-C,2025
4134.564501820257,15,SC-21-Y-C,2025
27.9547939140625,18,SC-21-Y-C,2025
20.42987978906253,25,SC-21-Y-C,2025
10.168296359375002,33,SC-21-Y-C,2025
12891.68837187647,3,SC-21-Y-A,2025
6.156727812499998,4,SC-21-Y-A,2025
173.57771531250012,12,SC-21-Y-A,2025
5029.456675282558,15,SC-21-Y-A,2025
37.43195344531251,18,SC-21-Y-A,2025
9.945928960937485,25,SC-21-Y-A,2025
23.92980243749997,33,SC-21-Y-A,2025
16060.048221032117,3,SC-20-Z-B,2025
5.274676593750001,4,SC-20-Z-B,2025
27.966640554687483,12,SC-20-Z-B,2025
2001.5150023124993,15,SC-20-Z-B,2025
1.5826771171875,18,SC-20-Z-B,2025
42.384349851562455,33,SC-20-Z-B,2025
10654.949040662734,3,SC-20-Z-D,2025
121.20990390625019,4,SC-20-Z-D,2025
531.9816675859361,12,SC-20-Z-D,2025
6630.13779933564,15,SC-20-Z-D,2025
23.918791156249995,18,SC-20-Z-D,2025
51.09605432812495,25,SC-20-Z-D,2025
50.91936057031255,33,SC-20-Z-D,2025
9496.446010249216,3,SD-20-X-B,2025
629.2314032968734,4,SD-20-X-B,2025
517.4619261093732,12,SD-20-X-B,2025
6102.1908905702385,15,SD-20-X-B,2025
1087.7504444453152,18,SD-20-X-B,2025
88.05921517968765,25,SD-20-X-B,2025
77.63983533593772,33,SD-20-X-B,2025
5604.874126320157,3,SD-20-X-D,2025
1177.1357274765398,4,SD-20-X-D,2025
290.3142222343759,12,SD-20-X-D,2025
4274.575518765373,15,SD-20-X-D,2025
1535.3719098828615,18,SD-20-X-D,2025
20.119458164062465,25,SD-20-X-D,2025
74.77322881249997,33,SD-20-X-D,2025
9666.075471960174,3,SD-21-V-A,2025
7318.864063358986,4,SD-21-V-A,2025
153.55427408593738,12,SD-21-V-A,2025
330.6117740390623,15,SD-21-V-A,2025
499.7245144218721,18,SD-21-V-A,2025
45.04437329687498,25,SD-21-V-A,2025
21.67138732031252,33,SD-21-V-A,2025
5990.516168148582,3,SD-21-V-C,2025
4444.3121741172845,4,SD-21-V-C,2025
919.8875089687364,12,SD-21-V-C,2025
1145.4750492890616,15,SD-21-V-C,2025
5206.834502663721,18,SD-21-V-C,2025
62.52994632031242,25,SD-21-V-C,2025
18.45687302343749,33,SD-21-V-C,2025
1263.6225646405778,3,SD-20-X-C,2025
1742.6361387735083,4,SD-20-X-C,2025
595.2939253828097,12,SD-20-X-C,2025
136.6477746874993,15,SD-20-X-C,2025
4.439050554687501,18,SD-20-X-C,2025
122.88771285937416,33,SD-20-X-C,2025
4747.0231002420815,3,SD-20-V-B,2025
3.2322372421875,4,SD-20-V-B,2025
974.7705684218798,12,SD-20-V-B,2025
3583.9810187109133,15,SD-20-V-B,2025
3.2366249609375015,18,SD-20-V-B,2025
14.513595796874991,25,SD-20-V-B,2025
137.98955429687493,33,SD-20-V-B,2025
10898.030859586226,3,SD-20-X-A,2025
171.15946367968743,4,SD-20-X-A,2025
1905.1466761796755,12,SD-20-X-A,2025
4510.3095109842925,15,SD-20-X-A,2025
141.49010135937522,18,SD-20-X-A,2025
3.9351928671875003,25,SD-20-X-A,2025
55.75779577343751,33,SD-20-X-A,2025
4814.900900390423,3,SC-20-Z-C,2025
3.0692329531249993,4,SC-20-Z-C,2025
454.1991835312477,12,SC-20-Z-C,2025
12562.943472069728,15,SC-20-Z-C,2025
163.70775610937505,18,SC-20-Z-C,2025
61.59970457812497,25,SC-20-Z-C,2025
50.40750617968746,33,SC-20-Z-C,2025
5325.539179018115,3,SC-20-Z-A,2025
0.967268546875,4,SC-20-Z-A,2025
58.37181775000025,12,SC-20-Z-A,2025
12628.983011087828,15,SC-20-Z-A,2025
4.663971242187501,18,SC-20-Z-A,2025
75.74641703906241,25,SC-20-Z-A,2025
77.73985300781247,33,SC-20-Z-A,2025
9845.794422828763,3,SC-20-Y-B,2025
3.426574046874999,4,SC-20-Y-B,2025
129.6390519609373,12,SC-20-Y-B,2025
8100.564169602979,15,SC-20-Y-B,2025
8.715084718750003,18,SC-20-Y-B,2025
26.40160611718746,25,SC-20-Y-B,2025
56.50303028906237,33,SC-20-Y-B,2025
14788.328005491105,3,SC-20-Y-D,2025
34.10258667187508,4,SC-20-Y-D,2025
1088.7509941172118,12,SC-20-Y-D,2025
2143.5786671718292,15,SC-20-Y-D,2025
34.331017140624894,18,SC-20-Y-D,2025
2.977275625,25,SC-20-Y-D,2025
18.496769617187503,33,SC-20-Y-D,2025
479.24617677343673,3,SD-20-V-A,2025
0.1748711328125,4,SD-20-V-A,2025
120.59466283593815,12,SD-20-V-A,2025
51.42583865625009,15,SD-20-V-A,2025
58.24253482031242,33,SD-20-V-A,2025
8146.103954436999,3,SC-20-Y-C,2025
7.7177748046875,4,SC-20-Y-C,2025
324.7870492812477,12,SC-20-Y-C,2025
174.40445534375,15,SC-20-Y-C,2025
162.4043939765623,33,SC-20-Y-C,2025
6253.622051360295,3,SC-20-Y-A,2025
6.503628515625001,4,SC-20-Y-A,2025
96.31289235156216,12,SC-20-Y-A,2025
3690.1545052107263,15,SC-20-Y-A,2025
21.09433433593751,25,SC-20-Y-A,2025
102.88210025000001,33,SC-20-Y-A,2025
